step,d0_x,d0_y,d0_z,d0_gx,d0_gy,d0_gz,d1_x,d1_y,d1_z,d1_gx,d1_gy,d1_gz,d2_x,d2_y,d2_z,d2_gx,d2_gy,d2_gz,d3_x,d3_y,d3_z,d3_gx,d3_gy,d3_gz,d4_x,d4_y,d4_z,d4_gx,d4_gy,d4_gz,d5_x,d5_y,d5_z,d5_gx,d5_gy,d5_gz,d6_x,d6_y,d6_z,d6_gx,d6_gy,d6_gz,d7_x,d7_y,d7_z,d7_gx,d7_gy,d7_gz
0,0.4050,0.4436,0.5013,0.2188,0.0541,1.0000,0.9273,0.4049,0.4991,-0.2812,0.0541,1.0000,-0.8604,-0.9258,0.5013,-0.0312,-0.3789,1.0000,0.6559,0.3477,0.5004,-0.0312,0.4871,1.0000,0.4482,-0.4804,0.5013,0.4688,-0.3789,1.0000,0.4157,-0.9001,0.4998,-0.5312,-0.3789,1.0000,0.1787,-0.5358,0.5013,0.7188,0.0541,1.0000,0.8317,0.8161,0.4989,-0.5312,0.4871,1.0000
1,0.4049,0.4435,0.5050,0.2188,0.0541,1.0000,0.9273,0.4049,0.4974,-0.2812,0.0541,1.0000,-0.8603,-0.9257,0.5050,-0.0312,-0.3789,1.0000,0.6558,0.3476,0.5020,-0.0312,0.4871,1.0000,0.4482,-0.4805,0.5050,0.4688,-0.3789,1.0000,0.4156,-0.9001,0.5000,-0.5312,-0.3789,1.0000,0.1788,-0.5358,0.5050,0.7188,0.0541,1.0000,0.8318,0.8162,0.4964,-0.5312,0.4871,1.0000
2,0.4043,0.4429,0.5113,0.2188,0.0541,1.0000,0.9267,0.4045,0.4955,-0.2812,0.0541,1.0000,-0.8598,-0.9254,0.5118,-0.0312,-0.3789,1.0000,0.6550,0.3475,0.5051,-0.0312,0.4871,1.0000,0.4480,-0.4806,0.5117,0.4688,-0.3789,1.0000,0.4151,-0.9000,0.5011,-0.5312,-0.3789,1.0000,0.1789,-0.5355,0.5118,0.7188,0.0541,1.0000,0.8312,0.8158,0.4935,-0.5312,0.4871,1.0000
3,0.4032,0.4418,0.5196,0.2188,0.0541,1.0000,0.9252,0.4036,0.4939,-0.2812,0.0541,1.0000,-0.8589,-0.9247,0.5220,-0.0312,-0.3789,1.0000,0.6537,0.3471,0.5094,-0.0312,0.4871,1.0000,0.4476,-0.4809,0.5210,0.4688,-0.3789,1.0000,0.4138,-0.9000,0.5033,-0.5312,-0.3789,1.0000,0.1793,-0.5348,0.5219,0.7188,0.0541,1.0000,0.8296,0.8149,0.4908,-0.5312,0.4871,1.0000
4,0.4017,0.4404,0.5289,0.2188,0.0541,1.0000,0.9230,0.4020,0.4928,-0.2812,0.0541,1.0000,-0.8575,-0.9239,0.5354,-0.0312,-0.3789,1.0000,0.6519,0.3466,0.5143,-0.0312,0.4871,1.0000,0.4472,-0.4813,0.5317,0.4688,-0.3789,1.0000,0.4120,-0.9000,0.5060,-0.5312,-0.3789,1.0000,0.1797,-0.5341,0.5349,0.7188,0.0541,1.0000,0.8271,0.8135,0.4884,-0.5312,0.4871,1.0000
5,0.3999,0.4386,0.5384,0.2188,0.0541,1.0000,0.9200,0.4000,0.4921,-0.2812,0.0541,1.0000,-0.8558,-0.9230,0.5512,-0.0312,-0.3789,1.0000,0.6496,0.3460,0.5194,-0.0312,0.4871,1.0000,0.4467,-0.4817,0.5432,0.4688,-0.3789,1.0000,0.4095,-0.9000,0.5092,-0.5312,-0.3789,1.0000,0.1801,-0.5331,0.5496,0.7188,0.0541,1.0000,0.8237,0.8115,0.4865,-0.5312,0.4871,1.0000
6,0.3976,0.4364,0.5479,0.2188,0.0541,1.0000,0.9158,0.3974,0.4920,-0.2812,0.0541,1.0000,-0.8534,-0.9217,0.5686,-0.0312,-0.3789,1.0000,0.6465,0.3452,0.5251,-0.0312,0.4871,1.0000,0.4460,-0.4823,0.5548,0.4688,-0.3789,1.0000,0.4060,-0.9000,0.5131,-0.5312,-0.3789,1.0000,0.1808,-0.5318,0.5652,0.7188,0.0541,1.0000,0.8191,0.8089,0.4852,-0.5312,0.4871,1.0000
7,0.3949,0.4338,0.5572,0.2188,0.0541,1.0000,0.9103,0.3941,0.4925,-0.2812,0.0541,1.0000,-0.8505,-0.9203,0.5869,-0.0312,-0.3789,1.0000,0.6427,0.3442,0.5311,-0.0312,0.4871,1.0000,0.4452,-0.4831,0.5658,0.4688,-0.3789,1.0000,0.4015,-0.8999,0.5175,-0.5312,-0.3789,1.0000,0.1817,-0.5303,0.5814,0.7188,0.0541,1.0000,0.8128,0.8056,0.4847,-0.5312,0.4871,1.0000
8,0.3918,0.4309,0.5659,0.2188,0.0541,1.0000,0.9035,0.3903,0.4934,-0.2812,0.0541,1.0000,-0.8472,-0.9187,0.6054,-0.0312,-0.3789,1.0000,0.6382,0.3432,0.5369,-0.0312,0.4871,1.0000,0.4445,-0.4838,0.5762,0.4688,-0.3789,1.0000,0.3962,-0.8998,0.5219,-0.5312,-0.3789,1.0000,0.1825,-0.5286,0.5977,0.7188,0.0541,1.0000,0.8048,0.8018,0.4848,-0.5312,0.4871,1.0000
9,0.3885,0.4277,0.5742,0.2188,0.0541,1.0000,0.8958,0.3860,0.4943,-0.2812,0.0541,1.0000,-0.8436,-0.9172,0.6238,-0.0312,-0.3789,1.0000,0.6332,0.3422,0.5426,-0.0312,0.4871,1.0000,0.4438,-0.4846,0.5862,0.4688,-0.3789,1.0000,0.3900,-0.8998,0.5260,-0.5312,-0.3789,1.0000,0.1834,-0.5268,0.6137,0.7188,0.0541,1.0000,0.7956,0.7976,0.4851,-0.5312,0.4871,1.0000
10,0.3845,0.4240,0.5824,0.2188,0.0541,1.0000,0.8871,0.3814,0.4950,-0.2812,0.0541,1.0000,-0.8394,-0.9154,0.6418,-0.0312,-0.3789,1.0000,0.6274,0.3410,0.5483,-0.0312,0.4871,1.0000,0.4429,-0.4856,0.5962,0.4688,-0.3789,1.0000,0.3829,-0.8997,0.5301,-0.5312,-0.3789,1.0000,0.1845,-0.5248,0.6294,0.7188,0.0541,1.0000,0.7851,0.7930,0.4854,-0.5312,0.4871,1.0000
11,0.3801,0.4200,0.5906,0.2188,0.0541,1.0000,0.8773,0.3763,0.4955,-0.2812,0.0541,1.0000,-0.8346,-0.9134,0.6596,-0.0312,-0.3789,1.0000,0.6207,0.3398,0.5543,-0.0312,0.4871,1.0000,0.4420,-0.4866,0.6060,0.4688,-0.3789,1.0000,0.3747,-0.8995,0.5341,-0.5312,-0.3789,1.0000,0.1858,-0.5225,0.6451,0.7188,0.0541,1.0000,0.7732,0.7881,0.4857,-0.5312,0.4871,1.0000
12,0.3753,0.4157,0.5986,0.2188,0.0541,1.0000,0.8664,0.3708,0.4961,-0.2812,0.0541,1.0000,-0.8295,-0.9114,0.6771,-0.0312,-0.3789,1.0000,0.6135,0.3386,0.5600,-0.0312,0.4871,1.0000,0.4412,-0.4877,0.6154,0.4688,-0.3789,1.0000,0.3657,-0.8993,0.5376,-0.5312,-0.3789,1.0000,0.1871,-0.5201,0.6609,0.7188,0.0541,1.0000,0.7599,0.7830,0.4862,-0.5312,0.4871,1.0000
13,0.3702,0.4112,0.6064,0.2188,0.0541,1.0000,0.8547,0.3652,0.4963,-0.2812,0.0541,1.0000,-0.8238,-0.9094,0.6942,-0.0312,-0.3789,1.0000,0.6058,0.3375,0.5654,-0.0312,0.4871,1.0000,0.4404,-0.4888,0.6247,0.4688,-0.3789,1.0000,0.3559,-0.8991,0.5404,-0.5312,-0.3789,1.0000,0.1886,-0.5176,0.6766,0.7188,0.0541,1.0000,0.7454,0.7778,0.4865,-0.5312,0.4871,1.0000
14,0.3645,0.4064,0.6141,0.2188,0.0541,1.0000,0.8423,0.3592,0.4963,-0.2812,0.0541,1.0000,-0.8177,-0.9071,0.7107,-0.0312,-0.3789,1.0000,0.5972,0.3364,0.5708,-0.0312,0.4871,1.0000,0.4396,-0.4900,0.6341,0.4688,-0.3789,1.0000,0.3452,-0.8987,0.5431,-0.5312,-0.3789,1.0000,0.1902,-0.5148,0.6918,0.7188,0.0541,1.0000,0.7297,0.7725,0.4865,-0.5312,0.4871,1.0000
15,0.3583,0.4014,0.6217,0.2188,0.0541,1.0000,0.8289,0.3530,0.4960,-0.2812,0.0541,1.0000,-0.8110,-0.9047,0.7269,-0.0312,-0.3789,1.0000,0.5881,0.3354,0.5762,-0.0312,0.4871,1.0000,0.4387,-0.4911,0.6433,0.4688,-0.3789,1.0000,0.3336,-0.8983,0.5456,-0.5312,-0.3789,1.0000,0.1920,-0.5119,0.7070,0.7188,0.0541,1.0000,0.7130,0.7671,0.4864,-0.5312,0.4871,1.0000
16,0.3519,0.3962,0.6292,0.2188,0.0541,1.0000,0.8147,0.3468,0.4959,-0.2812,0.0541,1.0000,-0.8038,-0.9022,0.7429,-0.0312,-0.3789,1.0000,0.5785,0.3344,0.5812,-0.0312,0.4871,1.0000,0.4380,-0.4922,0.6523,0.4688,-0.3789,1.0000,0.3212,-0.8978,0.5475,-0.5312,-0.3789,1.0000,0.1940,-0.5089,0.7222,0.7188,0.0541,1.0000,0.6951,0.7617,0.4861,-0.5312,0.4871,1.0000
17,0.3451,0.3909,0.6365,0.2188,0.0541,1.0000,0.7999,0.3404,0.4959,-0.2812,0.0541,1.0000,-0.7961,-0.8996,0.7584,-0.0312,-0.3789,1.0000,0.5685,0.3335,0.5859,-0.0312,0.4871,1.0000,0.4373,-0.4934,0.6610,0.4688,-0.3789,1.0000,0.3082,-0.8974,0.5489,-0.5312,-0.3789,1.0000,0.1961,-0.5058,0.7371,0.7188,0.0541,1.0000,0.6762,0.7564,0.4859,-0.5312,0.4871,1.0000
18,0.3378,0.3854,0.6438,0.2188,0.0541,1.0000,0.7845,0.3339,0.4958,-0.2812,0.0541,1.0000,-0.7880,-0.8967,0.7732,-0.0312,-0.3789,1.0000,0.5579,0.3327,0.5905,-0.0312,0.4871,1.0000,0.4366,-0.4946,0.6696,0.4688,-0.3789,1.0000,0.2943,-0.8967,0.5501,-0.5312,-0.3789,1.0000,0.1984,-0.5025,0.7515,0.7188,0.0541,1.0000,0.6565,0.7513,0.4855,-0.5312,0.4871,1.0000
19,0.3302,0.3799,0.6511,0.2188,0.0541,1.0000,0.7684,0.3275,0.4957,-0.2812,0.0541,1.0000,-0.7794,-0.8936,0.7877,-0.0312,-0.3789,1.0000,0.5468,0.3319,0.5951,-0.0312,0.4871,1.0000,0.4360,-0.4957,0.6780,0.4688,-0.3789,1.0000,0.2796,-0.8959,0.5513,-0.5312,-0.3789,1.0000,0.2010,-0.4990,0.7657,0.7188,0.0541,1.0000,0.6359,0.7462,0.4851,-0.5312,0.4871,1.0000
20,0.3224,0.3743,0.6583,0.2188,0.0541,1.0000,0.7518,0.3211,0.4960,-0.2812,0.0541,1.0000,-0.7703,-0.8904,0.8019,-0.0312,-0.3789,1.0000,0.5355,0.3313,0.5993,-0.0312,0.4871,1.0000,0.4355,-0.4968,0.6862,0.4688,-0.3789,1.0000,0.2644,-0.8951,0.5520,-0.5312,-0.3789,1.0000,0.2038,-0.4955,0.7798,0.7188,0.0541,1.0000,0.6145,0.7413,0.4848,-0.5312,0.4871,1.0000
21,0.3143,0.3686,0.6654,0.2188,0.0541,1.0000,0.7348,0.3149,0.4966,-0.2812,0.0541,1.0000,-0.7608,-0.8869,0.8156,-0.0312,-0.3789,1.0000,0.5238,0.3307,0.6034,-0.0312,0.4871,1.0000,0.4351,-0.4979,0.6944,0.4688,-0.3789,1.0000,0.2485,-0.8942,0.5523,-0.5312,-0.3789,1.0000,0.2067,-0.4919,0.7935,0.7188,0.0541,1.0000,0.5924,0.7368,0.4847,-0.5312,0.4871,1.0000
22,0.3059,0.3629,0.6727,0.2188,0.0541,1.0000,0.7174,0.3087,0.4972,-0.2812,0.0541,1.0000,-0.7510,-0.8832,0.8289,-0.0312,-0.3789,1.0000,0.5118,0.3302,0.6074,-0.0312,0.4871,1.0000,0.4347,-0.4988,0.7026,0.4688,-0.3789,1.0000,0.2321,-0.8932,0.5524,-0.5312,-0.3789,1.0000,0.2099,-0.4881,0.8066,0.7188,0.0541,1.0000,0.5699,0.7325,0.4848,-0.5312,0.4871,1.0000
23,0.2974,0.3573,0.6801,0.2188,0.0541,1.0000,0.6998,0.3026,0.4979,-0.2812,0.0541,1.0000,-0.7408,-0.8791,0.8424,-0.0312,-0.3789,1.0000,0.4995,0.3298,0.6114,-0.0312,0.4871,1.0000,0.4345,-0.4997,0.7104,0.4688,-0.3789,1.0000,0.2154,-0.8921,0.5523,-0.5312,-0.3789,1.0000,0.2134,-0.4843,0.8195,0.7188,0.0541,1.0000,0.5468,0.7284,0.4853,-0.5312,0.4871,1.0000
24,0.2887,0.3517,0.6874,0.2188,0.0541,1.0000,0.6819,0.2968,0.4991,-0.2812,0.0541,1.0000,-0.7305,-0.8750,0.8559,-0.0312,-0.3789,1.0000,0.4871,0.3294,0.6151,-0.0312,0.4871,1.0000,0.4344,-0.5006,0.7178,0.4688,-0.3789,1.0000,0.1983,-0.8910,0.5518,-0.5312,-0.3789,1.0000,0.2171,-0.4804,0.8322,0.7188,0.0541,1.0000,0.5232,0.7247,0.4861,-0.5312,0.4871,1.0000
25,0.2798,0.3461,0.6948,0.2188,0.0541,1.0000,0.6640,0.2913,0.5006,-0.2812,0.0541,1.0000,-0.7201,-0.8707,0.8693,-0.0312,-0.3789,1.0000,0.4744,0.3290,0.6186,-0.0312,0.4871,1.0000,0.4343,-0.5014,0.7252,0.4688,-0.3789,1.0000,0.1810,-0.8898,0.5513,-0.5312,-0.3789,1.0000,0.2210,-0.4764,0.8444,0.7188,0.0541,1.0000,0.4994,0.7215,0.4875,-0.5312,0.4871,1.0000
26,0.2707,0.3407,0.7023,0.2188,0.0541,1.0000,0.6459,0.2859,0.5024,-0.2812,0.0541,1.0000,-0.7097,-0.8661,0.8823,-0.0312,-0.3789,1.0000,0.4616,0.3287,0.6221,-0.0312,0.4871,1.0000,0.4344,-0.5020,0.7324,0.4688,-0.3789,1.0000,0.1635,-0.8884,0.5512,-0.5312,-0.3789,1.0000,0.2252,-0.4723,0.8561,0.7188,0.0541,1.0000,0.4755,0.7186,0.4894,-0.5312,0.4871,1.0000
27,0.2617,0.3353,0.7099,0.2188,0.0541,1.0000,0.6280,0.2807,0.5044,-0.2812,0.0541,1.0000,-0.6993,-0.8612,0.8951,-0.0312,-0.3789,1.0000,0.4487,0.3285,0.6257,-0.0312,0.4871,1.0000,0.4346,-0.5027,0.7395,0.4688,-0.3789,1.0000,0.1460,-0.8870,0.5514,-0.5312,-0.3789,1.0000,0.2297,-0.4680,0.8676,0.7188,0.0541,1.0000,0.4515,0.7160,0.4918,-0.5312,0.4871,1.0000
28,0.2525,0.3300,0.7174,0.2188,0.0541,1.0000,0.6101,0.2759,0.5068,-0.2812,0.0541,1.0000,-0.6890,-0.8562,0.9077,-0.0312,-0.3789,1.0000,0.4358,0.3283,0.6292,-0.0312,0.4871,1.0000,0.4348,-0.5032,0.7466,0.4688,-0.3789,1.0000,0.1284,-0.8855,0.5516,-0.5312,-0.3789,1.0000,0.2345,-0.4637,0.8789,0.7188,0.0541,1.0000,0.4274,0.7139,0.4948,-0.5312,0.4871,1.0000
29,0.2434,0.3249,0.7250,0.2188,0.0541,1.0000,0.5923,0.2714,0.5098,-0.2812,0.0541,1.0000,-0.6788,-0.8511,0.9200,-0.0312,-0.3789,1.0000,0.4227,0.3281,0.6327,-0.0312,0.4871,1.0000,0.4352,-0.5036,0.7535,0.4688,-0.3789,1.0000,0.1108,-0.8840,0.5519,-0.5312,-0.3789,1.0000,0.2394,-0.4593,0.8898,0.7188,0.0541,1.0000,0.4035,0.7123,0.4985,-0.5312,0.4871,1.0000
30,0.2343,0.3200,0.7327,0.2188,0.0541,1.0000,0.5748,0.2672,0.5132,-0.2812,0.0541,1.0000,-0.6687,-0.8456,0.9319,-0.0312,-0.3789,1.0000,0.4097,0.3280,0.6362,-0.0312,0.4871,1.0000,0.4356,-0.5039,0.7601,0.4688,-0.3789,1.0000,0.0933,-0.8822,0.5525,-0.5312,-0.3789,1.0000,0.2447,-0.4548,0.9002,0.7188,0.0541,1.0000,0.3799,0.7111,0.5028,-0.5312,0.4871,1.0000
31,0.2253,0.3152,0.7405,0.2188,0.0541,1.0000,0.5576,0.2632,0.5168,-0.2812,0.0541,1.0000,-0.6589,-0.8400,0.9436,-0.0312,-0.3789,1.0000,0.3967,0.3278,0.6395,-0.0312,0.4871,1.0000,0.4361,-0.5043,0.7666,0.4688,-0.3789,1.0000,0.0761,-0.8805,0.5533,-0.5312,-0.3789,1.0000,0.2502,-0.4502,0.9103,0.7188,0.0541,1.0000,0.3566,0.7102,0.5076,-0.5312,0.4871,1.0000
32,0.2164,0.3105,0.7482,0.2188,0.0541,1.0000,0.5407,0.2596,0.5208,-0.2812,0.0541,1.0000,-0.6492,-0.8342,0.9554,-0.0312,-0.3789,1.0000,0.3837,0.3276,0.6428,-0.0312,0.4871,1.0000,0.4367,-0.5045,0.7729,0.4688,-0.3789,1.0000,0.0589,-0.8786,0.5543,-0.5312,-0.3789,1.0000,0.2560,-0.4455,0.9202,0.7188,0.0541,1.0000,0.3337,0.7097,0.5130,-0.5312,0.4871,1.0000
33,0.2076,0.3060,0.7561,0.2188,0.0541,1.0000,0.5242,0.2563,0.5252,-0.2812,0.0541,1.0000,-0.6398,-0.8283,0.9667,-0.0312,-0.3789,1.0000,0.3708,0.3276,0.6462,-0.0312,0.4871,1.0000,0.4374,-0.5046,0.7789,0.4688,-0.3789,1.0000,0.0420,-0.8765,0.5555,-0.5312,-0.3789,1.0000,0.2619,-0.4406,0.9298,0.7188,0.0541,1.0000,0.3113,0.7098,0.5190,-0.5312,0.4871,1.0000
34,0.1991,0.3017,0.7639,0.2188,0.0541,1.0000,0.5081,0.2532,0.5298,-0.2812,0.0541,1.0000,-0.6306,-0.8221,0.9777,-0.0312,-0.3789,1.0000,0.3580,0.3275,0.6496,-0.0312,0.4871,1.0000,0.4382,-0.5047,0.7848,0.4688,-0.3789,1.0000,0.0255,-0.8743,0.5568,-0.5312,-0.3789,1.0000,0.2681,-0.4356,0.9389,0.7188,0.0541,1.0000,0.2895,0.7101,0.5256,-0.5312,0.4871,1.0000
35,0.1907,0.2975,0.7717,0.2188,0.0541,1.0000,0.4924,0.2504,0.5347,-0.2812,0.0541,1.0000,-0.6216,-0.8158,0.9885,-0.0312,-0.3789,1.0000,0.3452,0.3274,0.6530,-0.0312,0.4871,1.0000,0.4391,-0.5047,0.7907,0.4688,-0.3789,1.0000,0.0091,-0.8721,0.5583,-0.5312,-0.3789,1.0000,0.2746,-0.4305,0.9479,0.7188,0.0541,1.0000,0.2683,0.7107,0.5326,-0.5312,0.4871,1.0000
36,0.1826,0.2934,0.7795,0.2188,0.0541,1.0000,0.4773,0.2479,0.5400,-0.2812,0.0541,1.0000,-0.6129,-0.8094,0.9992,-0.0312,-0.3789,1.0000,0.3325,0.3273,0.6564,-0.0312,0.4871,1.0000,0.4400,-0.5046,0.7966,0.4688,-0.3789,1.0000,-0.0070,-0.8696,0.5599,-0.5312,-0.3789,1.0000,0.2812,-0.4253,0.9565,0.7188,0.0541,1.0000,0.2477,0.7116,0.5401,-0.5312,0.4871,1.0000
37,0.1748,0.2896,0.7874,0.2188,0.0541,1.0000,0.4626,0.2456,0.5456,-0.2812,0.0541,1.0000,-0.6044,-0.8028,1.0095,-0.0312,-0.3789,1.0000,0.3201,0.3272,0.6599,-0.0312,0.4871,1.0000,0.4411,-0.5045,0.8023,0.4688,-0.3789,1.0000,-0.0226,-0.8670,0.5619,-0.5312,-0.3789,1.0000,0.2880,-0.4199,0.9648,0.7188,0.0541,1.0000,0.2280,0.7129,0.5481,-0.5312,0.4871,1.0000
38,0.1673,0.2859,0.7954,0.2188,0.0541,1.0000,0.4484,0.2435,0.5514,-0.2812,0.0541,1.0000,-0.5961,-0.7960,1.0192,-0.0312,-0.3789,1.0000,0.3077,0.3270,0.6633,-0.0312,0.4871,1.0000,0.4421,-0.5043,0.8079,0.4688,-0.3789,1.0000,-0.0379,-0.8643,0.5642,-0.5312,-0.3789,1.0000,0.2950,-0.4144,0.9729,0.7188,0.0541,1.0000,0.2090,0.7143,0.5565,-0.5312,0.4871,1.0000
39,0.1601,0.2824,0.8033,0.2188,0.0541,1.0000,0.4349,0.2417,0.5574,-0.2812,0.0541,1.0000,-0.5880,-0.7893,1.0283,-0.0312,-0.3789,1.0000,0.2955,0.3270,0.6669,-0.0312,0.4871,1.0000,0.4432,-0.5040,0.8135,0.4688,-0.3789,1.0000,-0.0530,-0.8613,0.5667,-0.5312,-0.3789,1.0000,0.3022,-0.4087,0.9808,0.7188,0.0541,1.0000,0.1907,0.7159,0.5651,-0.5312,0.4871,1.0000
40,0.1533,0.2790,0.8112,0.2188,0.0541,1.0000,0.4218,0.2401,0.5636,-0.2812,0.0541,1.0000,-0.5799,-0.7824,1.0369,-0.0312,-0.3789,1.0000,0.2835,0.3269,0.6705,-0.0312,0.4871,1.0000,0.4444,-0.5037,0.8188,0.4688,-0.3789,1.0000,-0.0677,-0.8581,0.5694,-0.5312,-0.3789,1.0000,0.3095,-0.4029,0.9884,0.7188,0.0541,1.0000,0.1732,0.7177,0.5740,-0.5312,0.4871,1.0000
41,0.1469,0.2758,0.8191,0.2188,0.0541,1.0000,0.4092,0.2386,0.5700,-0.2812,0.0541,1.0000,-0.5721,-0.7752,1.0450,-0.0312,-0.3789,1.0000,0.2717,0.3268,0.6742,-0.0312,0.4871,1.0000,0.4456,-0.5033,0.8240,0.4688,-0.3789,1.0000,-0.0820,-0.8547,0.5721,-0.5312,-0.3789,1.0000,0.3169,-0.3969,0.9956,0.7188,0.0541,1.0000,0.1566,0.7197,0.5832,-0.5312,0.4871,1.0000
42,0.1407,0.2726,0.8269,0.2188,0.0541,1.0000,0.3972,0.2373,0.5765,-0.2812,0.0541,1.0000,-0.5643,-0.7680,1.0528,-0.0312,-0.3789,1.0000,0.2600,0.3268,0.6782,-0.0312,0.4871,1.0000,0.4467,-0.5028,0.8293,0.4688,-0.3789,1.0000,-0.0962,-0.8512,0.5749,-0.5312,-0.3789,1.0000,0.3245,-0.3908,1.0023,0.7188,0.0541,1.0000,0.1408,0.7216,0.5926,-0.5312,0.4871,1.0000
43,0.1350,0.2696,0.8345,0.2188,0.0541,1.0000,0.3859,0.2361,0.5832,-0.2812,0.0541,1.0000,-0.5566,-0.7607,1.0605,-0.0312,-0.3789,1.0000,0.2486,0.3268,0.6821,-0.0312,0.4871,1.0000,0.4480,-0.5023,0.8343,0.4688,-0.3789,1.0000,-0.1100,-0.8474,0.5780,-0.5312,-0.3789,1.0000,0.3322,-0.3845,1.0087,0.7188,0.0541,1.0000,0.1257,0.7236,0.6021,-0.5312,0.4871,1.0000
44,0.1297,0.2667,0.8420,0.2188,0.0541,1.0000,0.3749,0.2351,0.5901,-0.2812,0.0541,1.0000,-0.5488,-0.7532,1.0675,-0.0312,-0.3789,1.0000,0.2373,0.3269,0.6860,-0.0312,0.4871,1.0000,0.4493,-0.5018,0.8391,0.4688,-0.3789,1.0000,-0.1236,-0.8432,0.5815,-0.5312,-0.3789,1.0000,0.3399,-0.3780,1.0149,0.7188,0.0541,1.0000,0.1113,0.7256,0.6117,-0.5312,0.4871,1.0000
45,0.1248,0.2638,0.8494,0.2188,0.0541,1.0000,0.3645,0.2341,0.5969,-0.2812,0.0541,1.0000,-0.5411,-0.7456,1.0741,-0.0312,-0.3789,1.0000,0.2262,0.3270,0.6900,-0.0312,0.4871,1.0000,0.4506,-0.5012,0.8440,0.4688,-0.3789,1.0000,-0.1369,-0.8389,0.5849,-0.5312,-0.3789,1.0000,0.3478,-0.3714,1.0209,0.7188,0.0541,1.0000,0.0978,0.7277,0.6214,-0.5312,0.4871,1.0000
46,0.1202,0.2610,0.8568,0.2188,0.0541,1.0000,0.3546,0.2332,0.6037,-0.2812,0.0541,1.0000,-0.5334,-0.7379,1.0805,-0.0312,-0.3789,1.0000,0.2153,0.3273,0.6941,-0.0312,0.4871,1.0000,0.4518,-0.5006,0.8489,0.4688,-0.3789,1.0000,-0.1500,-0.8343,0.5882,-0.5312,-0.3789,1.0000,0.3557,-0.3647,1.0268,0.7188,0.0541,1.0000,0.0851,0.7296,0.6312,-0.5312,0.4871,1.0000
47,0.1161,0.2583,0.8641,0.2188,0.0541,1.0000,0.3452,0.2323,0.6106,-0.2812,0.0541,1.0000,-0.5257,-0.7301,1.0865,-0.0312,-0.3789,1.0000,0.2047,0.3275,0.6982,-0.0312,0.4871,1.0000,0.4531,-0.5001,0.8535,0.4688,-0.3789,1.0000,-0.1629,-0.8293,0.5916,-0.5312,-0.3789,1.0000,0.3636,-0.3577,1.0324,0.7188,0.0541,1.0000,0.0730,0.7314,0.6409,-0.5312,0.4871,1.0000
48,0.1123,0.2556,0.8712,0.2188,0.0541,1.0000,0.3362,0.2315,0.6175,-0.2812,0.0541,1.0000,-0.5179,-0.7221,1.0919,-0.0312,-0.3789,1.0000,0.1941,0.3278,0.7022,-0.0312,0.4871,1.0000,0.4544,-0.4996,0.8580,0.4688,-0.3789,1.0000,-0.1756,-0.8242,0.5950,-0.5312,-0.3789,1.0000,0.3715,-0.3505,1.0377,0.7188,0.0541,1.0000,0.0615,0.7331,0.6506,-0.5312,0.4871,1.0000
49,0.1089,0.2529,0.8782,0.2188,0.0541,1.0000,0.3276,0.2306,0.6244,-0.2812,0.0541,1.0000,-0.5100,-0.7139,1.0969,-0.0312,-0.3789,1.0000,0.1839,0.3283,0.7064,-0.0312,0.4871,1.0000,0.4556,-0.4990,0.8627,0.4688,-0.3789,1.0000,-0.1882,-0.8188,0.5984,-0.5312,-0.3789,1.0000,0.3795,-0.3432,1.0428,0.7188,0.0541,1.0000,0.0508,0.7347,0.6603,-0.5312,0.4871,1.0000
50,0.1060,0.2504,0.8851,0.2188,0.0541,1.0000,0.3195,0.2297,0.6311,-0.2812,0.0541,1.0000,-0.5021,-0.7058,1.1018,-0.0312,-0.3789,1.0000,0.1739,0.3288,0.7106,-0.0312,0.4871,1.0000,0.4568,-0.4984,0.8671,0.4688,-0.3789,1.0000,-0.2005,-0.8131,0.6018,-0.5312,-0.3789,1.0000,0.3874,-0.3358,1.0478,0.7188,0.0541,1.0000,0.0407,0.7360,0.6699,-0.5312,0.4871,1.0000
51,0.1034,0.2479,0.8919,0.2188,0.0541,1.0000,0.3116,0.2287,0.6378,-0.2812,0.0541,1.0000,-0.4941,-0.6975,1.1063,-0.0312,-0.3789,1.0000,0.1640,0.3294,0.7149,-0.0312,0.4871,1.0000,0.4580,-0.4979,0.8713,0.4688,-0.3789,1.0000,-0.2126,-0.8071,0.6052,-0.5312,-0.3789,1.0000,0.3953,-0.3281,1.0525,0.7188,0.0541,1.0000,0.0310,0.7371,0.6793,-0.5312,0.4871,1.0000
52,0.1012,0.2454,0.8986,0.2188,0.0541,1.0000,0.3040,0.2276,0.6445,-0.2812,0.0541,1.0000,-0.4861,-0.6891,1.1103,-0.0312,-0.3789,1.0000,0.1544,0.3301,0.7192,-0.0312,0.4871,1.0000,0.4591,-0.4974,0.8756,0.4688,-0.3789,1.0000,-0.2246,-0.8010,0.6086,-0.5312,-0.3789,1.0000,0.4032,-0.3202,1.0571,0.7188,0.0541,1.0000,0.0219,0.7381,0.6886,-0.5312,0.4871,1.0000
53,0.0995,0.2430,0.9051,0.2188,0.0541,1.0000,0.2969,0.2264,0.6511,-0.2812,0.0541,1.0000,-0.4779,-0.6806,1.1139,-0.0312,-0.3789,1.0000,0.1450,0.3309,0.7236,-0.0312,0.4871,1.0000,0.4601,-0.4969,0.8798,0.4688,-0.3789,1.0000,-0.2364,-0.7945,0.6121,-0.5312,-0.3789,1.0000,0.4111,-0.3123,1.0617,0.7188,0.0541,1.0000,0.0134,0.7388,0.6979,-0.5312,0.4871,1.0000
54,0.0980,0.2406,0.9116,0.2188,0.0541,1.0000,0.2900,0.2251,0.6577,-0.2812,0.0541,1.0000,-0.4697,-0.6721,1.1176,-0.0312,-0.3789,1.0000,0.1358,0.3317,0.7280,-0.0312,0.4871,1.0000,0.4612,-0.4964,0.8837,0.4688,-0.3789,1.0000,-0.2480,-0.7878,0.6157,-0.5312,-0.3789,1.0000,0.4188,-0.3041,1.0662,0.7188,0.0541,1.0000,0.0053,0.7393,0.7070,-0.5312,0.4871,1.0000
55,0.0969,0.2382,0.9179,0.2188,0.0541,1.0000,0.2833,0.2237,0.6641,-0.2812,0.0541,1.0000,-0.4616,-0.6634,1.1210,-0.0312,-0.3789,1.0000,0.1268,0.3326,0.7324,-0.0312,0.4871,1.0000,0.4622,-0.4960,0.8874,0.4688,-0.3789,1.0000,-0.2594,-0.7809,0.6191,-0.5312,-0.3789,1.0000,0.4265,-0.2958,1.0704,0.7188,0.0541,1.0000,-0.0025,0.7394,0.7158,-0.5312,0.4871,1.0000
56,0.0961,0.2358,0.9239,0.2188,0.0541,1.0000,0.2769,0.2222,0.6704,-0.2812,0.0541,1.0000,-0.4533,-0.6547,1.1239,-0.0312,-0.3789,1.0000,0.1181,0.3337,0.7370,-0.0312,0.4871,1.0000,0.4631,-0.4956,0.8913,0.4688,-0.3789,1.0000,-0.2708,-0.7738,0.6223,-0.5312,-0.3789,1.0000,0.4341,-0.2874,1.0745,0.7188,0.0541,1.0000,-0.0099,0.7394,0.7245,-0.5312,0.4871,1.0000
57,0.0957,0.2334,0.9298,0.2188,0.0541,1.0000,0.2706,0.2205,0.6766,-0.2812,0.0541,1.0000,-0.4449,-0.6459,1.1266,-0.0312,-0.3789,1.0000,0.1095,0.3348,0.7417,-0.0312,0.4871,1.0000,0.4640,-0.4952,0.8948,0.4688,-0.3789,1.0000,-0.2819,-0.7664,0.6257,-0.5312,-0.3789,1.0000,0.4416,-0.2788,1.0785,0.7188,0.0541,1.0000,-0.0169,0.7391,0.7331,-0.5312,0.4871,1.0000
58,0.0954,0.2310,0.9356,0.2188,0.0541,1.0000,0.2644,0.2187,0.6826,-0.2812,0.0541,1.0000,-0.4365,-0.6372,1.1293,-0.0312,-0.3789,1.0000,0.1012,0.3361,0.7464,-0.0312,0.4871,1.0000,0.4648,-0.4949,0.8981,0.4688,-0.3789,1.0000,-0.2928,-0.7589,0.6290,-0.5312,-0.3789,1.0000,0.4490,-0.2701,1.0822,0.7188,0.0541,1.0000,-0.0236,0.7384,0.7415,-0.5312,0.4871,1.0000
59,0.0955,0.2286,0.9411,0.2188,0.0541,1.0000,0.2584,0.2168,0.6885,-0.2812,0.0541,1.0000,-0.4282,-0.6283,1.1320,-0.0312,-0.3789,1.0000,0.0931,0.3375,0.7513,-0.0312,0.4871,1.0000,0.4656,-0.4946,0.9015,0.4688,-0.3789,1.0000,-0.3036,-0.7513,0.6322,-0.5312,-0.3789,1.0000,0.4563,-0.2613,1.0859,0.7188,0.0541,1.0000,-0.0301,0.7375,0.7495,-0.5312,0.4871,1.0000
60,0.0959,0.2262,0.9464,0.2188,0.0541,1.0000,0.2525,0.2147,0.6944,-0.2812,0.0541,1.0000,-0.4199,-0.6193,1.1344,-0.0312,-0.3789,1.0000,0.0853,0.3390,0.7560,-0.0312,0.4871,1.0000,0.4663,-0.4944,0.9048,0.4688,-0.3789,1.0000,-0.3142,-0.7434,0.6356,-0.5312,-0.3789,1.0000,0.4635,-0.2525,1.0897,0.7188,0.0541,1.0000,-0.0363,0.7364,0.7575,-0.5312,0.4871,1.0000
61,0.0965,0.2237,0.9516,0.2188,0.0541,1.0000,0.2467,0.2124,0.7001,-0.2812,0.0541,1.0000,-0.4115,-0.6104,1.1367,-0.0312,-0.3789,1.0000,0.0776,0.3406,0.7607,-0.0312,0.4871,1.0000,0.4670,-0.4942,0.9080,0.4688,-0.3789,1.0000,-0.3245,-0.7355,0.6391,-0.5312,-0.3789,1.0000,0.4705,-0.2435,1.0933,0.7188,0.0541,1.0000,-0.0423,0.7350,0.7655,-0.5312,0.4871,1.0000
62,0.0973,0.2213,0.9567,0.2188,0.0541,1.0000,0.2410,0.2102,0.7057,-0.2812,0.0541,1.0000,-0.4032,-0.6015,1.1388,-0.0312,-0.3789,1.0000,0.0702,0.3424,0.7655,-0.0312,0.4871,1.0000,0.4677,-0.4940,0.9113,0.4688,-0.3789,1.0000,-0.3347,-0.7274,0.6427,-0.5312,-0.3789,1.0000,0.4773,-0.2345,1.0965,0.7188,0.0541,1.0000,-0.0482,0.7332,0.7730,-0.5312,0.4871,1.0000
63,0.0984,0.2189,0.9616,0.2188,0.0541,1.0000,0.2354,0.2077,0.7113,-0.2812,0.0541,1.0000,-0.3950,-0.5925,1.1409,-0.0312,-0.3789,1.0000,0.0631,0.3442,0.7704,-0.0312,0.4871,1.0000,0.4682,-0.4938,0.9147,0.4688,-0.3789,1.0000,-0.3447,-0.7191,0.6462,-0.5312,-0.3789,1.0000,0.4841,-0.2255,1.0997,0.7188,0.0541,1.0000,-0.0539,0.7312,0.7801,-0.5312,0.4871,1.0000
64,0.0997,0.2164,0.9664,0.2188,0.0541,1.0000,0.2298,0.2052,0.7167,-0.2812,0.0541,1.0000,-0.3868,-0.5835,1.1428,-0.0312,-0.3789,1.0000,0.0561,0.3461,0.7752,-0.0312,0.4871,1.0000,0.4688,-0.4936,0.9178,0.4688,-0.3789,1.0000,-0.3544,-0.7108,0.6498,-0.5312,-0.3789,1.0000,0.4907,-0.2165,1.1027,0.7188,0.0541,1.0000,-0.0595,0.7290,0.7873,-0.5312,0.4871,1.0000
65,0.1012,0.2139,0.9711,0.2188,0.0541,1.0000,0.2241,0.2027,0.7220,-0.2812,0.0541,1.0000,-0.3787,-0.5746,1.1446,-0.0312,-0.3789,1.0000,0.0494,0.3481,0.7801,-0.0312,0.4871,1.0000,0.4693,-0.4934,0.9208,0.4688,-0.3789,1.0000,-0.3639,-0.7024,0.6534,-0.5312,-0.3789,1.0000,0.4971,-0.2074,1.1056,0.7188,0.0541,1.0000,-0.0650,0.7266,0.7944,-0.5312,0.4871,1.0000
66,0.1028,0.2114,0.9757,0.2188,0.0541,1.0000,0.2186,0.2000,0.7271,-0.2812,0.0541,1.0000,-0.3707,-0.5658,1.1464,-0.0312,-0.3789,1.0000,0.0431,0.3502,0.7852,-0.0312,0.4871,1.0000,0.4698,-0.4933,0.9239,0.4688,-0.3789,1.0000,-0.3733,-0.6939,0.6569,-0.5312,-0.3789,1.0000,0.5034,-0.1983,1.1084,0.7188,0.0541,1.0000,-0.0704,0.7239,0.8011,-0.5312,0.4871,1.0000
67,0.1047,0.2089,0.9801,0.2188,0.0541,1.0000,0.2131,0.1973,0.7321,-0.2812,0.0541,1.0000,-0.3628,-0.5568,1.1479,-0.0312,-0.3789,1.0000,0.0370,0.3524,0.7902,-0.0312,0.4871,1.0000,0.4702,-0.4932,0.9268,0.4688,-0.3789,1.0000,-0.3823,-0.6854,0.6605,-0.5312,-0.3789,1.0000,0.5096,-0.1894,1.1112,0.7188,0.0541,1.0000,-0.0757,0.7210,0.8075,-0.5312,0.4871,1.0000
68,0.1065,0.2063,0.9845,0.2188,0.0541,1.0000,0.2075,0.1944,0.7370,-0.2812,0.0541,1.0000,-0.3549,-0.5480,1.1491,-0.0312,-0.3789,1.0000,0.0311,0.3547,0.7953,-0.0312,0.4871,1.0000,0.4706,-0.4930,0.9295,0.4688,-0.3789,1.0000,-0.3912,-0.6769,0.6642,-0.5312,-0.3789,1.0000,0.5155,-0.1804,1.1139,0.7188,0.0541,1.0000,-0.0810,0.7180,0.8139,-0.5312,0.4871,1.0000
69,0.1085,0.2038,0.9887,0.2188,0.0541,1.0000,0.2020,0.1916,0.7420,-0.2812,0.0541,1.0000,-0.3472,-0.5393,1.1504,-0.0312,-0.3789,1.0000,0.0256,0.3571,0.8004,-0.0312,0.4871,1.0000,0.4710,-0.4928,0.9324,0.4688,-0.3789,1.0000,-0.3998,-0.6684,0.6678,-0.5312,-0.3789,1.0000,0.5214,-0.1714,1.1163,0.7188,0.0541,1.0000,-0.0863,0.7149,0.8201,-0.5312,0.4871,1.0000
70,0.1107,0.2013,0.9926,0.2188,0.0541,1.0000,0.1966,0.1888,0.7470,-0.2812,0.0541,1.0000,-0.3397,-0.5306,1.1517,-0.0312,-0.3789,1.0000,0.0204,0.3596,0.8055,-0.0312,0.4871,1.0000,0.4714,-0.4927,0.9352,0.4688,-0.3789,1.0000,-0.4082,-0.6598,0.6716,-0.5312,-0.3789,1.0000,0.5271,-0.1626,1.1184,0.7188,0.0541,1.0000,-0.0916,0.7115,0.8259,-0.5312,0.4871,1.0000
71,0.1129,0.1987,0.9964,0.2188,0.0541,1.0000,0.1911,0.1859,0.7519,-0.2812,0.0541,1.0000,-0.3322,-0.5220,1.1528,-0.0312,-0.3789,1.0000,0.0154,0.3621,0.8105,-0.0312,0.4871,1.0000,0.4718,-0.4926,0.9379,0.4688,-0.3789,1.0000,-0.4163,-0.6513,0.6754,-0.5312,-0.3789,1.0000,0.5326,-0.1538,1.1206,0.7188,0.0541,1.0000,-0.0970,0.7080,0.8314,-0.5312,0.4871,1.0000
72,0.1152,0.1961,1.0002,0.2188,0.0541,1.0000,0.1856,0.1831,0.7567,-0.2812,0.0541,1.0000,-0.3249,-0.5135,1.1537,-0.0312,-0.3789,1.0000,0.0107,0.3648,0.8155,-0.0312,0.4871,1.0000,0.4722,-0.4924,0.9405,0.4688,-0.3789,1.0000,-0.4242,-0.6429,0.6794,-0.5312,-0.3789,1.0000,0.5379,-0.1451,1.1228,0.7188,0.0541,1.0000,-0.1025,0.7045,0.8369,-0.5312,0.4871,1.0000
73,0.1176,0.1935,1.0040,0.2188,0.0541,1.0000,0.1803,0.1802,0.7614,-0.2812,0.0541,1.0000,-0.3177,-0.5051,1.1546,-0.0312,-0.3789,1.0000,0.0065,0.3675,0.8205,-0.0312,0.4871,1.0000,0.4726,-0.4924,0.9433,0.4688,-0.3789,1.0000,-0.4319,-0.6344,0.6835,-0.5312,-0.3789,1.0000,0.5431,-0.1365,1.1247,0.7188,0.0541,1.0000,-0.1080,0.7009,0.8422,-0.5312,0.4871,1.0000
74,0.1201,0.1909,1.0077,0.2188,0.0541,1.0000,0.1749,0.1773,0.7660,-0.2812,0.0541,1.0000,-0.3107,-0.4969,1.1557,-0.0312,-0.3789,1.0000,0.0025,0.3703,0.8255,-0.0312,0.4871,1.0000,0.4730,-0.4922,0.9457,0.4688,-0.3789,1.0000,-0.4392,-0.6259,0.6875,-0.5312,-0.3789,1.0000,0.5481,-0.1281,1.1267,0.7188,0.0541,1.0000,-0.1135,0.6973,0.8471,-0.5312,0.4871,1.0000
75,0.1226,0.1883,1.0113,0.2188,0.0541,1.0000,0.1695,0.1745,0.7706,-0.2812,0.0541,1.0000,-0.3038,-0.4887,1.1564,-0.0312,-0.3789,1.0000,-0.0012,0.3731,0.8306,-0.0312,0.4871,1.0000,0.4734,-0.4921,0.9481,0.4688,-0.3789,1.0000,-0.4463,-0.6176,0.6915,-0.5312,-0.3789,1.0000,0.5530,-0.1198,1.1286,0.7188,0.0541,1.0000,-0.1192,0.6936,0.8518,-0.5312,0.4871,1.0000
76,0.1252,0.1857,1.0148,0.2188,0.0541,1.0000,0.1642,0.1717,0.7752,-0.2812,0.0541,1.0000,-0.2970,-0.4807,1.1570,-0.0312,-0.3789,1.0000,-0.0045,0.3760,0.8356,-0.0312,0.4871,1.0000,0.4737,-0.4921,0.9505,0.4688,-0.3789,1.0000,-0.4532,-0.6093,0.6956,-0.5312,-0.3789,1.0000,0.5577,-0.1115,1.1301,0.7188,0.0541,1.0000,-0.1250,0.6899,0.8566,-0.5312,0.4871,1.0000
77,0.1279,0.1832,1.0181,0.2188,0.0541,1.0000,0.1589,0.1689,0.7797,-0.2812,0.0541,1.0000,-0.2905,-0.4728,1.1577,-0.0312,-0.3789,1.0000,-0.0076,0.3789,0.8404,-0.0312,0.4871,1.0000,0.4741,-0.4920,0.9528,0.4688,-0.3789,1.0000,-0.4598,-0.6010,0.6997,-0.5312,-0.3789,1.0000,0.5623,-0.1034,1.1315,0.7188,0.0541,1.0000,-0.1308,0.6862,0.8611,-0.5312,0.4871,1.0000
78,0.1306,0.1806,1.0213,0.2188,0.0541,1.0000,0.1536,0.1661,0.7842,-0.2812,0.0541,1.0000,-0.2841,-0.4651,1.1585,-0.0312,-0.3789,1.0000,-0.0104,0.3818,0.8452,-0.0312,0.4871,1.0000,0.4746,-0.4919,0.9551,0.4688,-0.3789,1.0000,-0.4662,-0.5930,0.7037,-0.5312,-0.3789,1.0000,0.5667,-0.0956,1.1329,0.7188,0.0541,1.0000,-0.1367,0.6825,0.8654,-0.5312,0.4871,1.0000
79,0.1333,0.1781,1.0243,0.2188,0.0541,1.0000,0.1483,0.1635,0.7886,-0.2812,0.0541,1.0000,-0.2779,-0.4575,1.1593,-0.0312,-0.3789,1.0000,-0.0128,0.3848,0.8500,-0.0312,0.4871,1.0000,0.4750,-0.4920,0.9574,0.4688,-0.3789,1.0000,-0.4723,-0.5850,0.7078,-0.5312,-0.3789,1.0000,0.5709,-0.0878,1.1343,0.7188,0.0541,1.0000,-0.1427,0.6789,0.8698,-0.5312,0.4871,1.0000
80,0.1361,0.1756,1.0270,0.2188,0.0541,1.0000,0.1432,0.1608,0.7931,-0.2812,0.0541,1.0000,-0.2718,-0.4502,1.1600,-0.0312,-0.3789,1.0000,-0.0150,0.3877,0.8545,-0.0312,0.4871,1.0000,0.4754,-0.4919,0.9597,0.4688,-0.3789,1.0000,-0.4782,-0.5770,0.7120,-0.5312,-0.3789,1.0000,0.5750,-0.0801,1.1355,0.7188,0.0541,1.0000,-0.1488,0.6754,0.8740,-0.5312,0.4871,1.0000
81,0.1389,0.1731,1.0296,0.2188,0.0541,1.0000,0.1381,0.1582,0.7974,-0.2812,0.0541,1.0000,-0.2660,-0.4429,1.1608,-0.0312,-0.3789,1.0000,-0.0169,0.3906,0.8588,-0.0312,0.4871,1.0000,0.4759,-0.4918,0.9618,0.4688,-0.3789,1.0000,-0.4838,-0.5693,0.7163,-0.5312,-0.3789,1.0000,0.5789,-0.0727,1.1367,0.7188,0.0541,1.0000,-0.1548,0.6718,0.8781,-0.5312,0.4871,1.0000
82,0.1418,0.1706,1.0321,0.2188,0.0541,1.0000,0.1329,0.1557,0.8017,-0.2812,0.0541,1.0000,-0.2604,-0.4359,1.1615,-0.0312,-0.3789,1.0000,-0.0186,0.3935,0.8631,-0.0312,0.4871,1.0000,0.4764,-0.4918,0.9638,0.4688,-0.3789,1.0000,-0.4892,-0.5617,0.7207,-0.5312,-0.3789,1.0000,0.5827,-0.0654,1.1377,0.7188,0.0541,1.0000,-0.1610,0.6684,0.8820,-0.5312,0.4871,1.0000
83,0.1448,0.1681,1.0345,0.2188,0.0541,1.0000,0.1278,0.1532,0.8060,-0.2812,0.0541,1.0000,-0.2548,-0.4290,1.1620,-0.0312,-0.3789,1.0000,-0.0201,0.3962,0.8674,-0.0312,0.4871,1.0000,0.4769,-0.4917,0.9657,0.4688,-0.3789,1.0000,-0.4944,-0.5542,0.7252,-0.5312,-0.3789,1.0000,0.5863,-0.0583,1.1384,0.7188,0.0541,1.0000,-0.1671,0.6650,0.8863,-0.5312,0.4871,1.0000
84,0.1478,0.1656,1.0367,0.2188,0.0541,1.0000,0.1228,0.1508,0.8103,-0.2812,0.0541,1.0000,-0.2495,-0.4223,1.1626,-0.0312,-0.3789,1.0000,-0.0214,0.3989,0.8715,-0.0312,0.4871,1.0000,0.4775,-0.4915,0.9676,0.4688,-0.3789,1.0000,-0.4993,-0.5469,0.7296,-0.5312,-0.3789,1.0000,0.5899,-0.0513,1.1389,0.7188,0.0541,1.0000,-0.1732,0.6618,0.8906,-0.5312,0.4871,1.0000
85,0.1508,0.1631,1.0389,0.2188,0.0541,1.0000,0.1177,0.1484,0.8145,-0.2812,0.0541,1.0000,-0.2445,-0.4159,1.1633,-0.0312,-0.3789,1.0000,-0.0225,0.4015,0.8755,-0.0312,0.4871,1.0000,0.4780,-0.4914,0.9697,0.4688,-0.3789,1.0000,-0.5041,-0.5398,0.7339,-0.5312,-0.3789,1.0000,0.5933,-0.0446,1.1394,0.7188,0.0541,1.0000,-0.1793,0.6585,0.8950,-0.5312,0.4871,1.0000
86,0.1539,0.1607,1.0411,0.2188,0.0541,1.0000,0.1127,0.1462,0.8186,-0.2812,0.0541,1.0000,-0.2394,-0.4096,1.1636,-0.0312,-0.3789,1.0000,-0.0234,0.4040,0.8795,-0.0312,0.4871,1.0000,0.4786,-0.4911,0.9717,0.4688,-0.3789,1.0000,-0.5086,-0.5327,0.7383,-0.5312,-0.3789,1.0000,0.5966,-0.0379,1.1399,0.7188,0.0541,1.0000,-0.1853,0.6555,0.8994,-0.5312,0.4871,1.0000
87,0.1571,0.1583,1.0430,0.2188,0.0541,1.0000,0.1078,0.1440,0.8229,-0.2812,0.0541,1.0000,-0.2346,-0.4034,1.1638,-0.0312,-0.3789,1.0000,-0.0242,0.4063,0.8830,-0.0312,0.4871,1.0000,0.4793,-0.4908,0.9737,0.4688,-0.3789,1.0000,-0.5129,-0.5259,0.7427,-0.5312,-0.3789,1.0000,0.5998,-0.0315,1.1402,0.7188,0.0541,1.0000,-0.1912,0.6525,0.9038,-0.5312,0.4871,1.0000
88,0.1602,0.1560,1.0449,0.2188,0.0541,1.0000,0.1029,0.1419,0.8270,-0.2812,0.0541,1.0000,-0.2300,-0.3975,1.1641,-0.0312,-0.3789,1.0000,-0.0249,0.4085,0.8863,-0.0312,0.4871,1.0000,0.4799,-0.4904,0.9757,0.4688,-0.3789,1.0000,-0.5170,-0.5192,0.7470,-0.5312,-0.3789,1.0000,0.6029,-0.0253,1.1406,0.7188,0.0541,1.0000,-0.1970,0.6495,0.9081,-0.5312,0.4871,1.0000
89,0.1634,0.1537,1.0468,0.2188,0.0541,1.0000,0.0980,0.1398,0.8310,-0.2812,0.0541,1.0000,-0.2255,-0.3918,1.1645,-0.0312,-0.3789,1.0000,-0.0255,0.4106,0.8896,-0.0312,0.4871,1.0000,0.4805,-0.4900,0.9777,0.4688,-0.3789,1.0000,-0.5210,-0.5127,0.7511,-0.5312,-0.3789,1.0000,0.6058,-0.0193,1.1410,0.7188,0.0541,1.0000,-0.2027,0.6466,0.9122,-0.5312,0.4871,1.0000
90,0.1668,0.1515,1.0485,0.2188,0.0541,1.0000,0.0932,0.1379,0.8352,-0.2812,0.0541,1.0000,-0.2212,-0.3863,1.1645,-0.0312,-0.3789,1.0000,-0.0260,0.4124,0.8927,-0.0312,0.4871,1.0000,0.4812,-0.4894,0.9797,0.4688,-0.3789,1.0000,-0.5247,-0.5064,0.7553,-0.5312,-0.3789,1.0000,0.6086,-0.0134,1.1411,0.7188,0.0541,1.0000,-0.2083,0.6437,0.9165,-0.5312,0.4871,1.0000
91,0.1701,0.1492,1.0500,0.2188,0.0541,1.0000,0.0885,0.1359,0.8393,-0.2812,0.0541,1.0000,-0.2169,-0.3809,1.1643,-0.0312,-0.3789,1.0000,-0.0265,0.4141,0.8955,-0.0312,0.4871,1.0000,0.4818,-0.4888,0.9815,0.4688,-0.3789,1.0000,-0.5282,-0.5003,0.7596,-0.5312,-0.3789,1.0000,0.6114,-0.0077,1.1410,0.7188,0.0541,1.0000,-0.2137,0.6409,0.9209,-0.5312,0.4871,1.0000
92,0.1735,0.1471,1.0517,0.2188,0.0541,1.0000,0.0837,0.1341,0.8433,-0.2812,0.0541,1.0000,-0.2129,-0.3758,1.1643,-0.0312,-0.3789,1.0000,-0.0270,0.4156,0.8984,-0.0312,0.4871,1.0000,0.4824,-0.4882,0.9835,0.4688,-0.3789,1.0000,-0.5317,-0.4944,0.7638,-0.5312,-0.3789,1.0000,0.6141,-0.0021,1.1410,0.7188,0.0541,1.0000,-0.2190,0.6381,0.9251,-0.5312,0.4871,1.0000
93,0.1770,0.1450,1.0532,0.2188,0.0541,1.0000,0.0790,0.1324,0.8473,-0.2812,0.0541,1.0000,-0.2090,-0.3708,1.1643,-0.0312,-0.3789,1.0000,-0.0274,0.4170,0.9012,-0.0312,0.4871,1.0000,0.4830,-0.4875,0.9853,0.4688,-0.3789,1.0000,-0.5350,-0.4886,0.7681,-0.5312,-0.3789,1.0000,0.6166,0.0033,1.1409,0.7188,0.0541,1.0000,-0.2241,0.6353,0.9294,-0.5312,0.4871,1.0000
94,0.1805,0.1428,1.0544,0.2188,0.0541,1.0000,0.0744,0.1307,0.8514,-0.2812,0.0541,1.0000,-0.2052,-0.3660,1.1640,-0.0312,-0.3789,1.0000,-0.0279,0.4181,0.9036,-0.0312,0.4871,1.0000,0.4836,-0.4867,0.9870,0.4688,-0.3789,1.0000,-0.5380,-0.4830,0.7724,-0.5312,-0.3789,1.0000,0.6192,0.0084,1.1407,0.7188,0.0541,1.0000,-0.2289,0.6326,0.9337,-0.5312,0.4871,1.0000
95,0.1840,0.1407,1.0557,0.2188,0.0541,1.0000,0.0698,0.1291,0.8553,-0.2812,0.0541,1.0000,-0.2015,-0.3613,1.1636,-0.0312,-0.3789,1.0000,-0.0283,0.4191,0.9059,-0.0312,0.4871,1.0000,0.4842,-0.4860,0.9888,0.4688,-0.3789,1.0000,-0.5410,-0.4777,0.7766,-0.5312,-0.3789,1.0000,0.6217,0.0134,1.1405,0.7188,0.0541,1.0000,-0.2336,0.6298,0.9380,-0.5312,0.4871,1.0000
96,0.1875,0.1388,1.0570,0.2188,0.0541,1.0000,0.0653,0.1276,0.8592,-0.2812,0.0541,1.0000,-0.1980,-0.3569,1.1634,-0.0312,-0.3789,1.0000,-0.0288,0.4200,0.9083,-0.0312,0.4871,1.0000,0.4847,-0.4851,0.9904,0.4688,-0.3789,1.0000,-0.5438,-0.4724,0.7808,-0.5312,-0.3789,1.0000,0.6240,0.0183,1.1404,0.7188,0.0541,1.0000,-0.2382,0.6269,0.9421,-0.5312,0.4871,1.0000
97,0.1911,0.1368,1.0580,0.2188,0.0541,1.0000,0.0608,0.1261,0.8632,-0.2812,0.0541,1.0000,-0.1945,-0.3527,1.1631,-0.0312,-0.3789,1.0000,-0.0294,0.4207,0.9104,-0.0312,0.4871,1.0000,0.4853,-0.4842,0.9919,0.4688,-0.3789,1.0000,-0.5463,-0.4674,0.7851,-0.5312,-0.3789,1.0000,0.6263,0.0230,1.1400,0.7188,0.0541,1.0000,-0.2425,0.6241,0.9462,-0.5312,0.4871,1.0000
98,0.1947,0.1348,1.0589,0.2188,0.0541,1.0000,0.0564,0.1246,0.8670,-0.2812,0.0541,1.0000,-0.1911,-0.3485,1.1626,-0.0312,-0.3789,1.0000,-0.0299,0.4212,0.9124,-0.0312,0.4871,1.0000,0.4858,-0.4834,0.9934,0.4688,-0.3789,1.0000,-0.5488,-0.4626,0.7892,-0.5312,-0.3789,1.0000,0.6286,0.0275,1.1395,0.7188,0.0541,1.0000,-0.2466,0.6212,0.9503,-0.5312,0.4871,1.0000
99,0.1983,0.1330,1.0600,0.2188,0.0541,1.0000,0.0520,0.1232,0.8708,-0.2812,0.0541,1.0000,-0.1879,-0.3446,1.1623,-0.0312,-0.3789,1.0000,-0.0305,0.4216,0.9147,-0.0312,0.4871,1.0000,0.4864,-0.4825,0.9949,0.4688,-0.3789,1.0000,-0.5512,-0.4579,0.7933,-0.5312,-0.3789,1.0000,0.6307,0.0320,1.1392,0.7188,0.0541,1.0000,-0.2506,0.6183,0.9542,-0.5312,0.4871,1.0000
100,0.2020,0.1312,1.0609,0.2188,0.0541,1.0000,0.0477,0.1218,0.8746,-0.2812,0.0541,1.0000,-0.1846,-0.3409,1.1619,-0.0312,-0.3789,1.0000,-0.0311,0.4219,0.9170,-0.0312,0.4871,1.0000,0.4870,-0.4815,0.9961,0.4688,-0.3789,1.0000,-0.5533,-0.4534,0.7975,-0.5312,-0.3789,1.0000,0.6328,0.0363,1.1388,0.7188,0.0541,1.0000,-0.2545,0.6153,0.9579,-0.5312,0.4871,1.0000
101,0.2056,0.1294,1.0617,0.2188,0.0541,1.0000,0.0435,0.1205,0.8785,-0.2812,0.0541,1.0000,-0.1815,-0.3372,1.1612,-0.0312,-0.3789,1.0000,-0.0318,0.4221,0.9190,-0.0312,0.4871,1.0000,0.4875,-0.4807,0.9975,0.4688,-0.3789,1.0000,-0.5554,-0.4492,0.8016,-0.5312,-0.3789,1.0000,0.6349,0.0404,1.1382,0.7188,0.0541,1.0000,-0.2581,0.6123,0.9617,-0.5312,0.4871,1.0000
102,0.2091,0.1277,1.0626,0.2188,0.0541,1.0000,0.0392,0.1191,0.8822,-0.2812,0.0541,1.0000,-0.1783,-0.3337,1.1604,-0.0312,-0.3789,1.0000,-0.0324,0.4221,0.9211,-0.0312,0.4871,1.0000,0.4881,-0.4797,0.9988,0.4688,-0.3789,1.0000,-0.5574,-0.4451,0.8055,-0.5312,-0.3789,1.0000,0.6369,0.0444,1.1378,0.7188,0.0541,1.0000,-0.2616,0.6093,0.9655,-0.5312,0.4871,1.0000
103,0.2126,0.1261,1.0635,0.2188,0.0541,1.0000,0.0351,0.1178,0.8859,-0.2812,0.0541,1.0000,-0.1753,-0.3305,1.1597,-0.0312,-0.3789,1.0000,-0.0331,0.4222,0.9233,-0.0312,0.4871,1.0000,0.4888,-0.4788,1.0001,0.4688,-0.3789,1.0000,-0.5593,-0.4411,0.8095,-0.5312,-0.3789,1.0000,0.6388,0.0483,1.1374,0.7188,0.0541,1.0000,-0.2650,0.6061,0.9691,-0.5312,0.4871,1.0000
104,0.2161,0.1244,1.0641,0.2188,0.0541,1.0000,0.0309,0.1165,0.8894,-0.2812,0.0541,1.0000,-0.1723,-0.3274,1.1590,-0.0312,-0.3789,1.0000,-0.0339,0.4221,0.9252,-0.0312,0.4871,1.0000,0.4894,-0.4778,1.0013,0.4688,-0.3789,1.0000,-0.5610,-0.4373,0.8135,-0.5312,-0.3789,1.0000,0.6408,0.0521,1.1367,0.7188,0.0541,1.0000,-0.2682,0.6030,0.9725,-0.5312,0.4871,1.0000
105,0.2196,0.1228,1.0646,0.2188,0.0541,1.0000,0.0268,0.1151,0.8928,-0.2812,0.0541,1.0000,-0.1693,-0.3243,1.1581,-0.0312,-0.3789,1.0000,-0.0346,0.4219,0.9270,-0.0312,0.4871,1.0000,0.4900,-0.4769,1.0027,0.4688,-0.3789,1.0000,-0.5627,-0.4337,0.8173,-0.5312,-0.3789,1.0000,0.6428,0.0557,1.1359,0.7188,0.0541,1.0000,-0.2713,0.5998,0.9760,-0.5312,0.4871,1.0000
106,0.2229,0.1213,1.0653,0.2188,0.0541,1.0000,0.0227,0.1138,0.8961,-0.2812,0.0541,1.0000,-0.1664,-0.3214,1.1573,-0.0312,-0.3789,1.0000,-0.0354,0.4217,0.9290,-0.0312,0.4871,1.0000,0.4908,-0.4758,1.0039,0.4688,-0.3789,1.0000,-0.5643,-0.4302,0.8212,-0.5312,-0.3789,1.0000,0.6446,0.0593,1.1352,0.7188,0.0541,1.0000,-0.2744,0.5965,0.9792,-0.5312,0.4871,1.0000
107,0.2262,0.1199,1.0659,0.2188,0.0541,1.0000,0.0187,0.1124,0.8995,-0.2812,0.0541,1.0000,-0.1636,-0.3186,1.1566,-0.0312,-0.3789,1.0000,-0.0362,0.4215,0.9311,-0.0312,0.4871,1.0000,0.4915,-0.4748,1.0050,0.4688,-0.3789,1.0000,-0.5657,-0.4268,0.8251,-0.5312,-0.3789,1.0000,0.6465,0.0628,1.1344,0.7188,0.0541,1.0000,-0.2774,0.5932,0.9822,-0.5312,0.4871,1.0000
108,0.2295,0.1184,1.0664,0.2188,0.0541,1.0000,0.0147,0.1110,0.9028,-0.2812,0.0541,1.0000,-0.1608,-0.3159,1.1557,-0.0312,-0.3789,1.0000,-0.0370,0.4212,0.9330,-0.0312,0.4871,1.0000,0.4922,-0.4738,1.0063,0.4688,-0.3789,1.0000,-0.5671,-0.4237,0.8289,-0.5312,-0.3789,1.0000,0.6484,0.0661,1.1335,0.7188,0.0541,1.0000,-0.2802,0.5899,0.9852,-0.5312,0.4871,1.0000
109,0.2326,0.1171,1.0671,0.2188,0.0541,1.0000,0.0107,0.1096,0.9060,-0.2812,0.0541,1.0000,-0.1580,-0.3132,1.1549,-0.0312,-0.3789,1.0000,-0.0377,0.4209,0.9350,-0.0312,0.4871,1.0000,0.4929,-0.4727,1.0074,0.4688,-0.3789,1.0000,-0.5684,-0.4206,0.8326,-0.5312,-0.3789,1.0000,0.6501,0.0694,1.1329,0.7188,0.0541,1.0000,-0.2831,0.5866,0.9882,-0.5312,0.4871,1.0000
110,0.2356,0.1158,1.0677,0.2188,0.0541,1.0000,0.0068,0.1081,0.9093,-0.2812,0.0541,1.0000,-0.1553,-0.3108,1.1541,-0.0312,-0.3789,1.0000,-0.0386,0.4206,0.9373,-0.0312,0.4871,1.0000,0.4936,-0.4717,1.0085,0.4688,-0.3789,1.0000,-0.5696,-0.4177,0.8364,-0.5312,-0.3789,1.0000,0.6518,0.0725,1.1324,0.7188,0.0541,1.0000,-0.2858,0.5832,0.9909,-0.5312,0.4871,1.0000
111,0.2387,0.1144,1.0679,0.2188,0.0541,1.0000,0.0030,0.1066,0.9126,-0.2812,0.0541,1.0000,-0.1526,-0.3084,1.1533,-0.0312,-0.3789,1.0000,-0.0394,0.4203,0.9393,-0.0312,0.4871,1.0000,0.4943,-0.4706,1.0096,0.4688,-0.3789,1.0000,-0.5707,-0.4150,0.8400,-0.5312,-0.3789,1.0000,0.6536,0.0757,1.1315,0.7188,0.0541,1.0000,-0.2885,0.5797,0.9936,-0.5312,0.4871,1.0000
112,0.2416,0.1132,1.0680,0.2188,0.0541,1.0000,-0.0010,0.1051,0.9156,-0.2812,0.0541,1.0000,-0.1500,-0.3060,1.1523,-0.0312,-0.3789,1.0000,-0.0401,0.4199,0.9414,-0.0312,0.4871,1.0000,0.4950,-0.4695,1.0107,0.4688,-0.3789,1.0000,-0.5717,-0.4124,0.8435,-0.5312,-0.3789,1.0000,0.6553,0.0787,1.1306,0.7188,0.0541,1.0000,-0.2912,0.5763,0.9964,-0.5312,0.4871,1.0000
113,0.2443,0.1120,1.0682,0.2188,0.0541,1.0000,-0.0048,0.1035,0.9184,-0.2812,0.0541,1.0000,-0.1473,-0.3038,1.1514,-0.0312,-0.3789,1.0000,-0.0409,0.4197,0.9436,-0.0312,0.4871,1.0000,0.4958,-0.4684,1.0116,0.4688,-0.3789,1.0000,-0.5726,-0.4098,0.8472,-0.5312,-0.3789,1.0000,0.6569,0.0817,1.1298,0.7188,0.0541,1.0000,-0.2938,0.5729,0.9989,-0.5312,0.4871,1.0000
114,0.2470,0.1108,1.0682,0.2188,0.0541,1.0000,-0.0086,0.1019,0.9213,-0.2812,0.0541,1.0000,-0.1448,-0.3017,1.1506,-0.0312,-0.3789,1.0000,-0.0417,0.4194,0.9458,-0.0312,0.4871,1.0000,0.4965,-0.4673,1.0126,0.4688,-0.3789,1.0000,-0.5735,-0.4075,0.8508,-0.5312,-0.3789,1.0000,0.6587,0.0845,1.1288,0.7188,0.0541,1.0000,-0.2964,0.5694,1.0012,-0.5312,0.4871,1.0000
115,0.2496,0.1096,1.0681,0.2188,0.0541,1.0000,-0.0125,0.1003,0.9240,-0.2812,0.0541,1.0000,-0.1423,-0.2995,1.1496,-0.0312,-0.3789,1.0000,-0.0423,0.4192,0.9478,-0.0312,0.4871,1.0000,0.4972,-0.4661,1.0136,0.4688,-0.3789,1.0000,-0.5744,-0.4053,0.8542,-0.5312,-0.3789,1.0000,0.6603,0.0874,1.1277,0.7188,0.0541,1.0000,-0.2989,0.5660,1.0036,-0.5312,0.4871,1.0000
116,0.2521,0.1085,1.0682,0.2188,0.0541,1.0000,-0.0163,0.0985,0.9265,-0.2812,0.0541,1.0000,-0.1398,-0.2975,1.1487,-0.0312,-0.3789,1.0000,-0.0430,0.4190,0.9499,-0.0312,0.4871,1.0000,0.4980,-0.4650,1.0144,0.4688,-0.3789,1.0000,-0.5751,-0.4031,0.8577,-0.5312,-0.3789,1.0000,0.6620,0.0901,1.1268,0.7188,0.0541,1.0000,-0.3015,0.5625,1.0060,-0.5312,0.4871,1.0000
117,0.2544,0.1074,1.0683,0.2188,0.0541,1.0000,-0.0201,0.0968,0.9292,-0.2812,0.0541,1.0000,-0.1373,-0.2955,1.1479,-0.0312,-0.3789,1.0000,-0.0436,0.4188,0.9522,-0.0312,0.4871,1.0000,0.4988,-0.4639,1.0151,0.4688,-0.3789,1.0000,-0.5758,-0.4011,0.8612,-0.5312,-0.3789,1.0000,0.6636,0.0927,1.1260,0.7188,0.0541,1.0000,-0.3040,0.5590,1.0080,-0.5312,0.4871,1.0000
118,0.2567,0.1063,1.0681,0.2188,0.0541,1.0000,-0.0240,0.0951,0.9318,-0.2812,0.0541,1.0000,-0.1350,-0.2935,1.1471,-0.0312,-0.3789,1.0000,-0.0441,0.4187,0.9543,-0.0312,0.4871,1.0000,0.4995,-0.4628,1.0159,0.4688,-0.3789,1.0000,-0.5765,-0.3992,0.8644,-0.5312,-0.3789,1.0000,0.6653,0.0953,1.1248,0.7188,0.0541,1.0000,-0.3065,0.5555,1.0100,-0.5312,0.4871,1.0000
119,0.2589,0.1052,1.0681,0.2188,0.0541,1.0000,-0.0278,0.0933,0.9342,-0.2812,0.0541,1.0000,-0.1327,-0.2916,1.1463,-0.0312,-0.3789,1.0000,-0.0446,0.4185,0.9564,-0.0312,0.4871,1.0000,0.5003,-0.4616,1.0166,0.4688,-0.3789,1.0000,-0.5771,-0.3974,0.8676,-0.5312,-0.3789,1.0000,0.6670,0.0978,1.1238,0.7188,0.0541,1.0000,-0.3091,0.5521,1.0120,-0.5312,0.4871,1.0000
120,0.2610,0.1042,1.0681,0.2188,0.0541,1.0000,-0.0316,0.0915,0.9366,-0.2812,0.0541,1.0000,-0.1304,-0.2898,1.1455,-0.0312,-0.3789,1.0000,-0.0451,0.4185,0.9586,-0.0312,0.4871,1.0000,0.5011,-0.4606,1.0171,0.4688,-0.3789,1.0000,-0.5776,-0.3956,0.8708,-0.5312,-0.3789,1.0000,0.6686,0.1002,1.1229,0.7188,0.0541,1.0000,-0.3116,0.5487,1.0138,-0.5312,0.4871,1.0000
121,0.2630,0.1031,1.0678,0.2188,0.0541,1.0000,-0.0354,0.0897,0.9392,-0.2812,0.0541,1.0000,-0.1282,-0.2880,1.1448,-0.0312,-0.3789,1.0000,-0.0455,0.4185,0.9607,-0.0312,0.4871,1.0000,0.5019,-0.4596,1.0178,0.4688,-0.3789,1.0000,-0.5782,-0.3940,0.8739,-0.5312,-0.3789,1.0000,0.6703,0.1027,1.1217,0.7188,0.0541,1.0000,-0.3142,0.5452,1.0154,-0.5312,0.4871,1.0000
122,0.2650,0.1021,1.0675,0.2188,0.0541,1.0000,-0.0392,0.0877,0.9414,-0.2812,0.0541,1.0000,-0.1261,-0.2862,1.1439,-0.0312,-0.3789,1.0000,-0.0458,0.4184,0.9626,-0.0312,0.4871,1.0000,0.5027,-0.4586,1.0185,0.4688,-0.3789,1.0000,-0.5788,-0.3925,0.8768,-0.5312,-0.3789,1.0000,0.6719,0.1051,1.1205,0.7188,0.0541,1.0000,-0.3168,0.5419,1.0171,-0.5312,0.4871,1.0000
123,0.2668,0.1011,1.0675,0.2188,0.0541,1.0000,-0.0429,0.0858,0.9435,-0.2812,0.0541,1.0000,-0.1240,-0.2845,1.1431,-0.0312,-0.3789,1.0000,-0.0463,0.4185,0.9645,-0.0312,0.4871,1.0000,0.5035,-0.4576,1.0190,0.4688,-0.3789,1.0000,-0.5791,-0.3911,0.8801,-0.5312,-0.3789,1.0000,0.6735,0.1073,1.1196,0.7188,0.0541,1.0000,-0.3193,0.5386,1.0188,-0.5312,0.4871,1.0000
124,0.2686,0.1002,1.0673,0.2188,0.0541,1.0000,-0.0467,0.0839,0.9458,-0.2812,0.0541,1.0000,-0.1220,-0.2828,1.1423,-0.0312,-0.3789,1.0000,-0.0466,0.4186,0.9664,-0.0312,0.4871,1.0000,0.5043,-0.4567,1.0195,0.4688,-0.3789,1.0000,-0.5796,-0.3898,0.8833,-0.5312,-0.3789,1.0000,0.6751,0.1095,1.1186,0.7188,0.0541,1.0000,-0.3219,0.5352,1.0203,-0.5312,0.4871,1.0000
125,0.2703,0.0993,1.0670,0.2188,0.0541,1.0000,-0.0504,0.0820,0.9480,-0.2812,0.0541,1.0000,-0.1200,-0.2811,1.1415,-0.0312,-0.3789,1.0000,-0.0469,0.4187,0.9681,-0.0312,0.4871,1.0000,0.5051,-0.4557,1.0201,0.4688,-0.3789,1.0000,-0.5799,-0.3885,0.8863,-0.5312,-0.3789,1.0000,0.6766,0.1118,1.1176,0.7188,0.0541,1.0000,-0.3244,0.5318,1.0218,-0.5312,0.4871,1.0000
126,0.2719,0.0984,1.0670,0.2188,0.0541,1.0000,-0.0541,0.0800,0.9500,-0.2812,0.0541,1.0000,-0.1180,-0.2794,1.1406,-0.0312,-0.3789,1.0000,-0.0472,0.4188,0.9698,-0.0312,0.4871,1.0000,0.5059,-0.4548,1.0207,0.4688,-0.3789,1.0000,-0.5802,-0.3874,0.8895,-0.5312,-0.3789,1.0000,0.6781,0.1139,1.1167,0.7188,0.0541,1.0000,-0.3270,0.5286,1.0234,-0.5312,0.4871,1.0000
127,0.2734,0.0975,1.0669,0.2188,0.0541,1.0000,-0.0578,0.0780,0.9520,-0.2812,0.0541,1.0000,-0.1161,-0.2778,1.1399,-0.0312,-0.3789,1.0000,-0.0475,0.4190,0.9716,-0.0312,0.4871,1.0000,0.5068,-0.4539,1.0211,0.4688,-0.3789,1.0000,-0.5805,-0.3863,0.8926,-0.5312,-0.3789,1.0000,0.6796,0.1160,1.1159,0.7188,0.0541,1.0000,-0.3295,0.5253,1.0249,-0.5312,0.4871,1.0000
128,0.2750,0.0967,1.0666,0.2188,0.0541,1.0000,-0.0615,0.0760,0.9542,-0.2812,0.0541,1.0000,-0.1143,-0.2761,1.1391,-0.0312,-0.3789,1.0000,-0.0478,0.4192,0.9731,-0.0312,0.4871,1.0000,0.5076,-0.4529,1.0217,0.4688,-0.3789,1.0000,-0.5808,-0.3853,0.8954,-0.5312,-0.3789,1.0000,0.6811,0.1182,1.1149,0.7188,0.0541,1.0000,-0.3320,0.5221,1.0262,-0.5312,0.4871,1.0000
129,0.2764,0.0958,1.0665,0.2188,0.0541,1.0000,-0.0652,0.0739,0.9560,-0.2812,0.0541,1.0000,-0.1125,-0.2745,1.1383,-0.0312,-0.3789,1.0000,-0.0481,0.4193,0.9745,-0.0312,0.4871,1.0000,0.5084,-0.4520,1.0224,0.4688,-0.3789,1.0000,-0.5810,-0.3844,0.8981,-0.5312,-0.3789,1.0000,0.6826,0.1203,1.1139,0.7188,0.0541,1.0000,-0.3345,0.5190,1.0276,-0.5312,0.4871,1.0000
130,0.2778,0.0950,1.0663,0.2188,0.0541,1.0000,-0.0688,0.0718,0.9578,-0.2812,0.0541,1.0000,-0.1107,-0.2730,1.1377,-0.0312,-0.3789,1.0000,-0.0484,0.4195,0.9761,-0.0312,0.4871,1.0000,0.5092,-0.4512,1.0229,0.4688,-0.3789,1.0000,-0.5812,-0.3835,0.9010,-0.5312,-0.3789,1.0000,0.6840,0.1222,1.1130,0.7188,0.0541,1.0000,-0.3369,0.5159,1.0290,-0.5312,0.4871,1.0000
131,0.2792,0.0942,1.0660,0.2188,0.0541,1.0000,-0.0725,0.0698,0.9597,-0.2812,0.0541,1.0000,-0.1091,-0.2713,1.1371,-0.0312,-0.3789,1.0000,-0.0486,0.4196,0.9775,-0.0312,0.4871,1.0000,0.5100,-0.4502,1.0235,0.4688,-0.3789,1.0000,-0.5814,-0.3827,0.9036,-0.5312,-0.3789,1.0000,0.6854,0.1243,1.1120,0.7188,0.0541,1.0000,-0.3394,0.5127,1.0301,-0.5312,0.4871,1.0000
132,0.2805,0.0934,1.0657,0.2188,0.0541,1.0000,-0.0761,0.0678,0.9616,-0.2812,0.0541,1.0000,-0.1075,-0.2698,1.1363,-0.0312,-0.3789,1.0000,-0.0489,0.4198,0.9789,-0.0312,0.4871,1.0000,0.5108,-0.4493,1.0241,0.4688,-0.3789,1.0000,-0.5816,-0.3820,0.9062,-0.5312,-0.3789,1.0000,0.6868,0.1262,1.1109,0.7188,0.0541,1.0000,-0.3419,0.5097,1.0312,-0.5312,0.4871,1.0000
133,0.2817,0.0926,1.0655,0.2188,0.0541,1.0000,-0.0798,0.0657,0.9632,-0.2812,0.0541,1.0000,-0.1060,-0.2683,1.1356,-0.0312,-0.3789,1.0000,-0.0491,0.4199,0.9804,-0.0312,0.4871,1.0000,0.5117,-0.4484,1.0245,0.4688,-0.3789,1.0000,-0.5817,-0.3813,0.9090,-0.5312,-0.3789,1.0000,0.6882,0.1281,1.1100,0.7188,0.0541,1.0000,-0.3443,0.5067,1.0323,-0.5312,0.4871,1.0000
134,0.2829,0.0919,1.0652,0.2188,0.0541,1.0000,-0.0834,0.0638,0.9648,-0.2812,0.0541,1.0000,-0.1046,-0.2667,1.1348,-0.0312,-0.3789,1.0000,-0.0493,0.4200,0.9818,-0.0312,0.4871,1.0000,0.5125,-0.4475,1.0248,0.4688,-0.3789,1.0000,-0.5819,-0.3806,0.9117,-0.5312,-0.3789,1.0000,0.6895,0.1299,1.1089,0.7188,0.0541,1.0000,-0.3467,0.5037,1.0333,-0.5312,0.4871,1.0000
135,0.2841,0.0911,1.0648,0.2188,0.0541,1.0000,-0.0870,0.0618,0.9664,-0.2812,0.0541,1.0000,-0.1031,-0.2651,1.1338,-0.0312,-0.3789,1.0000,-0.0495,0.4201,0.9832,-0.0312,0.4871,1.0000,0.5133,-0.4466,1.0253,0.4688,-0.3789,1.0000,-0.5821,-0.3800,0.9142,-0.5312,-0.3789,1.0000,0.6908,0.1317,1.1077,0.7188,0.0541,1.0000,-0.3492,0.5008,1.0343,-0.5312,0.4871,1.0000
136,0.2852,0.0903,1.0644,0.2188,0.0541,1.0000,-0.0906,0.0598,0.9678,-0.2812,0.0541,1.0000,-0.1017,-0.2636,1.1329,-0.0312,-0.3789,1.0000,-0.0497,0.4203,0.9847,-0.0312,0.4871,1.0000,0.5140,-0.4458,1.0256,0.4688,-0.3789,1.0000,-0.5822,-0.3795,0.9169,-0.5312,-0.3789,1.0000,0.6922,0.1334,1.1066,0.7188,0.0541,1.0000,-0.3516,0.4980,1.0353,-0.5312,0.4871,1.0000
137,0.2862,0.0895,1.0639,0.2188,0.0541,1.0000,-0.0943,0.0579,0.9692,-0.2812,0.0541,1.0000,-0.1004,-0.2621,1.1321,-0.0312,-0.3789,1.0000,-0.0498,0.4204,0.9861,-0.0312,0.4871,1.0000,0.5149,-0.4450,1.0258,0.4688,-0.3789,1.0000,-0.5823,-0.3790,0.9196,-0.5312,-0.3789,1.0000,0.6935,0.1350,1.1054,0.7188,0.0541,1.0000,-0.3539,0.4952,1.0364,-0.5312,0.4871,1.0000
138,0.2873,0.0887,1.0633,0.2188,0.0541,1.0000,-0.0979,0.0561,0.9707,-0.2812,0.0541,1.0000,-0.0991,-0.2606,1.1312,-0.0312,-0.3789,1.0000,-0.0499,0.4205,0.9874,-0.0312,0.4871,1.0000,0.5156,-0.4441,1.0262,0.4688,-0.3789,1.0000,-0.5825,-0.3786,0.9221,-0.5312,-0.3789,1.0000,0.6949,0.1367,1.1041,0.7188,0.0541,1.0000,-0.3563,0.4924,1.0373,-0.5312,0.4871,1.0000
139,0.2882,0.0879,1.0629,0.2188,0.0541,1.0000,-0.1015,0.0542,0.9721,-0.2812,0.0541,1.0000,-0.0978,-0.2591,1.1302,-0.0312,-0.3789,1.0000,-0.0501,0.4207,0.9887,-0.0312,0.4871,1.0000,0.5163,-0.4434,1.0266,0.4688,-0.3789,1.0000,-0.5826,-0.3783,0.9245,-0.5312,-0.3789,1.0000,0.6962,0.1382,1.1029,0.7188,0.0541,1.0000,-0.3587,0.4897,1.0382,-0.5312,0.4871,1.0000
140,0.2891,0.0872,1.0624,0.2188,0.0541,1.0000,-0.1050,0.0524,0.9734,-0.2812,0.0541,1.0000,-0.0966,-0.2576,1.1293,-0.0312,-0.3789,1.0000,-0.0501,0.4209,0.9900,-0.0312,0.4871,1.0000,0.5171,-0.4426,1.0268,0.4688,-0.3789,1.0000,-0.5827,-0.3779,0.9271,-0.5312,-0.3789,1.0000,0.6976,0.1397,1.1017,0.7188,0.0541,1.0000,-0.3609,0.4870,1.0391,-0.5312,0.4871,1.0000
141,0.2901,0.0863,1.0618,0.2188,0.0541,1.0000,-0.1086,0.0506,0.9749,-0.2812,0.0541,1.0000,-0.0953,-0.2560,1.1284,-0.0312,-0.3789,1.0000,-0.0502,0.4210,0.9912,-0.0312,0.4871,1.0000,0.5179,-0.4419,1.0270,0.4688,-0.3789,1.0000,-0.5828,-0.3776,0.9294,-0.5312,-0.3789,1.0000,0.6989,0.1412,1.1004,0.7188,0.0541,1.0000,-0.3632,0.4844,1.0400,-0.5312,0.4871,1.0000
142,0.2909,0.0854,1.0612,0.2188,0.0541,1.0000,-0.1121,0.0488,0.9762,-0.2812,0.0541,1.0000,-0.0941,-0.2545,1.1274,-0.0312,-0.3789,1.0000,-0.0503,0.4211,0.9923,-0.0312,0.4871,1.0000,0.5186,-0.4413,1.0272,0.4688,-0.3789,1.0000,-0.5829,-0.3774,0.9316,-0.5312,-0.3789,1.0000,0.7004,0.1426,1.0992,0.7188,0.0541,1.0000,-0.3654,0.4818,1.0407,-0.5312,0.4871,1.0000
143,0.2917,0.0846,1.0607,0.2188,0.0541,1.0000,-0.1156,0.0470,0.9775,-0.2812,0.0541,1.0000,-0.0929,-0.2530,1.1265,-0.0312,-0.3789,1.0000,-0.0504,0.4213,0.9935,-0.0312,0.4871,1.0000,0.5193,-0.4406,1.0273,0.4688,-0.3789,1.0000,-0.5829,-0.3771,0.9340,-0.5312,-0.3789,1.0000,0.7017,0.1439,1.0981,0.7188,0.0541,1.0000,-0.3676,0.4793,1.0415,-0.5312,0.4871,1.0000
144,0.2926,0.0837,1.0601,0.2188,0.0541,1.0000,-0.1191,0.0454,0.9789,-0.2812,0.0541,1.0000,-0.0918,-0.2515,1.1257,-0.0312,-0.3789,1.0000,-0.0504,0.4214,0.9945,-0.0312,0.4871,1.0000,0.5201,-0.4400,1.0273,0.4688,-0.3789,1.0000,-0.5830,-0.3769,0.9364,-0.5312,-0.3789,1.0000,0.7030,0.1452,1.0970,0.7188,0.0541,1.0000,-0.3698,0.4768,1.0423,-0.5312,0.4871,1.0000
145,0.2934,0.0827,1.0595,0.2188,0.0541,1.0000,-0.1224,0.0437,0.9803,-0.2812,0.0541,1.0000,-0.0906,-0.2500,1.1247,-0.0312,-0.3789,1.0000,-0.0505,0.4214,0.9954,-0.0312,0.4871,1.0000,0.5208,-0.4394,1.0276,0.4688,-0.3789,1.0000,-0.5830,-0.3768,0.9386,-0.5312,-0.3789,1.0000,0.7044,0.1464,1.0959,0.7188,0.0541,1.0000,-0.3720,0.4743,1.0430,-0.5312,0.4871,1.0000
146,0.2942,0.0818,1.0591,0.2188,0.0541,1.0000,-0.1258,0.0422,0.9816,-0.2812,0.0541,1.0000,-0.0894,-0.2485,1.1237,-0.0312,-0.3789,1.0000,-0.0506,0.4215,0.9964,-0.0312,0.4871,1.0000,0.5215,-0.4388,1.0277,0.4688,-0.3789,1.0000,-0.5830,-0.3767,0.9409,-0.5312,-0.3789,1.0000,0.7057,0.1476,1.0949,0.7188,0.0541,1.0000,-0.3741,0.4720,1.0437,-0.5312,0.4871,1.0000
147,0.2950,0.0809,1.0586,0.2188,0.0541,1.0000,-0.1291,0.0407,0.9829,-0.2812,0.0541,1.0000,-0.0883,-0.2471,1.1228,-0.0312,-0.3789,1.0000,-0.0506,0.4215,0.9973,-0.0312,0.4871,1.0000,0.5222,-0.4383,1.0277,0.4688,-0.3789,1.0000,-0.5830,-0.3766,0.9433,-0.5312,-0.3789,1.0000,0.7069,0.1487,1.0939,0.7188,0.0541,1.0000,-0.3762,0.4696,1.0444,-0.5312,0.4871,1.0000
148,0.2957,0.0799,1.0581,0.2188,0.0541,1.0000,-0.1323,0.0393,0.9842,-0.2812,0.0541,1.0000,-0.0872,-0.2455,1.1217,-0.0312,-0.3789,1.0000,-0.0507,0.4215,0.9982,-0.0312,0.4871,1.0000,0.5228,-0.4378,1.0279,0.4688,-0.3789,1.0000,-0.5830,-0.3767,0.9454,-0.5312,-0.3789,1.0000,0.7081,0.1498,1.0928,0.7188,0.0541,1.0000,-0.3784,0.4673,1.0449,-0.5312,0.4871,1.0000
149,0.2964,0.0790,1.0578,0.2188,0.0541,1.0000,-0.1355,0.0378,0.9854,-0.2812,0.0541,1.0000,-0.0860,-0.2441,1.1205,-0.0312,-0.3789,1.0000,-0.0508,0.4215,0.9991,-0.0312,0.4871,1.0000,0.5234,-0.4373,1.0281,0.4688,-0.3789,1.0000,-0.5830,-0.3767,0.9475,-0.5312,-0.3789,1.0000,0.7093,0.1508,1.0918,0.7188,0.0541,1.0000,-0.3805,0.4651,1.0453,-0.5312,0.4871,1.0000
150,0.2972,0.0781,1.0574,0.2188,0.0541,1.0000,-0.1386,0.0366,0.9866,-0.2812,0.0541,1.0000,-0.0848,-0.2427,1.1195,-0.0312,-0.3789,1.0000,-0.0508,0.4214,1.0001,-0.0312,0.4871,1.0000,0.5241,-0.4368,1.0281,0.4688,-0.3789,1.0000,-0.5830,-0.3767,0.9497,-0.5312,-0.3789,1.0000,0.7105,0.1518,1.0908,0.7188,0.0541,1.0000,-0.3825,0.4629,1.0459,-0.5312,0.4871,1.0000
151,0.2979,0.0772,1.0570,0.2188,0.0541,1.0000,-0.1417,0.0353,0.9878,-0.2812,0.0541,1.0000,-0.0837,-0.2412,1.1184,-0.0312,-0.3789,1.0000,-0.0509,0.4212,1.0010,-0.0312,0.4871,1.0000,0.5246,-0.4364,1.0283,0.4688,-0.3789,1.0000,-0.5830,-0.3768,0.9516,-0.5312,-0.3789,1.0000,0.7116,0.1528,1.0897,0.7188,0.0541,1.0000,-0.3846,0.4608,1.0465,-0.5312,0.4871,1.0000
152,0.2986,0.0762,1.0566,0.2188,0.0541,1.0000,-0.1447,0.0341,0.9888,-0.2812,0.0541,1.0000,-0.0824,-0.2398,1.1172,-0.0312,-0.3789,1.0000,-0.0510,0.4212,1.0019,-0.0312,0.4871,1.0000,0.5252,-0.4360,1.0285,0.4688,-0.3789,1.0000,-0.5831,-0.3769,0.9534,-0.5312,-0.3789,1.0000,0.7128,0.1537,1.0886,0.7188,0.0541,1.0000,-0.3866,0.4587,1.0469,-0.5312,0.4871,1.0000
153,0.2993,0.0754,1.0563,0.2188,0.0541,1.0000,-0.1478,0.0330,0.9899,-0.2812,0.0541,1.0000,-0.0812,-0.2385,1.1160,-0.0312,-0.3789,1.0000,-0.0509,0.4211,1.0029,-0.0312,0.4871,1.0000,0.5258,-0.4355,1.0286,0.4688,-0.3789,1.0000,-0.5831,-0.3770,0.9553,-0.5312,-0.3789,1.0000,0.7139,0.1546,1.0876,0.7188,0.0541,1.0000,-0.3886,0.4566,1.0476,-0.5312,0.4871,1.0000
154,0.3000,0.0745,1.0559,0.2188,0.0541,1.0000,-0.1507,0.0319,0.9910,-0.2812,0.0541,1.0000,-0.0799,-0.2371,1.1149,-0.0312,-0.3789,1.0000,-0.0510,0.4209,1.0038,-0.0312,0.4871,1.0000,0.5264,-0.4352,1.0287,0.4688,-0.3789,1.0000,-0.5831,-0.3771,0.9571,-0.5312,-0.3789,1.0000,0.7150,0.1555,1.0866,0.7188,0.0541,1.0000,-0.3905,0.4547,1.0483,-0.5312,0.4871,1.0000
155,0.3007,0.0737,1.0555,0.2188,0.0541,1.0000,-0.1536,0.0308,0.9921,-0.2812,0.0541,1.0000,-0.0786,-0.2358,1.1136,-0.0312,-0.3789,1.0000,-0.0510,0.4207,1.0046,-0.0312,0.4871,1.0000,0.5269,-0.4348,1.0289,0.4688,-0.3789,1.0000,-0.5832,-0.3773,0.9588,-0.5312,-0.3789,1.0000,0.7162,0.1562,1.0855,0.7188,0.0541,1.0000,-0.3925,0.4527,1.0487,-0.5312,0.4871,1.0000
156,0.3014,0.0729,1.0552,0.2188,0.0541,1.0000,-0.1565,0.0298,0.9932,-0.2812,0.0541,1.0000,-0.0772,-0.2345,1.1123,-0.0312,-0.3789,1.0000,-0.0509,0.4206,1.0056,-0.0312,0.4871,1.0000,0.5275,-0.4343,1.0290,0.4688,-0.3789,1.0000,-0.5833,-0.3774,0.9606,-0.5312,-0.3789,1.0000,0.7173,0.1570,1.0845,0.7188,0.0541,1.0000,-0.3944,0.4507,1.0490,-0.5312,0.4871,1.0000
157,0.3021,0.0721,1.0550,0.2188,0.0541,1.0000,-0.1593,0.0289,0.9944,-0.2812,0.0541,1.0000,-0.0759,-0.2332,1.1111,-0.0312,-0.3789,1.0000,-0.0509,0.4204,1.0064,-0.0312,0.4871,1.0000,0.5281,-0.4340,1.0292,0.4688,-0.3789,1.0000,-0.5833,-0.3775,0.9623,-0.5312,-0.3789,1.0000,0.7184,0.1577,1.0835,0.7188,0.0541,1.0000,-0.3962,0.4488,1.0494,-0.5312,0.4871,1.0000
158,0.3028,0.0712,1.0546,0.2188,0.0541,1.0000,-0.1619,0.0280,0.9955,-0.2812,0.0541,1.0000,-0.0745,-0.2319,1.1099,-0.0312,-0.3789,1.0000,-0.0508,0.4202,1.0072,-0.0312,0.4871,1.0000,0.5286,-0.4336,1.0295,0.4688,-0.3789,1.0000,-0.5834,-0.3778,0.9639,-0.5312,-0.3789,1.0000,0.7195,0.1583,1.0824,0.7188,0.0541,1.0000,-0.3982,0.4470,1.0497,-0.5312,0.4871,1.0000
159,0.3034,0.0705,1.0543,0.2188,0.0541,1.0000,-0.1646,0.0271,0.9966,-0.2812,0.0541,1.0000,-0.0731,-0.2307,1.1086,-0.0312,-0.3789,1.0000,-0.0506,0.4200,1.0081,-0.0312,0.4871,1.0000,0.5292,-0.4331,1.0298,0.4688,-0.3789,1.0000,-0.5836,-0.3780,0.9655,-0.5312,-0.3789,1.0000,0.7206,0.1589,1.0814,0.7188,0.0541,1.0000,-0.4000,0.4452,1.0498,-0.5312,0.4871,1.0000
160,0.3040,0.0697,1.0541,0.2188,0.0541,1.0000,-0.1672,0.0263,0.9979,-0.2812,0.0541,1.0000,-0.0717,-0.2295,1.1074,-0.0312,-0.3789,1.0000,-0.0505,0.4198,1.0090,-0.0312,0.4871,1.0000,0.5297,-0.4327,1.0300,0.4688,-0.3789,1.0000,-0.5837,-0.3782,0.9672,-0.5312,-0.3789,1.0000,0.7216,0.1594,1.0805,0.7188,0.0541,1.0000,-0.4019,0.4435,1.0502,-0.5312,0.4871,1.0000
161,0.3047,0.0689,1.0536,0.2188,0.0541,1.0000,-0.1697,0.0255,0.9991,-0.2812,0.0541,1.0000,-0.0702,-0.2284,1.1062,-0.0312,-0.3789,1.0000,-0.0504,0.4196,1.0098,-0.0312,0.4871,1.0000,0.5302,-0.4322,1.0303,0.4688,-0.3789,1.0000,-0.5838,-0.3786,0.9687,-0.5312,-0.3789,1.0000,0.7227,0.1599,1.0795,0.7188,0.0541,1.0000,-0.4038,0.4418,1.0506,-0.5312,0.4871,1.0000
162,0.3053,0.0681,1.0530,0.2188,0.0541,1.0000,-0.1721,0.0248,1.0003,-0.2812,0.0541,1.0000,-0.0687,-0.2273,1.1048,-0.0312,-0.3789,1.0000,-0.0503,0.4194,1.0106,-0.0312,0.4871,1.0000,0.5307,-0.4317,1.0306,0.4688,-0.3789,1.0000,-0.5840,-0.3789,0.9703,-0.5312,-0.3789,1.0000,0.7238,0.1603,1.0784,0.7188,0.0541,1.0000,-0.4057,0.4401,1.0507,-0.5312,0.4871,1.0000
163,0.3058,0.0673,1.0527,0.2188,0.0541,1.0000,-0.1744,0.0242,1.0014,-0.2812,0.0541,1.0000,-0.0671,-0.2262,1.1033,-0.0312,-0.3789,1.0000,-0.0501,0.4192,1.0115,-0.0312,0.4871,1.0000,0.5312,-0.4312,1.0309,0.4688,-0.3789,1.0000,-0.5841,-0.3792,0.9720,-0.5312,-0.3789,1.0000,0.7248,0.1608,1.0775,0.7188,0.0541,1.0000,-0.4075,0.4384,1.0509,-0.5312,0.4871,1.0000
164,0.3064,0.0664,1.0522,0.2188,0.0541,1.0000,-0.1766,0.0235,1.0027,-0.2812,0.0541,1.0000,-0.0655,-0.2252,1.1020,-0.0312,-0.3789,1.0000,-0.0500,0.4189,1.0121,-0.0312,0.4871,1.0000,0.5317,-0.4307,1.0311,0.4688,-0.3789,1.0000,-0.5841,-0.3796,0.9736,-0.5312,-0.3789,1.0000,0.7258,0.1611,1.0766,0.7188,0.0541,1.0000,-0.4093,0.4369,1.0512,-0.5312,0.4871,1.0000
165,0.3070,0.0656,1.0516,0.2188,0.0541,1.0000,-0.1788,0.0229,1.0037,-0.2812,0.0541,1.0000,-0.0639,-0.2243,1.1005,-0.0312,-0.3789,1.0000,-0.0498,0.4186,1.0126,-0.0312,0.4871,1.0000,0.5321,-0.4301,1.0314,0.4688,-0.3789,1.0000,-0.5843,-0.3801,0.9751,-0.5312,-0.3789,1.0000,0.7269,0.1615,1.0755,0.7188,0.0541,1.0000,-0.4112,0.4353,1.0513,-0.5312,0.4871,1.0000
166,0.3074,0.0648,1.0512,0.2188,0.0541,1.0000,-0.1809,0.0223,1.0049,-0.2812,0.0541,1.0000,-0.0622,-0.2233,1.0989,-0.0312,-0.3789,1.0000,-0.0497,0.4184,1.0133,-0.0312,0.4871,1.0000,0.5326,-0.4295,1.0316,0.4688,-0.3789,1.0000,-0.5843,-0.3805,0.9768,-0.5312,-0.3789,1.0000,0.7278,0.1619,1.0747,0.7188,0.0541,1.0000,-0.4130,0.4337,1.0513,-0.5312,0.4871,1.0000
167,0.3079,0.0640,1.0509,0.2188,0.0541,1.0000,-0.1829,0.0218,1.0060,-0.2812,0.0541,1.0000,-0.0605,-0.2225,1.0976,-0.0312,-0.3789,1.0000,-0.0496,0.4181,1.0141,-0.0312,0.4871,1.0000,0.5330,-0.4289,1.0317,0.4688,-0.3789,1.0000,-0.5843,-0.3809,0.9784,-0.5312,-0.3789,1.0000,0.7287,0.1622,1.0740,0.7188,0.0541,1.0000,-0.4148,0.4323,1.0516,-0.5312,0.4871,1.0000
168,0.3084,0.0632,1.0504,0.2188,0.0541,1.0000,-0.1849,0.0212,1.0070,-0.2812,0.0541,1.0000,-0.0588,-0.2218,1.0963,-0.0312,-0.3789,1.0000,-0.0494,0.4178,1.0146,-0.0312,0.4871,1.0000,0.5334,-0.4283,1.0319,0.4688,-0.3789,1.0000,-0.5844,-0.3814,0.9799,-0.5312,-0.3789,1.0000,0.7297,0.1625,1.0731,0.7188,0.0541,1.0000,-0.4165,0.4309,1.0518,-0.5312,0.4871,1.0000
169,0.3089,0.0624,1.0500,0.2188,0.0541,1.0000,-0.1869,0.0207,1.0080,-0.2812,0.0541,1.0000,-0.0570,-0.2210,1.0947,-0.0312,-0.3789,1.0000,-0.0492,0.4175,1.0154,-0.0312,0.4871,1.0000,0.5338,-0.4277,1.0321,0.4688,-0.3789,1.0000,-0.5844,-0.3819,0.9814,-0.5312,-0.3789,1.0000,0.7306,0.1627,1.0723,0.7188,0.0541,1.0000,-0.4182,0.4294,1.0519,-0.5312,0.4871,1.0000
170,0.3093,0.0617,1.0498,0.2188,0.0541,1.0000,-0.1887,0.0202,1.0091,-0.2812,0.0541,1.0000,-0.0552,-0.2204,1.0932,-0.0312,-0.3789,1.0000,-0.0490,0.4173,1.0163,-0.0312,0.4871,1.0000,0.5343,-0.4272,1.0322,0.4688,-0.3789,1.0000,-0.5843,-0.3824,0.9830,-0.5312,-0.3789,1.0000,0.7315,0.1629,1.0715,0.7188,0.0541,1.0000,-0.4200,0.4280,1.0521,-0.5312,0.4871,1.0000
171,0.3098,0.0609,1.0493,0.2188,0.0541,1.0000,-0.1905,0.0196,1.0100,-0.2812,0.0541,1.0000,-0.0535,-0.2198,1.0919,-0.0312,-0.3789,1.0000,-0.0488,0.4170,1.0168,-0.0312,0.4871,1.0000,0.5346,-0.4266,1.0324,0.4688,-0.3789,1.0000,-0.5842,-0.3830,0.9844,-0.5312,-0.3789,1.0000,0.7325,0.1631,1.0705,0.7188,0.0541,1.0000,-0.4217,0.4266,1.0524,-0.5312,0.4871,1.0000
172,0.3103,0.0601,1.0488,0.2188,0.0541,1.0000,-0.1924,0.0191,1.0110,-0.2812,0.0541,1.0000,-0.0516,-0.2193,1.0903,-0.0312,-0.3789,1.0000,-0.0486,0.4167,1.0174,-0.0312,0.4871,1.0000,0.5349,-0.4260,1.0326,0.4688,-0.3789,1.0000,-0.5842,-0.3835,0.9858,-0.5312,-0.3789,1.0000,0.7334,0.1633,1.0695,0.7188,0.0541,1.0000,-0.4233,0.4251,1.0525,-0.5312,0.4871,1.0000
173,0.3107,0.0594,1.0485,0.2188,0.0541,1.0000,-0.1941,0.0186,1.0120,-0.2812,0.0541,1.0000,-0.0498,-0.2188,1.0888,-0.0312,-0.3789,1.0000,-0.0484,0.4165,1.0182,-0.0312,0.4871,1.0000,0.5353,-0.4255,1.0325,0.4688,-0.3789,1.0000,-0.5840,-0.3841,0.9871,-0.5312,-0.3789,1.0000,0.7342,0.1634,1.0687,0.7188,0.0541,1.0000,-0.4250,0.4237,1.0526,-0.5312,0.4871,1.0000
174,0.3111,0.0587,1.0481,0.2188,0.0541,1.0000,-0.1958,0.0181,1.0130,-0.2812,0.0541,1.0000,-0.0480,-0.2184,1.0875,-0.0312,-0.3789,1.0000,-0.0482,0.4162,1.0188,-0.0312,0.4871,1.0000,0.5357,-0.4250,1.0324,0.4688,-0.3789,1.0000,-0.5839,-0.3847,0.9884,-0.5312,-0.3789,1.0000,0.7352,0.1635,1.0678,0.7188,0.0541,1.0000,-0.4266,0.4224,1.0528,-0.5312,0.4871,1.0000
175,0.3116,0.0580,1.0477,0.2188,0.0541,1.0000,-0.1975,0.0175,1.0140,-0.2812,0.0541,1.0000,-0.0462,-0.2181,1.0861,-0.0312,-0.3789,1.0000,-0.0479,0.4159,1.0192,-0.0312,0.4871,1.0000,0.5359,-0.4245,1.0325,0.4688,-0.3789,1.0000,-0.5839,-0.3853,0.9896,-0.5312,-0.3789,1.0000,0.7361,0.1636,1.0667,0.7188,0.0541,1.0000,-0.4282,0.4211,1.0529,-0.5312,0.4871,1.0000
176,0.3119,0.0574,1.0476,0.2188,0.0541,1.0000,-0.1991,0.0170,1.0151,-0.2812,0.0541,1.0000,-0.0444,-0.2177,1.0847,-0.0312,-0.3789,1.0000,-0.0476,0.4157,1.0198,-0.0312,0.4871,1.0000,0.5362,-0.4241,1.0325,0.4688,-0.3789,1.0000,-0.5838,-0.3859,0.9909,-0.5312,-0.3789,1.0000,0.7370,0.1636,1.0659,0.7188,0.0541,1.0000,-0.4298,0.4198,1.0529,-0.5312,0.4871,1.0000
177,0.3123,0.0568,1.0473,0.2188,0.0541,1.0000,-0.2006,0.0164,1.0162,-0.2812,0.0541,1.0000,-0.0427,-0.2176,1.0835,-0.0312,-0.3789,1.0000,-0.0474,0.4155,1.0204,-0.0312,0.4871,1.0000,0.5366,-0.4237,1.0324,0.4688,-0.3789,1.0000,-0.5837,-0.3865,0.9922,-0.5312,-0.3789,1.0000,0.7379,0.1635,1.0652,0.7188,0.0541,1.0000,-0.4314,0.4186,1.0529,-0.5312,0.4871,1.0000
178,0.3127,0.0562,1.0468,0.2188,0.0541,1.0000,-0.2021,0.0158,1.0172,-0.2812,0.0541,1.0000,-0.0409,-0.2174,1.0823,-0.0312,-0.3789,1.0000,-0.0471,0.4152,1.0208,-0.0312,0.4871,1.0000,0.5368,-0.4233,1.0325,0.4688,-0.3789,1.0000,-0.5837,-0.3871,0.9933,-0.5312,-0.3789,1.0000,0.7388,0.1635,1.0643,0.7188,0.0541,1.0000,-0.4330,0.4174,1.0529,-0.5312,0.4871,1.0000
179,0.3130,0.0556,1.0465,0.2188,0.0541,1.0000,-0.2035,0.0152,1.0182,-0.2812,0.0541,1.0000,-0.0392,-0.2173,1.0810,-0.0312,-0.3789,1.0000,-0.0469,0.4150,1.0213,-0.0312,0.4871,1.0000,0.5370,-0.4229,1.0326,0.4688,-0.3789,1.0000,-0.5836,-0.3877,0.9944,-0.5312,-0.3789,1.0000,0.7397,0.1634,1.0634,0.7188,0.0541,1.0000,-0.4346,0.4161,1.0528,-0.5312,0.4871,1.0000
180,0.3133,0.0550,1.0463,0.2188,0.0541,1.0000,-0.2048,0.0145,1.0193,-0.2812,0.0541,1.0000,-0.0375,-0.2172,1.0797,-0.0312,-0.3789,1.0000,-0.0467,0.4148,1.0219,-0.0312,0.4871,1.0000,0.5373,-0.4226,1.0325,0.4688,-0.3789,1.0000,-0.5835,-0.3883,0.9956,-0.5312,-0.3789,1.0000,0.7405,0.1633,1.0627,0.7188,0.0541,1.0000,-0.4362,0.4150,1.0527,-0.5312,0.4871,1.0000
181,0.3138,0.0544,1.0460,0.2188,0.0541,1.0000,-0.2062,0.0138,1.0202,-0.2812,0.0541,1.0000,-0.0358,-0.2173,1.0786,-0.0312,-0.3789,1.0000,-0.0465,0.4145,1.0222,-0.0312,0.4871,1.0000,0.5376,-0.4222,1.0325,0.4688,-0.3789,1.0000,-0.5836,-0.3889,0.9966,-0.5312,-0.3789,1.0000,0.7414,0.1632,1.0619,0.7188,0.0541,1.0000,-0.4378,0.4139,1.0526,-0.5312,0.4871,1.0000
182,0.3141,0.0538,1.0457,0.2188,0.0541,1.0000,-0.2075,0.0131,1.0211,-0.2812,0.0541,1.0000,-0.0341,-0.2173,1.0773,-0.0312,-0.3789,1.0000,-0.0463,0.4142,1.0225,-0.0312,0.4871,1.0000,0.5378,-0.4219,1.0327,0.4688,-0.3789,1.0000,-0.5835,-0.3895,0.9975,-0.5312,-0.3789,1.0000,0.7423,0.1632,1.0610,0.7188,0.0541,1.0000,-0.4394,0.4128,1.0524,-0.5312,0.4871,1.0000
183,0.3144,0.0533,1.0454,0.2188,0.0541,1.0000,-0.2087,0.0124,1.0220,-0.2812,0.0541,1.0000,-0.0324,-0.2175,1.0760,-0.0312,-0.3789,1.0000,-0.0462,0.4140,1.0229,-0.0312,0.4871,1.0000,0.5381,-0.4216,1.0326,0.4688,-0.3789,1.0000,-0.5835,-0.3901,0.9986,-0.5312,-0.3789,1.0000,0.7431,0.1630,1.0604,0.7188,0.0541,1.0000,-0.4411,0.4117,1.0522,-0.5312,0.4871,1.0000
184,0.3147,0.0527,1.0450,0.2188,0.0541,1.0000,-0.2100,0.0116,1.0228,-0.2812,0.0541,1.0000,-0.0308,-0.2177,1.0749,-0.0312,-0.3789,1.0000,-0.0460,0.4137,1.0232,-0.0312,0.4871,1.0000,0.5384,-0.4213,1.0325,0.4688,-0.3789,1.0000,-0.5834,-0.3907,0.9997,-0.5312,-0.3789,1.0000,0.7439,0.1628,1.0597,0.7188,0.0541,1.0000,-0.4427,0.4107,1.0522,-0.5312,0.4871,1.0000
185,0.3150,0.0521,1.0446,0.2188,0.0541,1.0000,-0.2112,0.0108,1.0235,-0.2812,0.0541,1.0000,-0.0293,-0.2180,1.0736,-0.0312,-0.3789,1.0000,-0.0459,0.4134,1.0233,-0.0312,0.4871,1.0000,0.5385,-0.4210,1.0327,0.4688,-0.3789,1.0000,-0.5834,-0.3914,1.0007,-0.5312,-0.3789,1.0000,0.7447,0.1628,1.0590,0.7188,0.0541,1.0000,-0.4443,0.4096,1.0520,-0.5312,0.4871,1.0000
186,0.3153,0.0515,1.0443,0.2188,0.0541,1.0000,-0.2124,0.0100,1.0243,-0.2812,0.0541,1.0000,-0.0277,-0.2183,1.0723,-0.0312,-0.3789,1.0000,-0.0458,0.4132,1.0236,-0.0312,0.4871,1.0000,0.5388,-0.4207,1.0327,0.4688,-0.3789,1.0000,-0.5833,-0.3920,1.0019,-0.5312,-0.3789,1.0000,0.7454,0.1626,1.0585,0.7188,0.0541,1.0000,-0.4459,0.4086,1.0519,-0.5312,0.4871,1.0000
187,0.3156,0.0510,1.0439,0.2188,0.0541,1.0000,-0.2137,0.0091,1.0250,-0.2812,0.0541,1.0000,-0.0262,-0.2188,1.0712,-0.0312,-0.3789,1.0000,-0.0457,0.4130,1.0239,-0.0312,0.4871,1.0000,0.5390,-0.4203,1.0327,0.4688,-0.3789,1.0000,-0.5833,-0.3926,1.0031,-0.5312,-0.3789,1.0000,0.7461,0.1624,1.0580,0.7188,0.0541,1.0000,-0.4475,0.4076,1.0519,-0.5312,0.4871,1.0000
188,0.3158,0.0504,1.0435,0.2188,0.0541,1.0000,-0.2150,0.0082,1.0256,-0.2812,0.0541,1.0000,-0.0247,-0.2193,1.0700,-0.0312,-0.3789,1.0000,-0.0456,0.4127,1.0241,-0.0312,0.4871,1.0000,0.5392,-0.4200,1.0329,0.4688,-0.3789,1.0000,-0.5833,-0.3932,1.0040,-0.5312,-0.3789,1.0000,0.7469,0.1623,1.0573,0.7188,0.0541,1.0000,-0.4490,0.4066,1.0519,-0.5312,0.4871,1.0000
189,0.3159,0.0498,1.0431,0.2188,0.0541,1.0000,-0.2162,0.0074,1.0263,-0.2812,0.0541,1.0000,-0.0232,-0.2199,1.0688,-0.0312,-0.3789,1.0000,-0.0456,0.4125,1.0244,-0.0312,0.4871,1.0000,0.5394,-0.4197,1.0330,0.4688,-0.3789,1.0000,-0.5832,-0.3939,1.0049,-0.5312,-0.3789,1.0000,0.7476,0.1622,1.0568,0.7188,0.0541,1.0000,-0.4506,0.4057,1.0518,-0.5312,0.4871,1.0000
190,0.3160,0.0492,1.0427,0.2188,0.0541,1.0000,-0.2174,0.0065,1.0270,-0.2812,0.0541,1.0000,-0.0218,-0.2206,1.0676,-0.0312,-0.3789,1.0000,-0.0455,0.4123,1.0247,-0.0312,0.4871,1.0000,0.5397,-0.4193,1.0330,0.4688,-0.3789,1.0000,-0.5831,-0.3945,1.0059,-0.5312,-0.3789,1.0000,0.7483,0.1620,1.0563,0.7188,0.0541,1.0000,-0.4521,0.4048,1.0517,-0.5312,0.4871,1.0000
191,0.3161,0.0486,1.0421,0.2188,0.0541,1.0000,-0.2188,0.0056,1.0275,-0.2812,0.0541,1.0000,-0.0204,-0.2213,1.0666,-0.0312,-0.3789,1.0000,-0.0455,0.4120,1.0249,-0.0312,0.4871,1.0000,0.5399,-0.4190,1.0331,0.4688,-0.3789,1.0000,-0.5831,-0.3951,1.0067,-0.5312,-0.3789,1.0000,0.7490,0.1619,1.0557,0.7188,0.0541,1.0000,-0.4536,0.4039,1.0518,-0.5312,0.4871,1.0000
192,0.3161,0.0479,1.0417,0.2188,0.0541,1.0000,-0.2200,0.0047,1.0280,-0.2812,0.0541,1.0000,-0.0191,-0.2219,1.0655,-0.0312,-0.3789,1.0000,-0.0455,0.4118,1.0251,-0.0312,0.4871,1.0000,0.5401,-0.4187,1.0332,0.4688,-0.3789,1.0000,-0.5831,-0.3958,1.0073,-0.5312,-0.3789,1.0000,0.7496,0.1618,1.0551,0.7188,0.0541,1.0000,-0.4551,0.4030,1.0516,-0.5312,0.4871,1.0000
193,0.3161,0.0473,1.0413,0.2188,0.0541,1.0000,-0.2213,0.0038,1.0286,-0.2812,0.0541,1.0000,-0.0177,-0.2227,1.0644,-0.0312,-0.3789,1.0000,-0.0454,0.4116,1.0254,-0.0312,0.4871,1.0000,0.5404,-0.4184,1.0332,0.4688,-0.3789,1.0000,-0.5830,-0.3963,1.0082,-0.5312,-0.3789,1.0000,0.7503,0.1616,1.0546,0.7188,0.0541,1.0000,-0.4565,0.4021,1.0515,-0.5312,0.4871,1.0000
194,0.3161,0.0466,1.0408,0.2188,0.0541,1.0000,-0.2226,0.0029,1.0290,-0.2812,0.0541,1.0000,-0.0164,-0.2235,1.0636,-0.0312,-0.3789,1.0000,-0.0453,0.4112,1.0256,-0.0312,0.4871,1.0000,0.5407,-0.4181,1.0332,0.4688,-0.3789,1.0000,-0.5830,-0.3969,1.0089,-0.5312,-0.3789,1.0000,0.7510,0.1615,1.0540,0.7188,0.0541,1.0000,-0.4579,0.4013,1.0514,-0.5312,0.4871,1.0000
195,0.3160,0.0459,1.0403,0.2188,0.0541,1.0000,-0.2239,0.0020,1.0294,-0.2812,0.0541,1.0000,-0.0151,-0.2242,1.0626,-0.0312,-0.3789,1.0000,-0.0453,0.4109,1.0259,-0.0312,0.4871,1.0000,0.5409,-0.4178,1.0334,0.4688,-0.3789,1.0000,-0.5831,-0.3976,1.0096,-0.5312,-0.3789,1.0000,0.7516,0.1613,1.0533,0.7188,0.0541,1.0000,-0.4594,0.4004,1.0512,-0.5312,0.4871,1.0000
196,0.3159,0.0452,1.0399,0.2188,0.0541,1.0000,-0.2252,0.0010,1.0300,-0.2812,0.0541,1.0000,-0.0139,-0.2250,1.0617,-0.0312,-0.3789,1.0000,-0.0452,0.4107,1.0264,-0.0312,0.4871,1.0000,0.5412,-0.4175,1.0333,0.4688,-0.3789,1.0000,-0.5831,-0.3981,1.0104,-0.5312,-0.3789,1.0000,0.7522,0.1610,1.0528,0.7188,0.0541,1.0000,-0.4609,0.3996,1.0510,-0.5312,0.4871,1.0000
197,0.3158,0.0445,1.0394,0.2188,0.0541,1.0000,-0.2265,0.0001,1.0306,-0.2812,0.0541,1.0000,-0.0127,-0.2259,1.0610,-0.0312,-0.3789,1.0000,-0.0451,0.4104,1.0267,-0.0312,0.4871,1.0000,0.5415,-0.4172,1.0333,0.4688,-0.3789,1.0000,-0.5831,-0.3987,1.0112,-0.5312,-0.3789,1.0000,0.7529,0.1608,1.0521,0.7188,0.0541,1.0000,-0.4623,0.3988,1.0509,-0.5312,0.4871,1.0000
198,0.3156,0.0437,1.0389,0.2188,0.0541,1.0000,-0.2278,-0.0009,1.0310,-0.2812,0.0541,1.0000,-0.0116,-0.2266,1.0602,-0.0312,-0.3789,1.0000,-0.0450,0.4101,1.0270,-0.0312,0.4871,1.0000,0.5417,-0.4170,1.0333,0.4688,-0.3789,1.0000,-0.5832,-0.3993,1.0119,-0.5312,-0.3789,1.0000,0.7535,0.1606,1.0514,0.7188,0.0541,1.0000,-0.4637,0.3981,1.0507,-0.5312,0.4871,1.0000
199,0.3155,0.0429,1.0385,0.2188,0.0541,1.0000,-0.2291,-0.0018,1.0315,-0.2812,0.0541,1.0000,-0.0105,-0.2274,1.0595,-0.0312,-0.3789,1.0000,-0.0448,0.4098,1.0274,-0.0312,0.4871,1.0000,0.5419,-0.4167,1.0332,0.4688,-0.3789,1.0000,-0.5833,-0.4000,1.0126,-0.5312,-0.3789,1.0000,0.7541,0.1602,1.0508,0.7188,0.0541,1.0000,-0.4652,0.3973,1.0505,-0.5312,0.4871,1.0000
200,0.3153,0.0422,1.0382,0.2188,0.0541,1.0000,-0.2304,-0.0027,1.0320,-0.2812,0.0541,1.0000,-0.0095,-0.2283,1.0588,-0.0312,-0.3789,1.0000,-0.0446,0.4096,1.0278,-0.0312,0.4871,1.0000,0.5422,-0.4165,1.0331,0.4688,-0.3789,1.0000,-0.5833,-0.4005,1.0134,-0.5312,-0.3789,1.0000,0.7547,0.1599,1.0502,0.7188,0.0541,1.0000,-0.4666,0.3967,1.0503,-0.5312,0.4871,1.0000
201,0.3152,0.0413,1.0378,0.2188,0.0541,1.0000,-0.2318,-0.0037,1.0323,-0.2812,0.0541,1.0000,-0.0085,-0.2291,1.0581,-0.0312,-0.3789,1.0000,-0.0444,0.4093,1.0281,-0.0312,0.4871,1.0000,0.5423,-0.4164,1.0331,0.4688,-0.3789,1.0000,-0.5834,-0.4011,1.0140,-0.5312,-0.3789,1.0000,0.7554,0.1596,1.0495,0.7188,0.0541,1.0000,-0.4680,0.3960,1.0502,-0.5312,0.4871,1.0000
202,0.3150,0.0405,1.0376,0.2188,0.0541,1.0000,-0.2332,-0.0047,1.0325,-0.2812,0.0541,1.0000,-0.0076,-0.2299,1.0574,-0.0312,-0.3789,1.0000,-0.0442,0.4091,1.0285,-0.0312,0.4871,1.0000,0.5425,-0.4162,1.0330,0.4688,-0.3789,1.0000,-0.5835,-0.4018,1.0146,-0.5312,-0.3789,1.0000,0.7560,0.1591,1.0489,0.7188,0.0541,1.0000,-0.4695,0.3953,1.0499,-0.5312,0.4871,1.0000
203,0.3148,0.0398,1.0374,0.2188,0.0541,1.0000,-0.2345,-0.0055,1.0329,-0.2812,0.0541,1.0000,-0.0067,-0.2308,1.0567,-0.0312,-0.3789,1.0000,-0.0439,0.4089,1.0288,-0.0312,0.4871,1.0000,0.5427,-0.4161,1.0328,0.4688,-0.3789,1.0000,-0.5835,-0.4023,1.0154,-0.5312,-0.3789,1.0000,0.7567,0.1587,1.0483,0.7188,0.0541,1.0000,-0.4709,0.3948,1.0496,-0.5312,0.4871,1.0000
204,0.3147,0.0390,1.0372,0.2188,0.0541,1.0000,-0.2359,-0.0064,1.0331,-0.2812,0.0541,1.0000,-0.0059,-0.2316,1.0560,-0.0312,-0.3789,1.0000,-0.0437,0.4087,1.0290,-0.0312,0.4871,1.0000,0.5428,-0.4160,1.0327,0.4688,-0.3789,1.0000,-0.5836,-0.4029,1.0161,-0.5312,-0.3789,1.0000,0.7574,0.1584,1.0477,0.7188,0.0541,1.0000,-0.4723,0.3942,1.0495,-0.5312,0.4871,1.0000
205,0.3144,0.0382,1.0371,0.2188,0.0541,1.0000,-0.2374,-0.0073,1.0332,-0.2812,0.0541,1.0000,-0.0050,-0.2325,1.0552,-0.0312,-0.3789,1.0000,-0.0435,0.4085,1.0292,-0.0312,0.4871,1.0000,0.5430,-0.4159,1.0326,0.4688,-0.3789,1.0000,-0.5836,-0.4036,1.0167,-0.5312,-0.3789,1.0000,0.7581,0.1579,1.0471,0.7188,0.0541,1.0000,-0.4738,0.3936,1.0493,-0.5312,0.4871,1.0000
206,0.3143,0.0376,1.0370,0.2188,0.0541,1.0000,-0.2387,-0.0081,1.0336,-0.2812,0.0541,1.0000,-0.0042,-0.2334,1.0544,-0.0312,-0.3789,1.0000,-0.0432,0.4084,1.0295,-0.0312,0.4871,1.0000,0.5431,-0.4159,1.0324,0.4688,-0.3789,1.0000,-0.5836,-0.4041,1.0175,-0.5312,-0.3789,1.0000,0.7587,0.1575,1.0466,0.7188,0.0541,1.0000,-0.4752,0.3930,1.0490,-0.5312,0.4871,1.0000
207,0.3141,0.0368,1.0368,0.2188,0.0541,1.0000,-0.2401,-0.0089,1.0340,-0.2812,0.0541,1.0000,-0.0034,-0.2343,1.0537,-0.0312,-0.3789,1.0000,-0.0429,0.4082,1.0296,-0.0312,0.4871,1.0000,0.5432,-0.4159,1.0322,0.4688,-0.3789,1.0000,-0.5836,-0.4047,1.0182,-0.5312,-0.3789,1.0000,0.7594,0.1571,1.0461,0.7188,0.0541,1.0000,-0.4765,0.3925,1.0489,-0.5312,0.4871,1.0000
208,0.3139,0.0362,1.0367,0.2188,0.0541,1.0000,-0.2416,-0.0098,1.0342,-0.2812,0.0541,1.0000,-0.0026,-0.2352,1.0529,-0.0312,-0.3789,1.0000,-0.0427,0.4080,1.0296,-0.0312,0.4871,1.0000,0.5434,-0.4159,1.0321,0.4688,-0.3789,1.0000,-0.5835,-0.4054,1.0189,-0.5312,-0.3789,1.0000,0.7602,0.1567,1.0456,0.7188,0.0541,1.0000,-0.4779,0.3919,1.0489,-0.5312,0.4871,1.0000
209,0.3138,0.0356,1.0366,0.2188,0.0541,1.0000,-0.2430,-0.0106,1.0344,-0.2812,0.0541,1.0000,-0.0018,-0.2362,1.0522,-0.0312,-0.3789,1.0000,-0.0425,0.4078,1.0298,-0.0312,0.4871,1.0000,0.5435,-0.4160,1.0319,0.4688,-0.3789,1.0000,-0.5835,-0.4060,1.0196,-0.5312,-0.3789,1.0000,0.7608,0.1562,1.0453,0.7188,0.0541,1.0000,-0.4792,0.3914,1.0487,-0.5312,0.4871,1.0000
210,0.3137,0.0350,1.0365,0.2188,0.0541,1.0000,-0.2444,-0.0113,1.0348,-0.2812,0.0541,1.0000,-0.0010,-0.2371,1.0515,-0.0312,-0.3789,1.0000,-0.0422,0.4076,1.0299,-0.0312,0.4871,1.0000,0.5437,-0.4161,1.0318,0.4688,-0.3789,1.0000,-0.5835,-0.4067,1.0203,-0.5312,-0.3789,1.0000,0.7615,0.1558,1.0449,0.7188,0.0541,1.0000,-0.4805,0.3909,1.0486,-0.5312,0.4871,1.0000
211,0.3135,0.0344,1.0363,0.2188,0.0541,1.0000,-0.2458,-0.0121,1.0350,-0.2812,0.0541,1.0000,-0.0002,-0.2380,1.0508,-0.0312,-0.3789,1.0000,-0.0421,0.4074,1.0298,-0.0312,0.4871,1.0000,0.5438,-0.4162,1.0318,0.4688,-0.3789,1.0000,-0.5834,-0.4074,1.0209,-0.5312,-0.3789,1.0000,0.7622,0.1554,1.0445,0.7188,0.0541,1.0000,-0.4818,0.3904,1.0486,-0.5312,0.4871,1.0000
212,0.3133,0.0338,1.0362,0.2188,0.0541,1.0000,-0.2472,-0.0129,1.0352,-0.2812,0.0541,1.0000,0.0006,-0.2390,1.0501,-0.0312,-0.3789,1.0000,-0.0419,0.4072,1.0300,-0.0312,0.4871,1.0000,0.5440,-0.4163,1.0317,0.4688,-0.3789,1.0000,-0.5834,-0.4081,1.0214,-0.5312,-0.3789,1.0000,0.7628,0.1550,1.0442,0.7188,0.0541,1.0000,-0.4832,0.3900,1.0483,-0.5312,0.4871,1.0000
213,0.3132,0.0332,1.0361,0.2188,0.0541,1.0000,-0.2485,-0.0136,1.0355,-0.2812,0.0541,1.0000,0.0014,-0.2399,1.0496,-0.0312,-0.3789,1.0000,-0.0417,0.4071,1.0301,-0.0312,0.4871,1.0000,0.5441,-0.4164,1.0317,0.4688,-0.3789,1.0000,-0.5833,-0.4087,1.0221,-0.5312,-0.3789,1.0000,0.7634,0.1546,1.0439,0.7188,0.0541,1.0000,-0.4845,0.3895,1.0479,-0.5312,0.4871,1.0000
214,0.3130,0.0326,1.0359,0.2188,0.0541,1.0000,-0.2498,-0.0143,1.0357,-0.2812,0.0541,1.0000,0.0022,-0.2408,1.0491,-0.0312,-0.3789,1.0000,-0.0416,0.4068,1.0301,-0.0312,0.4871,1.0000,0.5442,-0.4165,1.0318,0.4688,-0.3789,1.0000,-0.5832,-0.4094,1.0227,-0.5312,-0.3789,1.0000,0.7640,0.1542,1.0436,0.7188,0.0541,1.0000,-0.4858,0.3891,1.0478,-0.5312,0.4871,1.0000
215,0.3129,0.0321,1.0358,0.2188,0.0541,1.0000,-0.2511,-0.0151,1.0358,-0.2812,0.0541,1.0000,0.0030,-0.2417,1.0485,-0.0312,-0.3789,1.0000,-0.0416,0.4067,1.0301,-0.0312,0.4871,1.0000,0.5444,-0.4166,1.0319,0.4688,-0.3789,1.0000,-0.5831,-0.4100,1.0231,-0.5312,-0.3789,1.0000,0.7646,0.1537,1.0433,0.7188,0.0541,1.0000,-0.4871,0.3887,1.0475,-0.5312,0.4871,1.0000
216,0.3127,0.0316,1.0357,0.2188,0.0541,1.0000,-0.2523,-0.0157,1.0362,-0.2812,0.0541,1.0000,0.0037,-0.2426,1.0481,-0.0312,-0.3789,1.0000,-0.0414,0.4065,1.0302,-0.0312,0.4871,1.0000,0.5445,-0.4167,1.0319,0.4688,-0.3789,1.0000,-0.5831,-0.4106,1.0236,-0.5312,-0.3789,1.0000,0.7651,0.1534,1.0430,0.7188,0.0541,1.0000,-0.4884,0.3883,1.0471,-0.5312,0.4871,1.0000
217,0.3125,0.0310,1.0354,0.2188,0.0541,1.0000,-0.2536,-0.0164,1.0366,-0.2812,0.0541,1.0000,0.0045,-0.2435,1.0476,-0.0312,-0.3789,1.0000,-0.0413,0.4063,1.0302,-0.0312,0.4871,1.0000,0.5446,-0.4167,1.0319,0.4688,-0.3789,1.0000,-0.5830,-0.4112,1.0241,-0.5312,-0.3789,1.0000,0.7656,0.1530,1.0427,0.7188,0.0541,1.0000,-0.4897,0.3880,1.0470,-0.5312,0.4871,1.0000
218,0.3122,0.0304,1.0352,0.2188,0.0541,1.0000,-0.2548,-0.0172,1.0368,-0.2812,0.0541,1.0000,0.0052,-0.2443,1.0471,-0.0312,-0.3789,1.0000,-0.0413,0.4061,1.0301,-0.0312,0.4871,1.0000,0.5447,-0.4167,1.0321,0.4688,-0.3789,1.0000,-0.5829,-0.4118,1.0244,-0.5312,-0.3789,1.0000,0.7661,0.1525,1.0423,0.7188,0.0541,1.0000,-0.4910,0.3877,1.0469,-0.5312,0.4871,1.0000
219,0.3120,0.0299,1.0351,0.2188,0.0541,1.0000,-0.2560,-0.0179,1.0370,-0.2812,0.0541,1.0000,0.0059,-0.2452,1.0467,-0.0312,-0.3789,1.0000,-0.0411,0.4059,1.0304,-0.0312,0.4871,1.0000,0.5449,-0.4167,1.0321,0.4688,-0.3789,1.0000,-0.5829,-0.4123,1.0248,-0.5312,-0.3789,1.0000,0.7666,0.1520,1.0420,0.7188,0.0541,1.0000,-0.4923,0.3873,1.0466,-0.5312,0.4871,1.0000
220,0.3118,0.0293,1.0348,0.2188,0.0541,1.0000,-0.2572,-0.0185,1.0374,-0.2812,0.0541,1.0000,0.0066,-0.2461,1.0463,-0.0312,-0.3789,1.0000,-0.0410,0.4058,1.0306,-0.0312,0.4871,1.0000,0.5450,-0.4168,1.0321,0.4688,-0.3789,1.0000,-0.5828,-0.4128,1.0252,-0.5312,-0.3789,1.0000,0.7671,0.1516,1.0415,0.7188,0.0541,1.0000,-0.4936,0.3870,1.0463,-0.5312,0.4871,1.0000
221,0.3115,0.0287,1.0345,0.2188,0.0541,1.0000,-0.2583,-0.0192,1.0375,-0.2812,0.0541,1.0000,0.0073,-0.2469,1.0458,-0.0312,-0.3789,1.0000,-0.0410,0.4055,1.0306,-0.0312,0.4871,1.0000,0.5451,-0.4167,1.0322,0.4688,-0.3789,1.0000,-0.5828,-0.4134,1.0254,-0.5312,-0.3789,1.0000,0.7677,0.1511,1.0410,0.7188,0.0541,1.0000,-0.4949,0.3867,1.0462,-0.5312,0.4871,1.0000
222,0.3113,0.0282,1.0345,0.2188,0.0541,1.0000,-0.2595,-0.0199,1.0376,-0.2812,0.0541,1.0000,0.0079,-0.2478,1.0453,-0.0312,-0.3789,1.0000,-0.0408,0.4054,1.0308,-0.0312,0.4871,1.0000,0.5453,-0.4167,1.0323,0.4688,-0.3789,1.0000,-0.5829,-0.4139,1.0256,-0.5312,-0.3789,1.0000,0.7681,0.1506,1.0407,0.7188,0.0541,1.0000,-0.4962,0.3865,1.0460,-0.5312,0.4871,1.0000
223,0.3110,0.0276,1.0344,0.2188,0.0541,1.0000,-0.2606,-0.0205,1.0379,-0.2812,0.0541,1.0000,0.0086,-0.2486,1.0448,-0.0312,-0.3789,1.0000,-0.0407,0.4052,1.0310,-0.0312,0.4871,1.0000,0.5454,-0.4167,1.0322,0.4688,-0.3789,1.0000,-0.5829,-0.4143,1.0259,-0.5312,-0.3789,1.0000,0.7687,0.1501,1.0402,0.7188,0.0541,1.0000,-0.4974,0.3861,1.0457,-0.5312,0.4871,1.0000
224,0.3107,0.0271,1.0343,0.2188,0.0541,1.0000,-0.2618,-0.0211,1.0379,-0.2812,0.0541,1.0000,0.0093,-0.2494,1.0443,-0.0312,-0.3789,1.0000,-0.0407,0.4050,1.0309,-0.0312,0.4871,1.0000,0.5455,-0.4166,1.0323,0.4688,-0.3789,1.0000,-0.5830,-0.4149,1.0261,-0.5312,-0.3789,1.0000,0.7693,0.1496,1.0398,0.7188,0.0541,1.0000,-0.4986,0.3859,1.0456,-0.5312,0.4871,1.0000
225,0.3105,0.0266,1.0343,0.2188,0.0541,1.0000,-0.2629,-0.0217,1.0379,-0.2812,0.0541,1.0000,0.0099,-0.2503,1.0437,-0.0312,-0.3789,1.0000,-0.0406,0.4048,1.0308,-0.0312,0.4871,1.0000,0.5456,-0.4166,1.0324,0.4688,-0.3789,1.0000,-0.5832,-0.4153,1.0262,-0.5312,-0.3789,1.0000,0.7698,0.1490,1.0394,0.7188,0.0541,1.0000,-0.4998,0.3857,1.0455,-0.5312,0.4871,1.0000
226,0.3102,0.0261,1.0343,0.2188,0.0541,1.0000,-0.2640,-0.0221,1.0379,-0.2812,0.0541,1.0000,0.0106,-0.2512,1.0433,-0.0312,-0.3789,1.0000,-0.0405,0.4046,1.0308,-0.0312,0.4871,1.0000,0.5457,-0.4166,1.0323,0.4688,-0.3789,1.0000,-0.5833,-0.4158,1.0266,-0.5312,-0.3789,1.0000,0.7704,0.1485,1.0390,0.7188,0.0541,1.0000,-0.5009,0.3853,1.0453,-0.5312,0.4871,1.0000
227,0.3100,0.0255,1.0341,0.2188,0.0541,1.0000,-0.2651,-0.0226,1.0379,-0.2812,0.0541,1.0000,0.0113,-0.2521,1.0428,-0.0312,-0.3789,1.0000,-0.0406,0.4044,1.0308,-0.0312,0.4871,1.0000,0.5458,-0.4166,1.0323,0.4688,-0.3789,1.0000,-0.5834,-0.4163,1.0268,-0.5312,-0.3789,1.0000,0.7710,0.1480,1.0387,0.7188,0.0541,1.0000,-0.5020,0.3851,1.0452,-0.5312,0.4871,1.0000
228,0.3098,0.0250,1.0340,0.2188,0.0541,1.0000,-0.2662,-0.0231,1.0378,-0.2812,0.0541,1.0000,0.0120,-0.2530,1.0422,-0.0312,-0.3789,1.0000,-0.0405,0.4042,1.0307,-0.0312,0.4871,1.0000,0.5458,-0.4166,1.0322,0.4688,-0.3789,1.0000,-0.5836,-0.4167,1.0270,-0.5312,-0.3789,1.0000,0.7715,0.1474,1.0384,0.7188,0.0541,1.0000,-0.5032,0.3849,1.0452,-0.5312,0.4871,1.0000
229,0.3095,0.0245,1.0340,0.2188,0.0541,1.0000,-0.2674,-0.0234,1.0379,-0.2812,0.0541,1.0000,0.0127,-0.2539,1.0418,-0.0312,-0.3789,1.0000,-0.0405,0.4041,1.0308,-0.0312,0.4871,1.0000,0.5459,-0.4167,1.0320,0.4688,-0.3789,1.0000,-0.5838,-0.4172,1.0273,-0.5312,-0.3789,1.0000,0.7721,0.1469,1.0382,0.7188,0.0541,1.0000,-0.5043,0.3846,1.0450,-0.5312,0.4871,1.0000
230,0.3092,0.0240,1.0339,0.2188,0.0541,1.0000,-0.2684,-0.0238,1.0379,-0.2812,0.0541,1.0000,0.0134,-0.2548,1.0414,-0.0312,-0.3789,1.0000,-0.0406,0.4039,1.0309,-0.0312,0.4871,1.0000,0.5460,-0.4168,1.0318,0.4688,-0.3789,1.0000,-0.5839,-0.4177,1.0276,-0.5312,-0.3789,1.0000,0.7727,0.1463,1.0379,0.7188,0.0541,1.0000,-0.5054,0.3843,1.0449,-0.5312,0.4871,1.0000
231,0.3090,0.0234,1.0336,0.2188,0.0541,1.0000,-0.2696,-0.0241,1.0377,-0.2812,0.0541,1.0000,0.0142,-0.2558,1.0409,-0.0312,-0.3789,1.0000,-0.0406,0.4037,1.0308,-0.0312,0.4871,1.0000,0.5460,-0.4168,1.0318,0.4688,-0.3789,1.0000,-0.5842,-0.4181,1.0279,-0.5312,-0.3789,1.0000,0.7732,0.1458,1.0377,0.7188,0.0541,1.0000,-0.5065,0.3841,1.0448,-0.5312,0.4871,1.0000
232,0.3087,0.0230,1.0336,0.2188,0.0541,1.0000,-0.2707,-0.0244,1.0376,-0.2812,0.0541,1.0000,0.0149,-0.2567,1.0405,-0.0312,-0.3789,1.0000,-0.0407,0.4035,1.0309,-0.0312,0.4871,1.0000,0.5460,-0.4169,1.0319,0.4688,-0.3789,1.0000,-0.5843,-0.4185,1.0282,-0.5312,-0.3789,1.0000,0.7737,0.1453,1.0376,0.7188,0.0541,1.0000,-0.5075,0.3838,1.0447,-0.5312,0.4871,1.0000
233,0.3084,0.0225,1.0335,0.2188,0.0541,1.0000,-0.2718,-0.0246,1.0376,-0.2812,0.0541,1.0000,0.0155,-0.2576,1.0401,-0.0312,-0.3789,1.0000,-0.0408,0.4034,1.0310,-0.0312,0.4871,1.0000,0.5461,-0.4170,1.0318,0.4688,-0.3789,1.0000,-0.5844,-0.4190,1.0286,-0.5312,-0.3789,1.0000,0.7742,0.1447,1.0373,0.7188,0.0541,1.0000,-0.5086,0.3836,1.0444,-0.5312,0.4871,1.0000
234,0.3081,0.0219,1.0332,0.2188,0.0541,1.0000,-0.2730,-0.0249,1.0375,-0.2812,0.0541,1.0000,0.0163,-0.2585,1.0397,-0.0312,-0.3789,1.0000,-0.0408,0.4032,1.0309,-0.0312,0.4871,1.0000,0.5462,-0.4170,1.0318,0.4688,-0.3789,1.0000,-0.5846,-0.4194,1.0288,-0.5312,-0.3789,1.0000,0.7747,0.1442,1.0371,0.7188,0.0541,1.0000,-0.5096,0.3834,1.0442,-0.5312,0.4871,1.0000
235,0.3078,0.0214,1.0331,0.2188,0.0541,1.0000,-0.2742,-0.0251,1.0375,-0.2812,0.0541,1.0000,0.0170,-0.2594,1.0393,-0.0312,-0.3789,1.0000,-0.0409,0.4030,1.0308,-0.0312,0.4871,1.0000,0.5462,-0.4171,1.0319,0.4688,-0.3789,1.0000,-0.5847,-0.4199,1.0290,-0.5312,-0.3789,1.0000,0.7751,0.1437,1.0370,0.7188,0.0541,1.0000,-0.5106,0.3832,1.0440,-0.5312,0.4871,1.0000
236,0.3074,0.0209,1.0331,0.2188,0.0541,1.0000,-0.2753,-0.0253,1.0375,-0.2812,0.0541,1.0000,0.0177,-0.2603,1.0391,-0.0312,-0.3789,1.0000,-0.0409,0.4029,1.0309,-0.0312,0.4871,1.0000,0.5462,-0.4172,1.0318,0.4688,-0.3789,1.0000,-0.5848,-0.4204,1.0293,-0.5312,-0.3789,1.0000,0.7756,0.1432,1.0368,0.7188,0.0541,1.0000,-0.5117,0.3830,1.0437,-0.5312,0.4871,1.0000
237,0.3071,0.0203,1.0328,0.2188,0.0541,1.0000,-0.2765,-0.0256,1.0374,-0.2812,0.0541,1.0000,0.0183,-0.2612,1.0389,-0.0312,-0.3789,1.0000,-0.0410,0.4028,1.0310,-0.0312,0.4871,1.0000,0.5463,-0.4173,1.0318,0.4688,-0.3789,1.0000,-0.5849,-0.4208,1.0295,-0.5312,-0.3789,1.0000,0.7760,0.1427,1.0365,0.7188,0.0541,1.0000,-0.5127,0.3829,1.0435,-0.5312,0.4871,1.0000
238,0.3067,0.0197,1.0326,0.2188,0.0541,1.0000,-0.2777,-0.0258,1.0375,-0.2812,0.0541,1.0000,0.0191,-0.2620,1.0385,-0.0312,-0.3789,1.0000,-0.0410,0.4026,1.0310,-0.0312,0.4871,1.0000,0.5463,-0.4173,1.0319,0.4688,-0.3789,1.0000,-0.5851,-0.4213,1.0297,-0.5312,-0.3789,1.0000,0.7764,0.1423,1.0364,0.7188,0.0541,1.0000,-0.5137,0.3828,1.0433,-0.5312,0.4871,1.0000
239,0.3062,0.0191,1.0325,0.2188,0.0541,1.0000,-0.2788,-0.0260,1.0377,-0.2812,0.0541,1.0000,0.0197,-0.2629,1.0384,-0.0312,-0.3789,1.0000,-0.0410,0.4025,1.0313,-0.0312,0.4871,1.0000,0.5464,-0.4174,1.0319,0.4688,-0.3789,1.0000,-0.5852,-0.4218,1.0300,-0.5312,-0.3789,1.0000,0.7769,0.1418,1.0362,0.7188,0.0541,1.0000,-0.5147,0.3827,1.0429,-0.5312,0.4871,1.0000
240,0.3059,0.0185,1.0323,0.2188,0.0541,1.0000,-0.2799,-0.0262,1.0377,-0.2812,0.0541,1.0000,0.0203,-0.2637,1.0382,-0.0312,-0.3789,1.0000,-0.0410,0.4024,1.0315,-0.0312,0.4871,1.0000,0.5465,-0.4175,1.0318,0.4688,-0.3789,1.0000,-0.5853,-0.4223,1.0303,-0.5312,-0.3789,1.0000,0.7774,0.1413,1.0359,0.7188,0.0541,1.0000,-0.5158,0.3827,1.0425,-0.5312,0.4871,1.0000
241,0.3055,0.0178,1.0320,0.2188,0.0541,1.0000,-0.2810,-0.0264,1.0378,-0.2812,0.0541,1.0000,0.0210,-0.2646,1.0378,-0.0312,-0.3789,1.0000,-0.0409,0.4023,1.0315,-0.0312,0.4871,1.0000,0.5465,-0.4175,1.0319,0.4688,-0.3789,1.0000,-0.5855,-0.4227,1.0305,-0.5312,-0.3789,1.0000,0.7778,0.1408,1.0358,0.7188,0.0541,1.0000,-0.5169,0.3827,1.0422,-0.5312,0.4871,1.0000
242,0.3049,0.0172,1.0318,0.2188,0.0541,1.0000,-0.2820,-0.0265,1.0379,-0.2812,0.0541,1.0000,0.0217,-0.2654,1.0374,-0.0312,-0.3789,1.0000,-0.0409,0.4022,1.0316,-0.0312,0.4871,1.0000,0.5465,-0.4176,1.0320,0.4688,-0.3789,1.0000,-0.5856,-0.4231,1.0307,-0.5312,-0.3789,1.0000,0.7782,0.1403,1.0356,0.7188,0.0541,1.0000,-0.5180,0.3826,1.0419,-0.5312,0.4871,1.0000
243,0.3045,0.0166,1.0316,0.2188,0.0541,1.0000,-0.2830,-0.0268,1.0380,-0.2812,0.0541,1.0000,0.0223,-0.2662,1.0372,-0.0312,-0.3789,1.0000,-0.0409,0.4021,1.0318,-0.0312,0.4871,1.0000,0.5465,-0.4176,1.0318,0.4688,-0.3789,1.0000,-0.5857,-0.4236,1.0309,-0.5312,-0.3789,1.0000,0.7786,0.1398,1.0353,0.7188,0.0541,1.0000,-0.5191,0.3827,1.0415,-0.5312,0.4871,1.0000
244,0.3040,0.0159,1.0314,0.2188,0.0541,1.0000,-0.2840,-0.0270,1.0381,-0.2812,0.0541,1.0000,0.0230,-0.2671,1.0369,-0.0312,-0.3789,1.0000,-0.0408,0.4019,1.0319,-0.0312,0.4871,1.0000,0.5465,-0.4177,1.0319,0.4688,-0.3789,1.0000,-0.5859,-0.4240,1.0309,-0.5312,-0.3789,1.0000,0.7790,0.1392,1.0350,0.7188,0.0541,1.0000,-0.5202,0.3827,1.0413,-0.5312,0.4871,1.0000
245,0.3035,0.0153,1.0313,0.2188,0.0541,1.0000,-0.2850,-0.0271,1.0382,-0.2812,0.0541,1.0000,0.0237,-0.2680,1.0365,-0.0312,-0.3789,1.0000,-0.0407,0.4018,1.0320,-0.0312,0.4871,1.0000,0.5465,-0.4178,1.0320,0.4688,-0.3789,1.0000,-0.5861,-0.4244,1.0309,-0.5312,-0.3789,1.0000,0.7794,0.1387,1.0349,0.7188,0.0541,1.0000,-0.5213,0.3827,1.0411,-0.5312,0.4871,1.0000
246,0.3030,0.0147,1.0312,0.2188,0.0541,1.0000,-0.2859,-0.0273,1.0383,-0.2812,0.0541,1.0000,0.0242,-0.2688,1.0363,-0.0312,-0.3789,1.0000,-0.0406,0.4017,1.0322,-0.0312,0.4871,1.0000,0.5466,-0.4179,1.0319,0.4688,-0.3789,1.0000,-0.5863,-0.4247,1.0311,-0.5312,-0.3789,1.0000,0.7799,0.1381,1.0345,0.7188,0.0541,1.0000,-0.5225,0.3828,1.0408,-0.5312,0.4871,1.0000
247,0.3025,0.0141,1.0310,0.2188,0.0541,1.0000,-0.2868,-0.0275,1.0383,-0.2812,0.0541,1.0000,0.0248,-0.2698,1.0361,-0.0312,-0.3789,1.0000,-0.0405,0.4016,1.0322,-0.0312,0.4871,1.0000,0.5466,-0.4180,1.0318,0.4688,-0.3789,1.0000,-0.5865,-0.4251,1.0312,-0.5312,-0.3789,1.0000,0.7803,0.1375,1.0342,0.7188,0.0541,1.0000,-0.5236,0.3829,1.0407,-0.5312,0.4871,1.0000
248,0.3019,0.0135,1.0309,0.2188,0.0541,1.0000,-0.2877,-0.0276,1.0383,-0.2812,0.0541,1.0000,0.0255,-0.2707,1.0358,-0.0312,-0.3789,1.0000,-0.0404,0.4014,1.0322,-0.0312,0.4871,1.0000,0.5466,-0.4182,1.0318,0.4688,-0.3789,1.0000,-0.5867,-0.4255,1.0312,-0.5312,-0.3789,1.0000,0.7807,0.1370,1.0341,0.7188,0.0541,1.0000,-0.5247,0.3829,1.0406,-0.5312,0.4871,1.0000
249,0.3014,0.0129,1.0309,0.2188,0.0541,1.0000,-0.2886,-0.0278,1.0383,-0.2812,0.0541,1.0000,0.0261,-0.2716,1.0355,-0.0312,-0.3789,1.0000,-0.0403,0.4014,1.0323,-0.0312,0.4871,1.0000,0.5466,-0.4183,1.0316,0.4688,-0.3789,1.0000,-0.5869,-0.4258,1.0315,-0.5312,-0.3789,1.0000,0.7811,0.1364,1.0340,0.7188,0.0541,1.0000,-0.5257,0.3830,1.0404,-0.5312,0.4871,1.0000
250,0.3010,0.0123,1.0309,0.2188,0.0541,1.0000,-0.2895,-0.0279,1.0382,-0.2812,0.0541,1.0000,0.0267,-0.2725,1.0353,-0.0312,-0.3789,1.0000,-0.0401,0.4013,1.0324,-0.0312,0.4871,1.0000,0.5466,-0.4185,1.0314,0.4688,-0.3789,1.0000,-0.5871,-0.4261,1.0318,-0.5312,-0.3789,1.0000,0.7815,0.1358,1.0338,0.7188,0.0541,1.0000,-0.5268,0.3831,1.0403,-0.5312,0.4871,1.0000
251,0.3005,0.0116,1.0309,0.2188,0.0541,1.0000,-0.2904,-0.0280,1.0381,-0.2812,0.0541,1.0000,0.0273,-0.2734,1.0350,-0.0312,-0.3789,1.0000,-0.0400,0.4012,1.0324,-0.0312,0.4871,1.0000,0.5465,-0.4187,1.0312,0.4688,-0.3789,1.0000,-0.5873,-0.4265,1.0318,-0.5312,-0.3789,1.0000,0.7819,0.1352,1.0338,0.7188,0.0541,1.0000,-0.5278,0.3832,1.0402,-0.5312,0.4871,1.0000
252,0.3000,0.0110,1.0309,0.2188,0.0541,1.0000,-0.2913,-0.0281,1.0381,-0.2812,0.0541,1.0000,0.0279,-0.2742,1.0347,-0.0312,-0.3789,1.0000,-0.0400,0.4012,1.0324,-0.0312,0.4871,1.0000,0.5464,-0.4189,1.0311,0.4688,-0.3789,1.0000,-0.5875,-0.4268,1.0320,-0.5312,-0.3789,1.0000,0.7822,0.1347,1.0339,0.7188,0.0541,1.0000,-0.5288,0.3833,1.0401,-0.5312,0.4871,1.0000
253,0.2996,0.0104,1.0309,0.2188,0.0541,1.0000,-0.2922,-0.0282,1.0380,-0.2812,0.0541,1.0000,0.0285,-0.2752,1.0346,-0.0312,-0.3789,1.0000,-0.0399,0.4011,1.0324,-0.0312,0.4871,1.0000,0.5464,-0.4191,1.0309,0.4688,-0.3789,1.0000,-0.5876,-0.4271,1.0322,-0.5312,-0.3789,1.0000,0.7826,0.1341,1.0337,0.7188,0.0541,1.0000,-0.5298,0.3835,1.0399,-0.5312,0.4871,1.0000
254,0.2992,0.0098,1.0310,0.2188,0.0541,1.0000,-0.2931,-0.0283,1.0379,-0.2812,0.0541,1.0000,0.0290,-0.2760,1.0344,-0.0312,-0.3789,1.0000,-0.0398,0.4011,1.0322,-0.0312,0.4871,1.0000,0.5462,-0.4194,1.0308,0.4688,-0.3789,1.0000,-0.5878,-0.4274,1.0323,-0.5312,-0.3789,1.0000,0.7830,0.1335,1.0335,0.7188,0.0541,1.0000,-0.5307,0.3836,1.0398,-0.5312,0.4871,1.0000
255,0.2988,0.0092,1.0311,0.2188,0.0541,1.0000,-0.2940,-0.0283,1.0378,-0.2812,0.0541,1.0000,0.0296,-0.2768,1.0342,-0.0312,-0.3789,1.0000,-0.0398,0.4011,1.0321,-0.0312,0.4871,1.0000,0.5461,-0.4196,1.0308,0.4688,-0.3789,1.0000,-0.5880,-0.4278,1.0323,-0.5312,-0.3789,1.0000,0.7833,0.1330,1.0335,0.7188,0.0541,1.0000,-0.5316,0.3836,1.0397,-0.5312,0.4871,1.0000
256,0.2986,0.0087,1.0312,0.2188,0.0541,1.0000,-0.2949,-0.0284,1.0379,-0.2812,0.0541,1.0000,0.0301,-0.2777,1.0343,-0.0312,-0.3789,1.0000,-0.0398,0.4011,1.0320,-0.0312,0.4871,1.0000,0.5460,-0.4199,1.0305,0.4688,-0.3789,1.0000,-0.5881,-0.4281,1.0325,-0.5312,-0.3789,1.0000,0.7837,0.1324,1.0333,0.7188,0.0541,1.0000,-0.5326,0.3838,1.0394,-0.5312,0.4871,1.0000
257,0.2982,0.0081,1.0313,0.2188,0.0541,1.0000,-0.2958,-0.0284,1.0378,-0.2812,0.0541,1.0000,0.0306,-0.2785,1.0342,-0.0312,-0.3789,1.0000,-0.0399,0.4010,1.0318,-0.0312,0.4871,1.0000,0.5458,-0.4202,1.0304,0.4688,-0.3789,1.0000,-0.5883,-0.4284,1.0326,-0.5312,-0.3789,1.0000,0.7841,0.1318,1.0330,0.7188,0.0541,1.0000,-0.5335,0.3839,1.0393,-0.5312,0.4871,1.0000
258,0.2979,0.0076,1.0315,0.2188,0.0541,1.0000,-0.2967,-0.0283,1.0377,-0.2812,0.0541,1.0000,0.0311,-0.2792,1.0340,-0.0312,-0.3789,1.0000,-0.0400,0.4010,1.0315,-0.0312,0.4871,1.0000,0.5456,-0.4205,1.0303,0.4688,-0.3789,1.0000,-0.5885,-0.4288,1.0327,-0.5312,-0.3789,1.0000,0.7844,0.1312,1.0329,0.7188,0.0541,1.0000,-0.5345,0.3841,1.0391,-0.5312,0.4871,1.0000
259,0.2977,0.0071,1.0316,0.2188,0.0541,1.0000,-0.2975,-0.0284,1.0377,-0.2812,0.0541,1.0000,0.0316,-0.2800,1.0340,-0.0312,-0.3789,1.0000,-0.0401,0.4010,1.0313,-0.0312,0.4871,1.0000,0.5455,-0.4208,1.0302,0.4688,-0.3789,1.0000,-0.5886,-0.4290,1.0329,-0.5312,-0.3789,1.0000,0.7847,0.1306,1.0328,0.7188,0.0541,1.0000,-0.5355,0.3843,1.0388,-0.5312,0.4871,1.0000
260,0.2974,0.0066,1.0317,0.2188,0.0541,1.0000,-0.2984,-0.0283,1.0376,-0.2812,0.0541,1.0000,0.0320,-0.2808,1.0340,-0.0312,-0.3789,1.0000,-0.0403,0.4009,1.0312,-0.0312,0.4871,1.0000,0.5454,-0.4212,1.0301,0.4688,-0.3789,1.0000,-0.5887,-0.4292,1.0330,-0.5312,-0.3789,1.0000,0.7851,0.1300,1.0325,0.7188,0.0541,1.0000,-0.5364,0.3845,1.0386,-0.5312,0.4871,1.0000
261,0.2971,0.0062,1.0319,0.2188,0.0541,1.0000,-0.2993,-0.0283,1.0374,-0.2812,0.0541,1.0000,0.0325,-0.2814,1.0339,-0.0312,-0.3789,1.0000,-0.0405,0.4009,1.0310,-0.0312,0.4871,1.0000,0.5452,-0.4215,1.0301,0.4688,-0.3789,1.0000,-0.5889,-0.4295,1.0330,-0.5312,-0.3789,1.0000,0.7854,0.1294,1.0324,0.7188,0.0541,1.0000,-0.5373,0.3846,1.0385,-0.5312,0.4871,1.0000
262,0.2969,0.0058,1.0320,0.2188,0.0541,1.0000,-0.3001,-0.0283,1.0375,-0.2812,0.0541,1.0000,0.0330,-0.2821,1.0339,-0.0312,-0.3789,1.0000,-0.0407,0.4009,1.0309,-0.0312,0.4871,1.0000,0.5451,-0.4218,1.0301,0.4688,-0.3789,1.0000,-0.5890,-0.4298,1.0330,-0.5312,-0.3789,1.0000,0.7857,0.1287,1.0323,0.7188,0.0541,1.0000,-0.5383,0.3849,1.0382,-0.5312,0.4871,1.0000
263,0.2967,0.0054,1.0320,0.2188,0.0541,1.0000,-0.3010,-0.0283,1.0376,-0.2812,0.0541,1.0000,0.0334,-0.2829,1.0338,-0.0312,-0.3789,1.0000,-0.0409,0.4008,1.0309,-0.0312,0.4871,1.0000,0.5450,-0.4222,1.0301,0.4688,-0.3789,1.0000,-0.5892,-0.4299,1.0331,-0.5312,-0.3789,1.0000,0.7861,0.1280,1.0321,0.7188,0.0541,1.0000,-0.5392,0.3851,1.0380,-0.5312,0.4871,1.0000
264,0.2964,0.0051,1.0320,0.2188,0.0541,1.0000,-0.3018,-0.0283,1.0376,-0.2812,0.0541,1.0000,0.0339,-0.2835,1.0337,-0.0312,-0.3789,1.0000,-0.0411,0.4008,1.0308,-0.0312,0.4871,1.0000,0.5449,-0.4225,1.0303,0.4688,-0.3789,1.0000,-0.5894,-0.4302,1.0330,-0.5312,-0.3789,1.0000,0.7865,0.1274,1.0320,0.7188,0.0541,1.0000,-0.5401,0.3853,1.0379,-0.5312,0.4871,1.0000
265,0.2962,0.0048,1.0320,0.2188,0.0541,1.0000,-0.3026,-0.0283,1.0376,-0.2812,0.0541,1.0000,0.0344,-0.2842,1.0335,-0.0312,-0.3789,1.0000,-0.0414,0.4008,1.0308,-0.0312,0.4871,1.0000,0.5448,-0.4227,1.0304,0.4688,-0.3789,1.0000,-0.5896,-0.4304,1.0329,-0.5312,-0.3789,1.0000,0.7868,0.1267,1.0320,0.7188,0.0541,1.0000,-0.5410,0.3856,1.0377,-0.5312,0.4871,1.0000
266,0.2959,0.0044,1.0319,0.2188,0.0541,1.0000,-0.3034,-0.0283,1.0377,-0.2812,0.0541,1.0000,0.0348,-0.2849,1.0335,-0.0312,-0.3789,1.0000,-0.0416,0.4008,1.0308,-0.0312,0.4871,1.0000,0.5447,-0.4230,1.0304,0.4688,-0.3789,1.0000,-0.5899,-0.4305,1.0330,-0.5312,-0.3789,1.0000,0.7872,0.1261,1.0318,0.7188,0.0541,1.0000,-0.5419,0.3858,1.0375,-0.5312,0.4871,1.0000
267,0.2956,0.0040,1.0317,0.2188,0.0541,1.0000,-0.3043,-0.0282,1.0376,-0.2812,0.0541,1.0000,0.0353,-0.2856,1.0334,-0.0312,-0.3789,1.0000,-0.0418,0.4008,1.0307,-0.0312,0.4871,1.0000,0.5446,-0.4232,1.0306,0.4688,-0.3789,1.0000,-0.5901,-0.4306,1.0329,-0.5312,-0.3789,1.0000,0.7876,0.1255,1.0316,0.7188,0.0541,1.0000,-0.5428,0.3860,1.0375,-0.5312,0.4871,1.0000
268,0.2953,0.0037,1.0317,0.2188,0.0541,1.0000,-0.3051,-0.0282,1.0373,-0.2812,0.0541,1.0000,0.0358,-0.2863,1.0332,-0.0312,-0.3789,1.0000,-0.0421,0.4007,1.0306,-0.0312,0.4871,1.0000,0.5445,-0.4234,1.0307,0.4688,-0.3789,1.0000,-0.5904,-0.4308,1.0327,-0.5312,-0.3789,1.0000,0.7879,0.1248,1.0317,0.7188,0.0541,1.0000,-0.5436,0.3863,1.0375,-0.5312,0.4871,1.0000
269,0.2950,0.0032,1.0315,0.2188,0.0541,1.0000,-0.3059,-0.0281,1.0373,-0.2812,0.0541,1.0000,0.0361,-0.2870,1.0330,-0.0312,-0.3789,1.0000,-0.0422,0.4007,1.0306,-0.0312,0.4871,1.0000,0.5445,-0.4236,1.0308,0.4688,-0.3789,1.0000,-0.5906,-0.4308,1.0327,-0.5312,-0.3789,1.0000,0.7882,0.1242,1.0317,0.7188,0.0541,1.0000,-0.5445,0.3865,1.0374,-0.5312,0.4871,1.0000
270,0.2946,0.0028,1.0314,0.2188,0.0541,1.0000,-0.3067,-0.0280,1.0372,-0.2812,0.0541,1.0000,0.0366,-0.2877,1.0328,-0.0312,-0.3789,1.0000,-0.0424,0.4006,1.0307,-0.0312,0.4871,1.0000,0.5444,-0.4238,1.0308,0.4688,-0.3789,1.0000,-0.5909,-0.4308,1.0326,-0.5312,-0.3789,1.0000,0.7885,0.1236,1.0316,0.7188,0.0541,1.0000,-0.5454,0.3867,1.0373,-0.5312,0.4871,1.0000
271,0.2943,0.0024,1.0313,0.2188,0.0541,1.0000,-0.3076,-0.0279,1.0369,-0.2812,0.0541,1.0000,0.0370,-0.2885,1.0325,-0.0312,-0.3789,1.0000,-0.0427,0.4006,1.0307,-0.0312,0.4871,1.0000,0.5444,-0.4238,1.0310,0.4688,-0.3789,1.0000,-0.5912,-0.4309,1.0324,-0.5312,-0.3789,1.0000,0.7888,0.1230,1.0317,0.7188,0.0541,1.0000,-0.5461,0.3869,1.0373,-0.5312,0.4871,1.0000
272,0.2939,0.0019,1.0312,0.2188,0.0541,1.0000,-0.3083,-0.0278,1.0370,-0.2812,0.0541,1.0000,0.0374,-0.2893,1.0324,-0.0312,-0.3789,1.0000,-0.0428,0.4006,1.0308,-0.0312,0.4871,1.0000,0.5443,-0.4240,1.0310,0.4688,-0.3789,1.0000,-0.5914,-0.4308,1.0324,-0.5312,-0.3789,1.0000,0.7891,0.1224,1.0318,0.7188,0.0541,1.0000,-0.5470,0.3872,1.0371,-0.5312,0.4871,1.0000
273,0.2935,0.0015,1.0311,0.2188,0.0541,1.0000,-0.3091,-0.0276,1.0370,-0.2812,0.0541,1.0000,0.0377,-0.2901,1.0322,-0.0312,-0.3789,1.0000,-0.0430,0.4006,1.0310,-0.0312,0.4871,1.0000,0.5443,-0.4241,1.0310,0.4688,-0.3789,1.0000,-0.5917,-0.4308,1.0324,-0.5312,-0.3789,1.0000,0.7894,0.1219,1.0318,0.7188,0.0541,1.0000,-0.5479,0.3874,1.0368,-0.5312,0.4871,1.0000
274,0.2931,0.0010,1.0311,0.2188,0.0541,1.0000,-0.3100,-0.0274,1.0369,-0.2812,0.0541,1.0000,0.0381,-0.2910,1.0318,-0.0312,-0.3789,1.0000,-0.0433,0.4005,1.0309,-0.0312,0.4871,1.0000,0.5442,-0.4242,1.0310,0.4688,-0.3789,1.0000,-0.5920,-0.4309,1.0323,-0.5312,-0.3789,1.0000,0.7897,0.1214,1.0319,0.7188,0.0541,1.0000,-0.5486,0.3877,1.0367,-0.5312,0.4871,1.0000
275,0.2927,0.0006,1.0311,0.2188,0.0541,1.0000,-0.3108,-0.0273,1.0368,-0.2812,0.0541,1.0000,0.0385,-0.2919,1.0316,-0.0312,-0.3789,1.0000,-0.0435,0.4005,1.0307,-0.0312,0.4871,1.0000,0.5442,-0.4243,1.0311,0.4688,-0.3789,1.0000,-0.5923,-0.4308,1.0323,-0.5312,-0.3789,1.0000,0.7900,0.1209,1.0320,0.7188,0.0541,1.0000,-0.5495,0.3880,1.0366,-0.5312,0.4871,1.0000
276,0.2923,0.0001,1.0311,0.2188,0.0541,1.0000,-0.3116,-0.0271,1.0369,-0.2812,0.0541,1.0000,0.0388,-0.2928,1.0314,-0.0312,-0.3789,1.0000,-0.0436,0.4005,1.0307,-0.0312,0.4871,1.0000,0.5441,-0.4245,1.0310,0.4688,-0.3789,1.0000,-0.5926,-0.4308,1.0323,-0.5312,-0.3789,1.0000,0.7903,0.1204,1.0320,0.7188,0.0541,1.0000,-0.5503,0.3882,1.0363,-0.5312,0.4871,1.0000
277,0.2919,-0.0003,1.0311,0.2188,0.0541,1.0000,-0.3124,-0.0269,1.0368,-0.2812,0.0541,1.0000,0.0393,-0.2937,1.0311,-0.0312,-0.3789,1.0000,-0.0439,0.4005,1.0306,-0.0312,0.4871,1.0000,0.5440,-0.4246,1.0310,0.4688,-0.3789,1.0000,-0.5929,-0.4308,1.0323,-0.5312,-0.3789,1.0000,0.7906,0.1200,1.0320,0.7188,0.0541,1.0000,-0.5511,0.3885,1.0361,-0.5312,0.4871,1.0000
278,0.2915,-0.0008,1.0312,0.2188,0.0541,1.0000,-0.3131,-0.0268,1.0366,-0.2812,0.0541,1.0000,0.0396,-0.2946,1.0309,-0.0312,-0.3789,1.0000,-0.0442,0.4004,1.0304,-0.0312,0.4871,1.0000,0.5440,-0.4247,1.0311,0.4688,-0.3789,1.0000,-0.5932,-0.4308,1.0324,-0.5312,-0.3789,1.0000,0.7909,0.1195,1.0321,0.7188,0.0541,1.0000,-0.5520,0.3889,1.0361,-0.5312,0.4871,1.0000
279,0.2911,-0.0012,1.0311,0.2188,0.0541,1.0000,-0.3138,-0.0266,1.0367,-0.2812,0.0541,1.0000,0.0400,-0.2956,1.0308,-0.0312,-0.3789,1.0000,-0.0444,0.4004,1.0305,-0.0312,0.4871,1.0000,0.5438,-0.4249,1.0310,0.4688,-0.3789,1.0000,-0.5935,-0.4308,1.0325,-0.5312,-0.3789,1.0000,0.7912,0.1191,1.0322,0.7188,0.0541,1.0000,-0.5528,0.3892,1.0359,-0.5312,0.4871,1.0000
280,0.2906,-0.0016,1.0312,0.2188,0.0541,1.0000,-0.3145,-0.0264,1.0367,-0.2812,0.0541,1.0000,0.0405,-0.2965,1.0306,-0.0312,-0.3789,1.0000,-0.0446,0.4005,1.0306,-0.0312,0.4871,1.0000,0.5437,-0.4251,1.0308,0.4688,-0.3789,1.0000,-0.5937,-0.4309,1.0326,-0.5312,-0.3789,1.0000,0.7915,0.1186,1.0321,0.7188,0.0541,1.0000,-0.5537,0.3895,1.0356,-0.5312,0.4871,1.0000
281,0.2903,-0.0019,1.0312,0.2188,0.0541,1.0000,-0.3153,-0.0263,1.0366,-0.2812,0.0541,1.0000,0.0409,-0.2975,1.0305,-0.0312,-0.3789,1.0000,-0.0449,0.4005,1.0305,-0.0312,0.4871,1.0000,0.5436,-0.4252,1.0308,0.4688,-0.3789,1.0000,-0.5940,-0.4309,1.0327,-0.5312,-0.3789,1.0000,0.7917,0.1181,1.0321,0.7188,0.0541,1.0000,-0.5545,0.3900,1.0355,-0.5312,0.4871,1.0000
282,0.2899,-0.0024,1.0312,0.2188,0.0541,1.0000,-0.3159,-0.0262,1.0367,-0.2812,0.0541,1.0000,0.0413,-0.2984,1.0305,-0.0312,-0.3789,1.0000,-0.0451,0.4005,1.0305,-0.0312,0.4871,1.0000,0.5435,-0.4254,1.0308,0.4688,-0.3789,1.0000,-0.5943,-0.4309,1.0329,-0.5312,-0.3789,1.0000,0.7919,0.1177,1.0321,0.7188,0.0541,1.0000,-0.5553,0.3903,1.0353,-0.5312,0.4871,1.0000
283,0.2895,-0.0028,1.0311,0.2188,0.0541,1.0000,-0.3166,-0.0260,1.0368,-0.2812,0.0541,1.0000,0.0418,-0.2993,1.0305,-0.0312,-0.3789,1.0000,-0.0454,0.4005,1.0307,-0.0312,0.4871,1.0000,0.5433,-0.4256,1.0307,0.4688,-0.3789,1.0000,-0.5945,-0.4311,1.0331,-0.5312,-0.3789,1.0000,0.7922,0.1172,1.0319,0.7188,0.0541,1.0000,-0.5562,0.3907,1.0350,-0.5312,0.4871,1.0000
284,0.2891,-0.0031,1.0311,0.2188,0.0541,1.0000,-0.3173,-0.0259,1.0368,-0.2812,0.0541,1.0000,0.0422,-0.3002,1.0304,-0.0312,-0.3789,1.0000,-0.0456,0.4005,1.0306,-0.0312,0.4871,1.0000,0.5432,-0.4257,1.0308,0.4688,-0.3789,1.0000,-0.5947,-0.4311,1.0331,-0.5312,-0.3789,1.0000,0.7924,0.1167,1.0319,0.7188,0.0541,1.0000,-0.5570,0.3911,1.0350,-0.5312,0.4871,1.0000
285,0.2887,-0.0035,1.0311,0.2188,0.0541,1.0000,-0.3180,-0.0258,1.0368,-0.2812,0.0541,1.0000,0.0426,-0.3011,1.0305,-0.0312,-0.3789,1.0000,-0.0458,0.4004,1.0306,-0.0312,0.4871,1.0000,0.5430,-0.4259,1.0310,0.4688,-0.3789,1.0000,-0.5948,-0.4312,1.0333,-0.5312,-0.3789,1.0000,0.7926,0.1162,1.0318,0.7188,0.0541,1.0000,-0.5578,0.3915,1.0349,-0.5312,0.4871,1.0000
286,0.2883,-0.0040,1.0310,0.2188,0.0541,1.0000,-0.3187,-0.0256,1.0369,-0.2812,0.0541,1.0000,0.0430,-0.3019,1.0306,-0.0312,-0.3789,1.0000,-0.0460,0.4005,1.0307,-0.0312,0.4871,1.0000,0.5429,-0.4261,1.0310,0.4688,-0.3789,1.0000,-0.5949,-0.4313,1.0335,-0.5312,-0.3789,1.0000,0.7928,0.1157,1.0316,0.7188,0.0541,1.0000,-0.5586,0.3919,1.0347,-0.5312,0.4871,1.0000
287,0.2879,-0.0043,1.0310,0.2188,0.0541,1.0000,-0.3194,-0.0255,1.0368,-0.2812,0.0541,1.0000,0.0434,-0.3027,1.0306,-0.0312,-0.3789,1.0000,-0.0462,0.4005,1.0307,-0.0312,0.4871,1.0000,0.5428,-0.4262,1.0310,0.4688,-0.3789,1.0000,-0.5950,-0.4314,1.0336,-0.5312,-0.3789,1.0000,0.7930,0.1151,1.0314,0.7188,0.0541,1.0000,-0.5594,0.3923,1.0347,-0.5312,0.4871,1.0000
288,0.2875,-0.0047,1.0311,0.2188,0.0541,1.0000,-0.3200,-0.0254,1.0366,-0.2812,0.0541,1.0000,0.0438,-0.3035,1.0306,-0.0312,-0.3789,1.0000,-0.0463,0.4005,1.0307,-0.0312,0.4871,1.0000,0.5427,-0.4263,1.0311,0.4688,-0.3789,1.0000,-0.5951,-0.4315,1.0337,-0.5312,-0.3789,1.0000,0.7932,0.1145,1.0313,0.7188,0.0541,1.0000,-0.5601,0.3927,1.0347,-0.5312,0.4871,1.0000
289,0.2870,-0.0052,1.0309,0.2188,0.0541,1.0000,-0.3207,-0.0252,1.0366,-0.2812,0.0541,1.0000,0.0442,-0.3043,1.0307,-0.0312,-0.3789,1.0000,-0.0464,0.4005,1.0309,-0.0312,0.4871,1.0000,0.5425,-0.4265,1.0310,0.4688,-0.3789,1.0000,-0.5951,-0.4316,1.0339,-0.5312,-0.3789,1.0000,0.7935,0.1139,1.0311,0.7188,0.0541,1.0000,-0.5609,0.3930,1.0347,-0.5312,0.4871,1.0000
290,0.2865,-0.0056,1.0308,0.2188,0.0541,1.0000,-0.3214,-0.0250,1.0365,-0.2812,0.0541,1.0000,0.0445,-0.3050,1.0307,-0.0312,-0.3789,1.0000,-0.0466,0.4006,1.0310,-0.0312,0.4871,1.0000,0.5424,-0.4267,1.0308,0.4688,-0.3789,1.0000,-0.5952,-0.4317,1.0339,-0.5312,-0.3789,1.0000,0.7938,0.1132,1.0309,0.7188,0.0541,1.0000,-0.5617,0.3934,1.0346,-0.5312,0.4871,1.0000
291,0.2861,-0.0059,1.0308,0.2188,0.0541,1.0000,-0.3220,-0.0248,1.0363,-0.2812,0.0541,1.0000,0.0448,-0.3058,1.0307,-0.0312,-0.3789,1.0000,-0.0467,0.4005,1.0310,-0.0312,0.4871,1.0000,0.5423,-0.4269,1.0308,0.4688,-0.3789,1.0000,-0.5953,-0.4318,1.0339,-0.5312,-0.3789,1.0000,0.7940,0.1126,1.0308,0.7188,0.0541,1.0000,-0.5624,0.3937,1.0347,-0.5312,0.4871,1.0000
292,0.2855,-0.0064,1.0306,0.2188,0.0541,1.0000,-0.3227,-0.0245,1.0362,-0.2812,0.0541,1.0000,0.0452,-0.3065,1.0307,-0.0312,-0.3789,1.0000,-0.0468,0.4006,1.0311,-0.0312,0.4871,1.0000,0.5421,-0.4271,1.0307,0.4688,-0.3789,1.0000,-0.5953,-0.4319,1.0340,-0.5312,-0.3789,1.0000,0.7943,0.1119,1.0306,0.7188,0.0541,1.0000,-0.5631,0.3940,1.0347,-0.5312,0.4871,1.0000
293,0.2850,-0.0069,1.0304,0.2188,0.0541,1.0000,-0.3233,-0.0242,1.0360,-0.2812,0.0541,1.0000,0.0455,-0.3072,1.0306,-0.0312,-0.3789,1.0000,-0.0469,0.4006,1.0312,-0.0312,0.4871,1.0000,0.5419,-0.4273,1.0306,0.4688,-0.3789,1.0000,-0.5954,-0.4320,1.0339,-0.5312,-0.3789,1.0000,0.7946,0.1112,1.0305,0.7188,0.0541,1.0000,-0.5639,0.3943,1.0346,-0.5312,0.4871,1.0000
294,0.2846,-0.0072,1.0305,0.2188,0.0541,1.0000,-0.3240,-0.0240,1.0358,-0.2812,0.0541,1.0000,0.0458,-0.3080,1.0304,-0.0312,-0.3789,1.0000,-0.0470,0.4005,1.0312,-0.0312,0.4871,1.0000,0.5417,-0.4275,1.0306,0.4688,-0.3789,1.0000,-0.5955,-0.4320,1.0338,-0.5312,-0.3789,1.0000,0.7949,0.1105,1.0305,0.7188,0.0541,1.0000,-0.5646,0.3946,1.0347,-0.5312,0.4871,1.0000
295,0.2841,-0.0076,1.0306,0.2188,0.0541,1.0000,-0.3246,-0.0236,1.0357,-0.2812,0.0541,1.0000,0.0462,-0.3088,1.0304,-0.0312,-0.3789,1.0000,-0.0472,0.4005,1.0311,-0.0312,0.4871,1.0000,0.5415,-0.4277,1.0306,0.4688,-0.3789,1.0000,-0.5955,-0.4320,1.0338,-0.5312,-0.3789,1.0000,0.7953,0.1099,1.0304,0.7188,0.0541,1.0000,-0.5652,0.3949,1.0347,-0.5312,0.4871,1.0000
296,0.2836,-0.0081,1.0306,0.2188,0.0541,1.0000,-0.3252,-0.0232,1.0355,-0.2812,0.0541,1.0000,0.0465,-0.3095,1.0303,-0.0312,-0.3789,1.0000,-0.0473,0.4006,1.0312,-0.0312,0.4871,1.0000,0.5413,-0.4280,1.0304,0.4688,-0.3789,1.0000,-0.5956,-0.4320,1.0338,-0.5312,-0.3789,1.0000,0.7956,0.1092,1.0303,0.7188,0.0541,1.0000,-0.5659,0.3951,1.0347,-0.5312,0.4871,1.0000
297,0.2831,-0.0085,1.0307,0.2188,0.0541,1.0000,-0.3258,-0.0228,1.0352,-0.2812,0.0541,1.0000,0.0468,-0.3104,1.0302,-0.0312,-0.3789,1.0000,-0.0475,0.4005,1.0311,-0.0312,0.4871,1.0000,0.5411,-0.4283,1.0303,0.4688,-0.3789,1.0000,-0.5957,-0.4320,1.0337,-0.5312,-0.3789,1.0000,0.7959,0.1085,1.0304,0.7188,0.0541,1.0000,-0.5665,0.3955,1.0348,-0.5312,0.4871,1.0000
298,0.2827,-0.0088,1.0309,0.2188,0.0541,1.0000,-0.3265,-0.0224,1.0351,-0.2812,0.0541,1.0000,0.0471,-0.3111,1.0301,-0.0312,-0.3789,1.0000,-0.0477,0.4005,1.0309,-0.0312,0.4871,1.0000,0.5408,-0.4286,1.0303,0.4688,-0.3789,1.0000,-0.5958,-0.4319,1.0335,-0.5312,-0.3789,1.0000,0.7963,0.1079,1.0305,0.7188,0.0541,1.0000,-0.5671,0.3957,1.0348,-0.5312,0.4871,1.0000
299,0.2822,-0.0093,1.0308,0.2188,0.0541,1.0000,-0.3271,-0.0219,1.0350,-0.2812,0.0541,1.0000,0.0475,-0.3119,1.0301,-0.0312,-0.3789,1.0000,-0.0479,0.4006,1.0308,-0.0312,0.4871,1.0000,0.5406,-0.4289,1.0302,0.4688,-0.3789,1.0000,-0.5959,-0.4319,1.0336,-0.5312,-0.3789,1.0000,0.7966,0.1073,1.0305,0.7188,0.0541,1.0000,-0.5677,0.3960,1.0347,-0.5312,0.4871,1.0000
300,0.2818,-0.0097,1.0308,0.2188,0.0541,1.0000,-0.3278,-0.0216,1.0348,-0.2812,0.0541,1.0000,0.0478,-0.3128,1.0300,-0.0312,-0.3789,1.0000,-0.0481,0.4006,1.0307,-0.0312,0.4871,1.0000,0.5404,-0.4292,1.0300,0.4688,-0.3789,1.0000,-0.5961,-0.4318,1.0334,-0.5312,-0.3789,1.0000,0.7969,0.1067,1.0306,0.7188,0.0541,1.0000,-0.5682,0.3963,1.0345,-0.5312,0.4871,1.0000
301,0.2814,-0.0101,1.0309,0.2188,0.0541,1.0000,-0.3285,-0.0211,1.0347,-0.2812,0.0541,1.0000,0.0481,-0.3136,1.0299,-0.0312,-0.3789,1.0000,-0.0484,0.4007,1.0305,-0.0312,0.4871,1.0000,0.5401,-0.4296,1.0301,0.4688,-0.3789,1.0000,-0.5962,-0.4317,1.0333,-0.5312,-0.3789,1.0000,0.7971,0.1062,1.0307,0.7188,0.0541,1.0000,-0.5688,0.3966,1.0345,-0.5312,0.4871,1.0000
302,0.2809,-0.0105,1.0309,0.2188,0.0541,1.0000,-0.3291,-0.0207,1.0347,-0.2812,0.0541,1.0000,0.0484,-0.3144,1.0299,-0.0312,-0.3789,1.0000,-0.0487,0.4008,1.0304,-0.0312,0.4871,1.0000,0.5398,-0.4299,1.0300,0.4688,-0.3789,1.0000,-0.5963,-0.4317,1.0333,-0.5312,-0.3789,1.0000,0.7975,0.1056,1.0307,0.7188,0.0541,1.0000,-0.5694,0.3969,1.0342,-0.5312,0.4871,1.0000
303,0.2804,-0.0109,1.0307,0.2188,0.0541,1.0000,-0.3298,-0.0203,1.0346,-0.2812,0.0541,1.0000,0.0487,-0.3152,1.0298,-0.0312,-0.3789,1.0000,-0.0489,0.4009,1.0303,-0.0312,0.4871,1.0000,0.5396,-0.4302,1.0299,0.4688,-0.3789,1.0000,-0.5965,-0.4316,1.0333,-0.5312,-0.3789,1.0000,0.7977,0.1050,1.0307,0.7188,0.0541,1.0000,-0.5700,0.3973,1.0340,-0.5312,0.4871,1.0000
304,0.2800,-0.0112,1.0308,0.2188,0.0541,1.0000,-0.3305,-0.0199,1.0346,-0.2812,0.0541,1.0000,0.0490,-0.3160,1.0297,-0.0312,-0.3789,1.0000,-0.0493,0.4010,1.0301,-0.0312,0.4871,1.0000,0.5393,-0.4305,1.0300,0.4688,-0.3789,1.0000,-0.5966,-0.4315,1.0333,-0.5312,-0.3789,1.0000,0.7980,0.1045,1.0308,0.7188,0.0541,1.0000,-0.5705,0.3977,1.0339,-0.5312,0.4871,1.0000
305,0.2795,-0.0116,1.0309,0.2188,0.0541,1.0000,-0.3311,-0.0195,1.0347,-0.2812,0.0541,1.0000,0.0492,-0.3168,1.0298,-0.0312,-0.3789,1.0000,-0.0497,0.4011,1.0299,-0.0312,0.4871,1.0000,0.5390,-0.4309,1.0300,0.4688,-0.3789,1.0000,-0.5967,-0.4315,1.0334,-0.5312,-0.3789,1.0000,0.7983,0.1040,1.0307,0.7188,0.0541,1.0000,-0.5712,0.3980,1.0337,-0.5312,0.4871,1.0000
306,0.2790,-0.0120,1.0307,0.2188,0.0541,1.0000,-0.3318,-0.0192,1.0347,-0.2812,0.0541,1.0000,0.0495,-0.3175,1.0298,-0.0312,-0.3789,1.0000,-0.0500,0.4012,1.0299,-0.0312,0.4871,1.0000,0.5388,-0.4311,1.0300,0.4688,-0.3789,1.0000,-0.5968,-0.4314,1.0336,-0.5312,-0.3789,1.0000,0.7985,0.1034,1.0307,0.7188,0.0541,1.0000,-0.5718,0.3984,1.0335,-0.5312,0.4871,1.0000
307,0.2785,-0.0124,1.0307,0.2188,0.0541,1.0000,-0.3324,-0.0188,1.0347,-0.2812,0.0541,1.0000,0.0499,-0.3183,1.0298,-0.0312,-0.3789,1.0000,-0.0504,0.4013,1.0297,-0.0312,0.4871,1.0000,0.5385,-0.4314,1.0301,0.4688,-0.3789,1.0000,-0.5970,-0.4313,1.0335,-0.5312,-0.3789,1.0000,0.7988,0.1029,1.0307,0.7188,0.0541,1.0000,-0.5724,0.3989,1.0334,-0.5312,0.4871,1.0000
308,0.2779,-0.0127,1.0308,0.2188,0.0541,1.0000,-0.3330,-0.0185,1.0348,-0.2812,0.0541,1.0000,0.0501,-0.3190,1.0299,-0.0312,-0.3789,1.0000,-0.0509,0.4014,1.0296,-0.0312,0.4871,1.0000,0.5383,-0.4317,1.0303,0.4688,-0.3789,1.0000,-0.5972,-0.4313,1.0335,-0.5312,-0.3789,1.0000,0.7991,0.1023,1.0306,0.7188,0.0541,1.0000,-0.5731,0.3992,1.0333,-0.5312,0.4871,1.0000
309,0.2774,-0.0131,1.0306,0.2188,0.0541,1.0000,-0.3336,-0.0182,1.0349,-0.2812,0.0541,1.0000,0.0503,-0.3198,1.0301,-0.0312,-0.3789,1.0000,-0.0513,0.4016,1.0295,-0.0312,0.4871,1.0000,0.5381,-0.4319,1.0303,0.4688,-0.3789,1.0000,-0.5973,-0.4312,1.0335,-0.5312,-0.3789,1.0000,0.7994,0.1017,1.0304,0.7188,0.0541,1.0000,-0.5737,0.3997,1.0332,-0.5312,0.4871,1.0000
310,0.2769,-0.0136,1.0306,0.2188,0.0541,1.0000,-0.3342,-0.0179,1.0349,-0.2812,0.0541,1.0000,0.0507,-0.3206,1.0300,-0.0312,-0.3789,1.0000,-0.0517,0.4016,1.0295,-0.0312,0.4871,1.0000,0.5379,-0.4322,1.0305,0.4688,-0.3789,1.0000,-0.5975,-0.4311,1.0334,-0.5312,-0.3789,1.0000,0.7996,0.1011,1.0304,0.7188,0.0541,1.0000,-0.5743,0.4002,1.0332,-0.5312,0.4871,1.0000
311,0.2763,-0.0139,1.0307,0.2188,0.0541,1.0000,-0.3347,-0.0175,1.0351,-0.2812,0.0541,1.0000,0.0509,-0.3213,1.0299,-0.0312,-0.3789,1.0000,-0.0521,0.4017,1.0294,-0.0312,0.4871,1.0000,0.5377,-0.4324,1.0307,0.4688,-0.3789,1.0000,-0.5977,-0.4311,1.0332,-0.5312,-0.3789,1.0000,0.7999,0.1006,1.0304,0.7188,0.0541,1.0000,-0.5749,0.4005,1.0332,-0.5312,0.4871,1.0000
312,0.2758,-0.0143,1.0306,0.2188,0.0541,1.0000,-0.3351,-0.0173,1.0351,-0.2812,0.0541,1.0000,0.0512,-0.3220,1.0300,-0.0312,-0.3789,1.0000,-0.0525,0.4018,1.0296,-0.0312,0.4871,1.0000,0.5376,-0.4326,1.0307,0.4688,-0.3789,1.0000,-0.5978,-0.4310,1.0332,-0.5312,-0.3789,1.0000,0.8001,0.0999,1.0303,0.7188,0.0541,1.0000,-0.5755,0.4010,1.0331,-0.5312,0.4871,1.0000
313,0.2753,-0.0147,1.0305,0.2188,0.0541,1.0000,-0.3356,-0.0170,1.0350,-0.2812,0.0541,1.0000,0.0514,-0.3228,1.0299,-0.0312,-0.3789,1.0000,-0.0529,0.4019,1.0297,-0.0312,0.4871,1.0000,0.5375,-0.4328,1.0308,0.4688,-0.3789,1.0000,-0.5980,-0.4308,1.0331,-0.5312,-0.3789,1.0000,0.8003,0.0993,1.0303,0.7188,0.0541,1.0000,-0.5761,0.4014,1.0331,-0.5312,0.4871,1.0000
314,0.2747,-0.0150,1.0306,0.2188,0.0541,1.0000,-0.3361,-0.0167,1.0350,-0.2812,0.0541,1.0000,0.0517,-0.3236,1.0297,-0.0312,-0.3789,1.0000,-0.0533,0.4020,1.0297,-0.0312,0.4871,1.0000,0.5374,-0.4330,1.0311,0.4688,-0.3789,1.0000,-0.5983,-0.4307,1.0329,-0.5312,-0.3789,1.0000,0.8005,0.0987,1.0303,0.7188,0.0541,1.0000,-0.5766,0.4018,1.0331,-0.5312,0.4871,1.0000
315,0.2742,-0.0154,1.0306,0.2188,0.0541,1.0000,-0.3365,-0.0164,1.0350,-0.2812,0.0541,1.0000,0.0519,-0.3243,1.0297,-0.0312,-0.3789,1.0000,-0.0537,0.4021,1.0298,-0.0312,0.4871,1.0000,0.5374,-0.4332,1.0312,0.4688,-0.3789,1.0000,-0.5985,-0.4306,1.0329,-0.5312,-0.3789,1.0000,0.8008,0.0981,1.0303,0.7188,0.0541,1.0000,-0.5772,0.4022,1.0331,-0.5312,0.4871,1.0000
316,0.2737,-0.0158,1.0306,0.2188,0.0541,1.0000,-0.3370,-0.0161,1.0349,-0.2812,0.0541,1.0000,0.0521,-0.3251,1.0297,-0.0312,-0.3789,1.0000,-0.0540,0.4021,1.0300,-0.0312,0.4871,1.0000,0.5373,-0.4334,1.0312,0.4688,-0.3789,1.0000,-0.5987,-0.4304,1.0330,-0.5312,-0.3789,1.0000,0.8010,0.0975,1.0302,0.7188,0.0541,1.0000,-0.5778,0.4027,1.0330,-0.5312,0.4871,1.0000
317,0.2732,-0.0161,1.0308,0.2188,0.0541,1.0000,-0.3374,-0.0157,1.0347,-0.2812,0.0541,1.0000,0.0524,-0.3259,1.0296,-0.0312,-0.3789,1.0000,-0.0543,0.4022,1.0300,-0.0312,0.4871,1.0000,0.5372,-0.4336,1.0314,0.4688,-0.3789,1.0000,-0.5990,-0.4302,1.0329,-0.5312,-0.3789,1.0000,0.8012,0.0969,1.0302,0.7188,0.0541,1.0000,-0.5783,0.4031,1.0331,-0.5312,0.4871,1.0000
318,0.2727,-0.0164,1.0310,0.2188,0.0541,1.0000,-0.3379,-0.0154,1.0346,-0.2812,0.0541,1.0000,0.0526,-0.3267,1.0295,-0.0312,-0.3789,1.0000,-0.0546,0.4023,1.0300,-0.0312,0.4871,1.0000,0.5372,-0.4338,1.0315,0.4688,-0.3789,1.0000,-0.5992,-0.4301,1.0328,-0.5312,-0.3789,1.0000,0.8015,0.0963,1.0303,0.7188,0.0541,1.0000,-0.5788,0.4035,1.0330,-0.5312,0.4871,1.0000
319,0.2723,-0.0168,1.0310,0.2188,0.0541,1.0000,-0.3384,-0.0150,1.0345,-0.2812,0.0541,1.0000,0.0528,-0.3276,1.0296,-0.0312,-0.3789,1.0000,-0.0548,0.4023,1.0301,-0.0312,0.4871,1.0000,0.5372,-0.4339,1.0315,0.4688,-0.3789,1.0000,-0.5995,-0.4298,1.0328,-0.5312,-0.3789,1.0000,0.8017,0.0957,1.0303,0.7188,0.0541,1.0000,-0.5794,0.4040,1.0328,-0.5312,0.4871,1.0000
320,0.2719,-0.0171,1.0312,0.2188,0.0541,1.0000,-0.3389,-0.0146,1.0342,-0.2812,0.0541,1.0000,0.0530,-0.3284,1.0295,-0.0312,-0.3789,1.0000,-0.0551,0.4024,1.0301,-0.0312,0.4871,1.0000,0.5371,-0.4340,1.0316,0.4688,-0.3789,1.0000,-0.5998,-0.4297,1.0326,-0.5312,-0.3789,1.0000,0.8019,0.0952,1.0305,0.7188,0.0541,1.0000,-0.5799,0.4044,1.0328,-0.5312,0.4871,1.0000
321,0.2714,-0.0174,1.0314,0.2188,0.0541,1.0000,-0.3394,-0.0142,1.0342,-0.2812,0.0541,1.0000,0.0533,-0.3292,1.0295,-0.0312,-0.3789,1.0000,-0.0554,0.4024,1.0301,-0.0312,0.4871,1.0000,0.5371,-0.4341,1.0317,0.4688,-0.3789,1.0000,-0.6000,-0.4295,1.0325,-0.5312,-0.3789,1.0000,0.8020,0.0947,1.0307,0.7188,0.0541,1.0000,-0.5805,0.4048,1.0327,-0.5312,0.4871,1.0000
322,0.2711,-0.0178,1.0314,0.2188,0.0541,1.0000,-0.3399,-0.0138,1.0341,-0.2812,0.0541,1.0000,0.0535,-0.3300,1.0296,-0.0312,-0.3789,1.0000,-0.0556,0.4025,1.0301,-0.0312,0.4871,1.0000,0.5370,-0.4343,1.0316,0.4688,-0.3789,1.0000,-0.6003,-0.4293,1.0326,-0.5312,-0.3789,1.0000,0.8023,0.0940,1.0306,0.7188,0.0541,1.0000,-0.5811,0.4054,1.0325,-0.5312,0.4871,1.0000
323,0.2707,-0.0182,1.0315,0.2188,0.0541,1.0000,-0.3404,-0.0134,1.0340,-0.2812,0.0541,1.0000,0.0537,-0.3308,1.0296,-0.0312,-0.3789,1.0000,-0.0559,0.4025,1.0302,-0.0312,0.4871,1.0000,0.5368,-0.4344,1.0315,0.4688,-0.3789,1.0000,-0.6005,-0.4291,1.0326,-0.5312,-0.3789,1.0000,0.8024,0.0935,1.0305,0.7188,0.0541,1.0000,-0.5816,0.4058,1.0324,-0.5312,0.4871,1.0000
324,0.2703,-0.0185,1.0317,0.2188,0.0541,1.0000,-0.3409,-0.0130,1.0340,-0.2812,0.0541,1.0000,0.0540,-0.3316,1.0295,-0.0312,-0.3789,1.0000,-0.0562,0.4026,1.0301,-0.0312,0.4871,1.0000,0.5367,-0.4345,1.0315,0.4688,-0.3789,1.0000,-0.6008,-0.4290,1.0325,-0.5312,-0.3789,1.0000,0.8026,0.0929,1.0305,0.7188,0.0541,1.0000,-0.5822,0.4063,1.0324,-0.5312,0.4871,1.0000
325,0.2700,-0.0188,1.0318,0.2188,0.0541,1.0000,-0.3414,-0.0126,1.0340,-0.2812,0.0541,1.0000,0.0541,-0.3323,1.0297,-0.0312,-0.3789,1.0000,-0.0565,0.4027,1.0301,-0.0312,0.4871,1.0000,0.5366,-0.4347,1.0313,0.4688,-0.3789,1.0000,-0.6010,-0.4289,1.0327,-0.5312,-0.3789,1.0000,0.8028,0.0923,1.0304,0.7188,0.0541,1.0000,-0.5827,0.4069,1.0323,-0.5312,0.4871,1.0000
326,0.2697,-0.0192,1.0318,0.2188,0.0541,1.0000,-0.3419,-0.0122,1.0339,-0.2812,0.0541,1.0000,0.0543,-0.3331,1.0299,-0.0312,-0.3789,1.0000,-0.0567,0.4028,1.0302,-0.0312,0.4871,1.0000,0.5364,-0.4349,1.0311,0.4688,-0.3789,1.0000,-0.6012,-0.4287,1.0328,-0.5312,-0.3789,1.0000,0.8030,0.0917,1.0302,0.7188,0.0541,1.0000,-0.5833,0.4074,1.0321,-0.5312,0.4871,1.0000
327,0.2693,-0.0194,1.0319,0.2188,0.0541,1.0000,-0.3423,-0.0118,1.0339,-0.2812,0.0541,1.0000,0.0545,-0.3338,1.0298,-0.0312,-0.3789,1.0000,-0.0571,0.4029,1.0300,-0.0312,0.4871,1.0000,0.5362,-0.4351,1.0310,0.4688,-0.3789,1.0000,-0.6014,-0.4286,1.0328,-0.5312,-0.3789,1.0000,0.8031,0.0911,1.0302,0.7188,0.0541,1.0000,-0.5838,0.4079,1.0321,-0.5312,0.4871,1.0000
328,0.2690,-0.0197,1.0320,0.2188,0.0541,1.0000,-0.3428,-0.0114,1.0340,-0.2812,0.0541,1.0000,0.0547,-0.3345,1.0300,-0.0312,-0.3789,1.0000,-0.0574,0.4030,1.0299,-0.0312,0.4871,1.0000,0.5360,-0.4353,1.0308,0.4688,-0.3789,1.0000,-0.6015,-0.4285,1.0329,-0.5312,-0.3789,1.0000,0.8032,0.0904,1.0303,0.7188,0.0541,1.0000,-0.5844,0.4085,1.0320,-0.5312,0.4871,1.0000
329,0.2687,-0.0200,1.0319,0.2188,0.0541,1.0000,-0.3432,-0.0110,1.0340,-0.2812,0.0541,1.0000,0.0549,-0.3351,1.0302,-0.0312,-0.3789,1.0000,-0.0577,0.4031,1.0299,-0.0312,0.4871,1.0000,0.5357,-0.4356,1.0306,0.4688,-0.3789,1.0000,-0.6017,-0.4284,1.0331,-0.5312,-0.3789,1.0000,0.8034,0.0898,1.0301,0.7188,0.0541,1.0000,-0.5850,0.4090,1.0318,-0.5312,0.4871,1.0000
330,0.2683,-0.0202,1.0320,0.2188,0.0541,1.0000,-0.3437,-0.0106,1.0339,-0.2812,0.0541,1.0000,0.0551,-0.3358,1.0303,-0.0312,-0.3789,1.0000,-0.0580,0.4032,1.0300,-0.0312,0.4871,1.0000,0.5355,-0.4358,1.0306,0.4688,-0.3789,1.0000,-0.6019,-0.4284,1.0331,-0.5312,-0.3789,1.0000,0.8035,0.0892,1.0302,0.7188,0.0541,1.0000,-0.5855,0.4095,1.0319,-0.5312,0.4871,1.0000
331,0.2680,-0.0205,1.0319,0.2188,0.0541,1.0000,-0.3441,-0.0103,1.0340,-0.2812,0.0541,1.0000,0.0553,-0.3364,1.0304,-0.0312,-0.3789,1.0000,-0.0583,0.4033,1.0299,-0.0312,0.4871,1.0000,0.5352,-0.4361,1.0305,0.4688,-0.3789,1.0000,-0.6020,-0.4283,1.0332,-0.5312,-0.3789,1.0000,0.8037,0.0886,1.0303,0.7188,0.0541,1.0000,-0.5860,0.4100,1.0321,-0.5312,0.4871,1.0000
332,0.2676,-0.0208,1.0318,0.2188,0.0541,1.0000,-0.3445,-0.0099,1.0339,-0.2812,0.0541,1.0000,0.0555,-0.3371,1.0306,-0.0312,-0.3789,1.0000,-0.0586,0.4034,1.0301,-0.0312,0.4871,1.0000,0.5349,-0.4364,1.0304,0.4688,-0.3789,1.0000,-0.6022,-0.4283,1.0333,-0.5312,-0.3789,1.0000,0.8039,0.0879,1.0302,0.7188,0.0541,1.0000,-0.5866,0.4105,1.0320,-0.5312,0.4871,1.0000
333,0.2671,-0.0210,1.0316,0.2188,0.0541,1.0000,-0.3450,-0.0095,1.0338,-0.2812,0.0541,1.0000,0.0558,-0.3376,1.0307,-0.0312,-0.3789,1.0000,-0.0588,0.4035,1.0303,-0.0312,0.4871,1.0000,0.5346,-0.4367,1.0304,0.4688,-0.3789,1.0000,-0.6023,-0.4283,1.0333,-0.5312,-0.3789,1.0000,0.8041,0.0873,1.0302,0.7188,0.0541,1.0000,-0.5871,0.4109,1.0321,-0.5312,0.4871,1.0000
334,0.2667,-0.0212,1.0315,0.2188,0.0541,1.0000,-0.3454,-0.0091,1.0338,-0.2812,0.0541,1.0000,0.0560,-0.3382,1.0307,-0.0312,-0.3789,1.0000,-0.0592,0.4036,1.0302,-0.0312,0.4871,1.0000,0.5344,-0.4369,1.0305,0.4688,-0.3789,1.0000,-0.6025,-0.4283,1.0333,-0.5312,-0.3789,1.0000,0.8042,0.0867,1.0304,0.7188,0.0541,1.0000,-0.5875,0.4114,1.0322,-0.5312,0.4871,1.0000
335,0.2663,-0.0216,1.0314,0.2188,0.0541,1.0000,-0.3458,-0.0088,1.0337,-0.2812,0.0541,1.0000,0.0562,-0.3388,1.0309,-0.0312,-0.3789,1.0000,-0.0595,0.4036,1.0302,-0.0312,0.4871,1.0000,0.5341,-0.4373,1.0304,0.4688,-0.3789,1.0000,-0.6026,-0.4283,1.0335,-0.5312,-0.3789,1.0000,0.8043,0.0861,1.0304,0.7188,0.0541,1.0000,-0.5881,0.4119,1.0321,-0.5312,0.4871,1.0000
336,0.2657,-0.0218,1.0312,0.2188,0.0541,1.0000,-0.3463,-0.0083,1.0336,-0.2812,0.0541,1.0000,0.0564,-0.3393,1.0310,-0.0312,-0.3789,1.0000,-0.0597,0.4038,1.0303,-0.0312,0.4871,1.0000,0.5337,-0.4375,1.0304,0.4688,-0.3789,1.0000,-0.6028,-0.4283,1.0335,-0.5312,-0.3789,1.0000,0.8045,0.0856,1.0303,0.7188,0.0541,1.0000,-0.5886,0.4124,1.0319,-0.5312,0.4871,1.0000
337,0.2652,-0.0221,1.0311,0.2188,0.0541,1.0000,-0.3467,-0.0079,1.0335,-0.2812,0.0541,1.0000,0.0566,-0.3399,1.0310,-0.0312,-0.3789,1.0000,-0.0600,0.4039,1.0302,-0.0312,0.4871,1.0000,0.5335,-0.4378,1.0305,0.4688,-0.3789,1.0000,-0.6029,-0.4283,1.0335,-0.5312,-0.3789,1.0000,0.8046,0.0850,1.0305,0.7188,0.0541,1.0000,-0.5891,0.4129,1.0319,-0.5312,0.4871,1.0000
338,0.2647,-0.0225,1.0310,0.2188,0.0541,1.0000,-0.3471,-0.0075,1.0335,-0.2812,0.0541,1.0000,0.0568,-0.3405,1.0311,-0.0312,-0.3789,1.0000,-0.0603,0.4039,1.0301,-0.0312,0.4871,1.0000,0.5332,-0.4381,1.0305,0.4688,-0.3789,1.0000,-0.6030,-0.4282,1.0335,-0.5312,-0.3789,1.0000,0.8047,0.0845,1.0306,0.7188,0.0541,1.0000,-0.5896,0.4134,1.0318,-0.5312,0.4871,1.0000
339,0.2641,-0.0228,1.0309,0.2188,0.0541,1.0000,-0.3476,-0.0070,1.0334,-0.2812,0.0541,1.0000,0.0569,-0.3410,1.0311,-0.0312,-0.3789,1.0000,-0.0606,0.4041,1.0301,-0.0312,0.4871,1.0000,0.5329,-0.4384,1.0304,0.4688,-0.3789,1.0000,-0.6031,-0.4282,1.0335,-0.5312,-0.3789,1.0000,0.8049,0.0840,1.0305,0.7188,0.0541,1.0000,-0.5902,0.4139,1.0316,-0.5312,0.4871,1.0000
340,0.2636,-0.0231,1.0310,0.2188,0.0541,1.0000,-0.3480,-0.0065,1.0332,-0.2812,0.0541,1.0000,0.0571,-0.3416,1.0310,-0.0312,-0.3789,1.0000,-0.0609,0.4042,1.0302,-0.0312,0.4871,1.0000,0.5327,-0.4386,1.0304,0.4688,-0.3789,1.0000,-0.6032,-0.4281,1.0333,-0.5312,-0.3789,1.0000,0.8050,0.0834,1.0307,0.7188,0.0541,1.0000,-0.5906,0.4144,1.0316,-0.5312,0.4871,1.0000
341,0.2631,-0.0234,1.0310,0.2188,0.0541,1.0000,-0.3484,-0.0061,1.0332,-0.2812,0.0541,1.0000,0.0572,-0.3422,1.0309,-0.0312,-0.3789,1.0000,-0.0612,0.4043,1.0300,-0.0312,0.4871,1.0000,0.5325,-0.4389,1.0305,0.4688,-0.3789,1.0000,-0.6033,-0.4279,1.0333,-0.5312,-0.3789,1.0000,0.8051,0.0829,1.0308,0.7188,0.0541,1.0000,-0.5911,0.4150,1.0317,-0.5312,0.4871,1.0000
342,0.2625,-0.0237,1.0310,0.2188,0.0541,1.0000,-0.3488,-0.0056,1.0330,-0.2812,0.0541,1.0000,0.0573,-0.3428,1.0309,-0.0312,-0.3789,1.0000,-0.0616,0.4045,1.0300,-0.0312,0.4871,1.0000,0.5322,-0.4392,1.0305,0.4688,-0.3789,1.0000,-0.6034,-0.4278,1.0332,-0.5312,-0.3789,1.0000,0.8053,0.0824,1.0308,0.7188,0.0541,1.0000,-0.5917,0.4155,1.0315,-0.5312,0.4871,1.0000
343,0.2619,-0.0240,1.0311,0.2188,0.0541,1.0000,-0.3493,-0.0051,1.0329,-0.2812,0.0541,1.0000,0.0575,-0.3434,1.0308,-0.0312,-0.3789,1.0000,-0.0619,0.4047,1.0300,-0.0312,0.4871,1.0000,0.5319,-0.4394,1.0305,0.4688,-0.3789,1.0000,-0.6035,-0.4277,1.0329,-0.5312,-0.3789,1.0000,0.8055,0.0819,1.0308,0.7188,0.0541,1.0000,-0.5922,0.4161,1.0314,-0.5312,0.4871,1.0000
344,0.2615,-0.0243,1.0311,0.2188,0.0541,1.0000,-0.3497,-0.0047,1.0330,-0.2812,0.0541,1.0000,0.0576,-0.3441,1.0306,-0.0312,-0.3789,1.0000,-0.0623,0.4048,1.0298,-0.0312,0.4871,1.0000,0.5317,-0.4397,1.0306,0.4688,-0.3789,1.0000,-0.6037,-0.4274,1.0327,-0.5312,-0.3789,1.0000,0.8056,0.0813,1.0309,0.7188,0.0541,1.0000,-0.5927,0.4167,1.0314,-0.5312,0.4871,1.0000
345,0.2609,-0.0245,1.0311,0.2188,0.0541,1.0000,-0.3500,-0.0042,1.0331,-0.2812,0.0541,1.0000,0.0577,-0.3448,1.0305,-0.0312,-0.3789,1.0000,-0.0627,0.4049,1.0296,-0.0312,0.4871,1.0000,0.5313,-0.4400,1.0305,0.4688,-0.3789,1.0000,-0.6038,-0.4272,1.0325,-0.5312,-0.3789,1.0000,0.8058,0.0808,1.0308,0.7188,0.0541,1.0000,-0.5933,0.4172,1.0313,-0.5312,0.4871,1.0000
346,0.2604,-0.0248,1.0312,0.2188,0.0541,1.0000,-0.3505,-0.0037,1.0330,-0.2812,0.0541,1.0000,0.0578,-0.3456,1.0304,-0.0312,-0.3789,1.0000,-0.0631,0.4052,1.0296,-0.0312,0.4871,1.0000,0.5310,-0.4403,1.0303,0.4688,-0.3789,1.0000,-0.6040,-0.4269,1.0323,-0.5312,-0.3789,1.0000,0.8060,0.0802,1.0307,0.7188,0.0541,1.0000,-0.5938,0.4178,1.0311,-0.5312,0.4871,1.0000
347,0.2599,-0.0250,1.0313,0.2188,0.0541,1.0000,-0.3509,-0.0033,1.0330,-0.2812,0.0541,1.0000,0.0579,-0.3464,1.0303,-0.0312,-0.3789,1.0000,-0.0635,0.4053,1.0294,-0.0312,0.4871,1.0000,0.5307,-0.4406,1.0303,0.4688,-0.3789,1.0000,-0.6042,-0.4266,1.0321,-0.5312,-0.3789,1.0000,0.8060,0.0796,1.0307,0.7188,0.0541,1.0000,-0.5943,0.4184,1.0311,-0.5312,0.4871,1.0000
348,0.2594,-0.0253,1.0312,0.2188,0.0541,1.0000,-0.3512,-0.0029,1.0331,-0.2812,0.0541,1.0000,0.0580,-0.3471,1.0302,-0.0312,-0.3789,1.0000,-0.0640,0.4055,1.0292,-0.0312,0.4871,1.0000,0.5304,-0.4409,1.0302,0.4688,-0.3789,1.0000,-0.6044,-0.4263,1.0320,-0.5312,-0.3789,1.0000,0.8062,0.0790,1.0306,0.7188,0.0541,1.0000,-0.5947,0.4190,1.0311,-0.5312,0.4871,1.0000
349,0.2589,-0.0255,1.0311,0.2188,0.0541,1.0000,-0.3517,-0.0024,1.0330,-0.2812,0.0541,1.0000,0.0581,-0.3479,1.0303,-0.0312,-0.3789,1.0000,-0.0644,0.4058,1.0292,-0.0312,0.4871,1.0000,0.5301,-0.4413,1.0301,0.4688,-0.3789,1.0000,-0.6046,-0.4260,1.0317,-0.5312,-0.3789,1.0000,0.8063,0.0784,1.0304,0.7188,0.0541,1.0000,-0.5953,0.4195,1.0310,-0.5312,0.4871,1.0000
350,0.2585,-0.0257,1.0311,0.2188,0.0541,1.0000,-0.3521,-0.0020,1.0328,-0.2812,0.0541,1.0000,0.0582,-0.3487,1.0302,-0.0312,-0.3789,1.0000,-0.0648,0.4061,1.0291,-0.0312,0.4871,1.0000,0.5298,-0.4415,1.0302,0.4688,-0.3789,1.0000,-0.6049,-0.4257,1.0316,-0.5312,-0.3789,1.0000,0.8063,0.0777,1.0303,0.7188,0.0541,1.0000,-0.5957,0.4201,1.0311,-0.5312,0.4871,1.0000
351,0.2580,-0.0260,1.0311,0.2188,0.0541,1.0000,-0.3524,-0.0015,1.0328,-0.2812,0.0541,1.0000,0.0582,-0.3495,1.0302,-0.0312,-0.3789,1.0000,-0.0653,0.4063,1.0289,-0.0312,0.4871,1.0000,0.5294,-0.4418,1.0304,0.4688,-0.3789,1.0000,-0.6051,-0.4253,1.0315,-0.5312,-0.3789,1.0000,0.8064,0.0771,1.0302,0.7188,0.0541,1.0000,-0.5961,0.4207,1.0312,-0.5312,0.4871,1.0000
352,0.2574,-0.0263,1.0310,0.2188,0.0541,1.0000,-0.3528,-0.0010,1.0327,-0.2812,0.0541,1.0000,0.0583,-0.3502,1.0303,-0.0312,-0.3789,1.0000,-0.0658,0.4066,1.0289,-0.0312,0.4871,1.0000,0.5291,-0.4421,1.0304,0.4688,-0.3789,1.0000,-0.6054,-0.4250,1.0314,-0.5312,-0.3789,1.0000,0.8065,0.0764,1.0300,0.7188,0.0541,1.0000,-0.5966,0.4212,1.0312,-0.5312,0.4871,1.0000
353,0.2569,-0.0265,1.0310,0.2188,0.0541,1.0000,-0.3533,-0.0006,1.0325,-0.2812,0.0541,1.0000,0.0584,-0.3510,1.0302,-0.0312,-0.3789,1.0000,-0.0662,0.4069,1.0289,-0.0312,0.4871,1.0000,0.5288,-0.4424,1.0304,0.4688,-0.3789,1.0000,-0.6057,-0.4246,1.0314,-0.5312,-0.3789,1.0000,0.8065,0.0757,1.0300,0.7188,0.0541,1.0000,-0.5970,0.4217,1.0313,-0.5312,0.4871,1.0000
354,0.2564,-0.0267,1.0311,0.2188,0.0541,1.0000,-0.3536,-0.0001,1.0325,-0.2812,0.0541,1.0000,0.0585,-0.3518,1.0302,-0.0312,-0.3789,1.0000,-0.0667,0.4071,1.0288,-0.0312,0.4871,1.0000,0.5285,-0.4426,1.0306,0.4688,-0.3789,1.0000,-0.6060,-0.4243,1.0315,-0.5312,-0.3789,1.0000,0.8065,0.0750,1.0299,0.7188,0.0541,1.0000,-0.5974,0.4222,1.0315,-0.5312,0.4871,1.0000
355,0.2558,-0.0269,1.0310,0.2188,0.0541,1.0000,-0.3540,0.0005,1.0326,-0.2812,0.0541,1.0000,0.0586,-0.3525,1.0303,-0.0312,-0.3789,1.0000,-0.0671,0.4073,1.0288,-0.0312,0.4871,1.0000,0.5282,-0.4430,1.0305,0.4688,-0.3789,1.0000,-0.6062,-0.4240,1.0315,-0.5312,-0.3789,1.0000,0.8066,0.0743,1.0297,0.7188,0.0541,1.0000,-0.5979,0.4226,1.0316,-0.5312,0.4871,1.0000
356,0.2552,-0.0271,1.0309,0.2188,0.0541,1.0000,-0.3544,0.0010,1.0324,-0.2812,0.0541,1.0000,0.0587,-0.3533,1.0304,-0.0312,-0.3789,1.0000,-0.0676,0.4076,1.0289,-0.0312,0.4871,1.0000,0.5280,-0.4433,1.0304,0.4688,-0.3789,1.0000,-0.6065,-0.4237,1.0315,-0.5312,-0.3789,1.0000,0.8065,0.0735,1.0297,0.7188,0.0541,1.0000,-0.5983,0.4230,1.0317,-0.5312,0.4871,1.0000
357,0.2547,-0.0273,1.0309,0.2188,0.0541,1.0000,-0.3548,0.0015,1.0324,-0.2812,0.0541,1.0000,0.0588,-0.3540,1.0304,-0.0312,-0.3789,1.0000,-0.0680,0.4078,1.0289,-0.0312,0.4871,1.0000,0.5277,-0.4435,1.0306,0.4688,-0.3789,1.0000,-0.6067,-0.4234,1.0316,-0.5312,-0.3789,1.0000,0.8065,0.0728,1.0297,0.7188,0.0541,1.0000,-0.5988,0.4235,1.0319,-0.5312,0.4871,1.0000
358,0.2541,-0.0276,1.0308,0.2188,0.0541,1.0000,-0.3551,0.0021,1.0324,-0.2812,0.0541,1.0000,0.0589,-0.3547,1.0306,-0.0312,-0.3789,1.0000,-0.0685,0.4080,1.0290,-0.0312,0.4871,1.0000,0.5274,-0.4438,1.0306,0.4688,-0.3789,1.0000,-0.6069,-0.4231,1.0317,-0.5312,-0.3789,1.0000,0.8066,0.0720,1.0296,0.7188,0.0541,1.0000,-0.5992,0.4238,1.0319,-0.5312,0.4871,1.0000
359,0.2535,-0.0278,1.0306,0.2188,0.0541,1.0000,-0.3555,0.0026,1.0323,-0.2812,0.0541,1.0000,0.0589,-0.3554,1.0308,-0.0312,-0.3789,1.0000,-0.0689,0.4082,1.0292,-0.0312,0.4871,1.0000,0.5272,-0.4440,1.0305,0.4688,-0.3789,1.0000,-0.6071,-0.4229,1.0316,-0.5312,-0.3789,1.0000,0.8067,0.0713,1.0296,0.7188,0.0541,1.0000,-0.5997,0.4242,1.0319,-0.5312,0.4871,1.0000
360,0.2530,-0.0280,1.0307,0.2188,0.0541,1.0000,-0.3559,0.0031,1.0321,-0.2812,0.0541,1.0000,0.0591,-0.3562,1.0308,-0.0312,-0.3789,1.0000,-0.0693,0.4084,1.0294,-0.0312,0.4871,1.0000,0.5269,-0.4443,1.0306,0.4688,-0.3789,1.0000,-0.6073,-0.4226,1.0317,-0.5312,-0.3789,1.0000,0.8067,0.0705,1.0297,0.7188,0.0541,1.0000,-0.6001,0.4246,1.0321,-0.5312,0.4871,1.0000
361,0.2525,-0.0282,1.0309,0.2188,0.0541,1.0000,-0.3562,0.0037,1.0322,-0.2812,0.0541,1.0000,0.0592,-0.3569,1.0306,-0.0312,-0.3789,1.0000,-0.0697,0.4085,1.0294,-0.0312,0.4871,1.0000,0.5266,-0.4445,1.0308,0.4688,-0.3789,1.0000,-0.6075,-0.4224,1.0318,-0.5312,-0.3789,1.0000,0.8068,0.0698,1.0297,0.7188,0.0541,1.0000,-0.6005,0.4249,1.0321,-0.5312,0.4871,1.0000
362,0.2519,-0.0285,1.0309,0.2188,0.0541,1.0000,-0.3566,0.0042,1.0322,-0.2812,0.0541,1.0000,0.0592,-0.3576,1.0307,-0.0312,-0.3789,1.0000,-0.0700,0.4087,1.0296,-0.0312,0.4871,1.0000,0.5264,-0.4448,1.0306,0.4688,-0.3789,1.0000,-0.6077,-0.4222,1.0318,-0.5312,-0.3789,1.0000,0.8069,0.0691,1.0298,0.7188,0.0541,1.0000,-0.6009,0.4253,1.0321,-0.5312,0.4871,1.0000
363,0.2514,-0.0287,1.0311,0.2188,0.0541,1.0000,-0.3569,0.0047,1.0322,-0.2812,0.0541,1.0000,0.0593,-0.3584,1.0307,-0.0312,-0.3789,1.0000,-0.0702,0.4088,1.0298,-0.0312,0.4871,1.0000,0.5261,-0.4451,1.0306,0.4688,-0.3789,1.0000,-0.6079,-0.4220,1.0317,-0.5312,-0.3789,1.0000,0.8070,0.0684,1.0300,0.7188,0.0541,1.0000,-0.6012,0.4257,1.0321,-0.5312,0.4871,1.0000
364,0.2509,-0.0288,1.0313,0.2188,0.0541,1.0000,-0.3572,0.0052,1.0324,-0.2812,0.0541,1.0000,0.0594,-0.3591,1.0305,-0.0312,-0.3789,1.0000,-0.0705,0.4090,1.0299,-0.0312,0.4871,1.0000,0.5257,-0.4454,1.0306,0.4688,-0.3789,1.0000,-0.6081,-0.4218,1.0318,-0.5312,-0.3789,1.0000,0.8071,0.0678,1.0301,0.7188,0.0541,1.0000,-0.6016,0.4261,1.0321,-0.5312,0.4871,1.0000
365,0.2504,-0.0291,1.0312,0.2188,0.0541,1.0000,-0.3575,0.0057,1.0325,-0.2812,0.0541,1.0000,0.0594,-0.3599,1.0306,-0.0312,-0.3789,1.0000,-0.0708,0.4092,1.0300,-0.0312,0.4871,1.0000,0.5254,-0.4457,1.0305,0.4688,-0.3789,1.0000,-0.6083,-0.4216,1.0317,-0.5312,-0.3789,1.0000,0.8072,0.0672,1.0302,0.7188,0.0541,1.0000,-0.6020,0.4265,1.0319,-0.5312,0.4871,1.0000
366,0.2499,-0.0293,1.0312,0.2188,0.0541,1.0000,-0.3578,0.0061,1.0325,-0.2812,0.0541,1.0000,0.0594,-0.3606,1.0307,-0.0312,-0.3789,1.0000,-0.0710,0.4093,1.0302,-0.0312,0.4871,1.0000,0.5251,-0.4460,1.0303,0.4688,-0.3789,1.0000,-0.6085,-0.4213,1.0316,-0.5312,-0.3789,1.0000,0.8073,0.0666,1.0303,0.7188,0.0541,1.0000,-0.6022,0.4270,1.0319,-0.5312,0.4871,1.0000
367,0.2495,-0.0295,1.0313,0.2188,0.0541,1.0000,-0.3581,0.0065,1.0326,-0.2812,0.0541,1.0000,0.0594,-0.3614,1.0306,-0.0312,-0.3789,1.0000,-0.0712,0.4094,1.0302,-0.0312,0.4871,1.0000,0.5246,-0.4463,1.0303,0.4688,-0.3789,1.0000,-0.6086,-0.4210,1.0316,-0.5312,-0.3789,1.0000,0.8074,0.0661,1.0305,0.7188,0.0541,1.0000,-0.6026,0.4275,1.0318,-0.5312,0.4871,1.0000
368,0.2489,-0.0297,1.0313,0.2188,0.0541,1.0000,-0.3583,0.0069,1.0328,-0.2812,0.0541,1.0000,0.0595,-0.3622,1.0306,-0.0312,-0.3789,1.0000,-0.0715,0.4095,1.0302,-0.0312,0.4871,1.0000,0.5243,-0.4466,1.0302,0.4688,-0.3789,1.0000,-0.6088,-0.4208,1.0317,-0.5312,-0.3789,1.0000,0.8075,0.0655,1.0305,0.7188,0.0541,1.0000,-0.6029,0.4280,1.0316,-0.5312,0.4871,1.0000
369,0.2484,-0.0299,1.0311,0.2188,0.0541,1.0000,-0.3587,0.0073,1.0328,-0.2812,0.0541,1.0000,0.0595,-0.3629,1.0307,-0.0312,-0.3789,1.0000,-0.0716,0.4096,1.0303,-0.0312,0.4871,1.0000,0.5239,-0.4469,1.0300,0.4688,-0.3789,1.0000,-0.6090,-0.4205,1.0315,-0.5312,-0.3789,1.0000,0.8075,0.0650,1.0306,0.7188,0.0541,1.0000,-0.6032,0.4285,1.0314,-0.5312,0.4871,1.0000
370,0.2479,-0.0300,1.0312,0.2188,0.0541,1.0000,-0.3590,0.0077,1.0329,-0.2812,0.0541,1.0000,0.0595,-0.3637,1.0307,-0.0312,-0.3789,1.0000,-0.0719,0.4097,1.0303,-0.0312,0.4871,1.0000,0.5234,-0.4472,1.0300,0.4688,-0.3789,1.0000,-0.6092,-0.4202,1.0314,-0.5312,-0.3789,1.0000,0.8076,0.0645,1.0308,0.7188,0.0541,1.0000,-0.6035,0.4291,1.0313,-0.5312,0.4871,1.0000
371,0.2474,-0.0302,1.0312,0.2188,0.0541,1.0000,-0.3592,0.0081,1.0330,-0.2812,0.0541,1.0000,0.0596,-0.3645,1.0306,-0.0312,-0.3789,1.0000,-0.0721,0.4099,1.0302,-0.0312,0.4871,1.0000,0.5230,-0.4475,1.0299,0.4688,-0.3789,1.0000,-0.6093,-0.4199,1.0314,-0.5312,-0.3789,1.0000,0.8077,0.0640,1.0308,0.7188,0.0541,1.0000,-0.6039,0.4297,1.0311,-0.5312,0.4871,1.0000
372,0.2468,-0.0304,1.0311,0.2188,0.0541,1.0000,-0.3596,0.0084,1.0330,-0.2812,0.0541,1.0000,0.0595,-0.3652,1.0307,-0.0312,-0.3789,1.0000,-0.0723,0.4101,1.0303,-0.0312,0.4871,1.0000,0.5225,-0.4478,1.0297,0.4688,-0.3789,1.0000,-0.6095,-0.4196,1.0312,-0.5312,-0.3789,1.0000,0.8077,0.0635,1.0308,0.7188,0.0541,1.0000,-0.6042,0.4303,1.0309,-0.5312,0.4871,1.0000
373,0.2463,-0.0305,1.0311,0.2188,0.0541,1.0000,-0.3599,0.0087,1.0330,-0.2812,0.0541,1.0000,0.0595,-0.3659,1.0308,-0.0312,-0.3789,1.0000,-0.0726,0.4102,1.0303,-0.0312,0.4871,1.0000,0.5220,-0.4480,1.0297,0.4688,-0.3789,1.0000,-0.6097,-0.4193,1.0311,-0.5312,-0.3789,1.0000,0.8078,0.0630,1.0309,0.7188,0.0541,1.0000,-0.6045,0.4309,1.0309,-0.5312,0.4871,1.0000
374,0.2457,-0.0306,1.0311,0.2188,0.0541,1.0000,-0.3602,0.0091,1.0331,-0.2812,0.0541,1.0000,0.0596,-0.3666,1.0308,-0.0312,-0.3789,1.0000,-0.0729,0.4104,1.0302,-0.0312,0.4871,1.0000,0.5215,-0.4483,1.0297,0.4688,-0.3789,1.0000,-0.6099,-0.4190,1.0311,-0.5312,-0.3789,1.0000,0.8079,0.0625,1.0308,0.7188,0.0541,1.0000,-0.6049,0.4315,1.0308,-0.5312,0.4871,1.0000
375,0.2451,-0.0308,1.0309,0.2188,0.0541,1.0000,-0.3605,0.0094,1.0331,-0.2812,0.0541,1.0000,0.0596,-0.3672,1.0309,-0.0312,-0.3789,1.0000,-0.0731,0.4106,1.0301,-0.0312,0.4871,1.0000,0.5211,-0.4486,1.0296,0.4688,-0.3789,1.0000,-0.6100,-0.4187,1.0312,-0.5312,-0.3789,1.0000,0.8079,0.0620,1.0307,0.7188,0.0541,1.0000,-0.6053,0.4322,1.0307,-0.5312,0.4871,1.0000
376,0.2445,-0.0310,1.0308,0.2188,0.0541,1.0000,-0.3608,0.0097,1.0331,-0.2812,0.0541,1.0000,0.0596,-0.3679,1.0312,-0.0312,-0.3789,1.0000,-0.0733,0.4108,1.0301,-0.0312,0.4871,1.0000,0.5205,-0.4489,1.0296,0.4688,-0.3789,1.0000,-0.6102,-0.4183,1.0312,-0.5312,-0.3789,1.0000,0.8079,0.0615,1.0307,0.7188,0.0541,1.0000,-0.6056,0.4328,1.0308,-0.5312,0.4871,1.0000
377,0.2439,-0.0311,1.0309,0.2188,0.0541,1.0000,-0.3610,0.0101,1.0331,-0.2812,0.0541,1.0000,0.0598,-0.3685,1.0313,-0.0312,-0.3789,1.0000,-0.0737,0.4110,1.0300,-0.0312,0.4871,1.0000,0.5201,-0.4492,1.0297,0.4688,-0.3789,1.0000,-0.6104,-0.4181,1.0313,-0.5312,-0.3789,1.0000,0.8080,0.0609,1.0307,0.7188,0.0541,1.0000,-0.6060,0.4334,1.0308,-0.5312,0.4871,1.0000
378,0.2433,-0.0313,1.0308,0.2188,0.0541,1.0000,-0.3612,0.0105,1.0331,-0.2812,0.0541,1.0000,0.0598,-0.3692,1.0314,-0.0312,-0.3789,1.0000,-0.0740,0.4112,1.0299,-0.0312,0.4871,1.0000,0.5197,-0.4495,1.0297,0.4688,-0.3789,1.0000,-0.6105,-0.4178,1.0315,-0.5312,-0.3789,1.0000,0.8080,0.0603,1.0306,0.7188,0.0541,1.0000,-0.6064,0.4341,1.0308,-0.5312,0.4871,1.0000
379,0.2427,-0.0314,1.0307,0.2188,0.0541,1.0000,-0.3615,0.0108,1.0329,-0.2812,0.0541,1.0000,0.0599,-0.3698,1.0316,-0.0312,-0.3789,1.0000,-0.0742,0.4115,1.0301,-0.0312,0.4871,1.0000,0.5192,-0.4498,1.0298,0.4688,-0.3789,1.0000,-0.6107,-0.4175,1.0314,-0.5312,-0.3789,1.0000,0.8080,0.0598,1.0306,0.7188,0.0541,1.0000,-0.6067,0.4347,1.0309,-0.5312,0.4871,1.0000
380,0.2421,-0.0315,1.0308,0.2188,0.0541,1.0000,-0.3616,0.0113,1.0327,-0.2812,0.0541,1.0000,0.0600,-0.3703,1.0316,-0.0312,-0.3789,1.0000,-0.0744,0.4117,1.0303,-0.0312,0.4871,1.0000,0.5188,-0.4501,1.0300,0.4688,-0.3789,1.0000,-0.6109,-0.4172,1.0314,-0.5312,-0.3789,1.0000,0.8080,0.0593,1.0307,0.7188,0.0541,1.0000,-0.6071,0.4352,1.0310,-0.5312,0.4871,1.0000
381,0.2415,-0.0315,1.0308,0.2188,0.0541,1.0000,-0.3618,0.0118,1.0327,-0.2812,0.0541,1.0000,0.0601,-0.3709,1.0316,-0.0312,-0.3789,1.0000,-0.0748,0.4119,1.0302,-0.0312,0.4871,1.0000,0.5185,-0.4504,1.0301,0.4688,-0.3789,1.0000,-0.6110,-0.4170,1.0315,-0.5312,-0.3789,1.0000,0.8080,0.0587,1.0306,0.7188,0.0541,1.0000,-0.6074,0.4358,1.0310,-0.5312,0.4871,1.0000
382,0.2409,-0.0317,1.0308,0.2188,0.0541,1.0000,-0.3621,0.0122,1.0324,-0.2812,0.0541,1.0000,0.0602,-0.3715,1.0318,-0.0312,-0.3789,1.0000,-0.0750,0.4121,1.0302,-0.0312,0.4871,1.0000,0.5181,-0.4507,1.0301,0.4688,-0.3789,1.0000,-0.6112,-0.4166,1.0314,-0.5312,-0.3789,1.0000,0.8080,0.0581,1.0305,0.7188,0.0541,1.0000,-0.6077,0.4364,1.0311,-0.5312,0.4871,1.0000
383,0.2403,-0.0317,1.0309,0.2188,0.0541,1.0000,-0.3623,0.0128,1.0322,-0.2812,0.0541,1.0000,0.0603,-0.3720,1.0319,-0.0312,-0.3789,1.0000,-0.0753,0.4123,1.0304,-0.0312,0.4871,1.0000,0.5178,-0.4510,1.0304,0.4688,-0.3789,1.0000,-0.6114,-0.4164,1.0312,-0.5312,-0.3789,1.0000,0.8080,0.0577,1.0306,0.7188,0.0541,1.0000,-0.6079,0.4368,1.0312,-0.5312,0.4871,1.0000
384,0.2398,-0.0318,1.0311,0.2188,0.0541,1.0000,-0.3625,0.0133,1.0321,-0.2812,0.0541,1.0000,0.0604,-0.3725,1.0320,-0.0312,-0.3789,1.0000,-0.0757,0.4125,1.0302,-0.0312,0.4871,1.0000,0.5175,-0.4513,1.0306,0.4688,-0.3789,1.0000,-0.6115,-0.4160,1.0312,-0.5312,-0.3789,1.0000,0.8080,0.0571,1.0307,0.7188,0.0541,1.0000,-0.6082,0.4374,1.0312,-0.5312,0.4871,1.0000
385,0.2393,-0.0319,1.0312,0.2188,0.0541,1.0000,-0.3627,0.0139,1.0318,-0.2812,0.0541,1.0000,0.0604,-0.3730,1.0320,-0.0312,-0.3789,1.0000,-0.0760,0.4127,1.0300,-0.0312,0.4871,1.0000,0.5173,-0.4516,1.0307,0.4688,-0.3789,1.0000,-0.6116,-0.4157,1.0312,-0.5312,-0.3789,1.0000,0.8080,0.0565,1.0307,0.7188,0.0541,1.0000,-0.6085,0.4379,1.0311,-0.5312,0.4871,1.0000
386,0.2388,-0.0320,1.0313,0.2188,0.0541,1.0000,-0.3630,0.0145,1.0317,-0.2812,0.0541,1.0000,0.0604,-0.3735,1.0321,-0.0312,-0.3789,1.0000,-0.0762,0.4129,1.0301,-0.0312,0.4871,1.0000,0.5170,-0.4518,1.0308,0.4688,-0.3789,1.0000,-0.6118,-0.4153,1.0311,-0.5312,-0.3789,1.0000,0.8080,0.0561,1.0309,0.7188,0.0541,1.0000,-0.6087,0.4384,1.0311,-0.5312,0.4871,1.0000
387,0.2383,-0.0321,1.0314,0.2188,0.0541,1.0000,-0.3632,0.0152,1.0316,-0.2812,0.0541,1.0000,0.0605,-0.3741,1.0320,-0.0312,-0.3789,1.0000,-0.0766,0.4132,1.0300,-0.0312,0.4871,1.0000,0.5168,-0.4520,1.0310,0.4688,-0.3789,1.0000,-0.6119,-0.4150,1.0310,-0.5312,-0.3789,1.0000,0.8079,0.0556,1.0311,0.7188,0.0541,1.0000,-0.6090,0.4390,1.0310,-0.5312,0.4871,1.0000
388,0.2378,-0.0323,1.0315,0.2188,0.0541,1.0000,-0.3635,0.0157,1.0315,-0.2812,0.0541,1.0000,0.0605,-0.3747,1.0318,-0.0312,-0.3789,1.0000,-0.0770,0.4134,1.0298,-0.0312,0.4871,1.0000,0.5166,-0.4522,1.0311,0.4688,-0.3789,1.0000,-0.6120,-0.4145,1.0310,-0.5312,-0.3789,1.0000,0.8079,0.0550,1.0310,0.7188,0.0541,1.0000,-0.6093,0.4396,1.0309,-0.5312,0.4871,1.0000
389,0.2374,-0.0324,1.0316,0.2188,0.0541,1.0000,-0.3638,0.0164,1.0314,-0.2812,0.0541,1.0000,0.0605,-0.3752,1.0318,-0.0312,-0.3789,1.0000,-0.0773,0.4137,1.0298,-0.0312,0.4871,1.0000,0.5163,-0.4523,1.0311,0.4688,-0.3789,1.0000,-0.6122,-0.4142,1.0308,-0.5312,-0.3789,1.0000,0.8079,0.0545,1.0309,0.7188,0.0541,1.0000,-0.6095,0.4401,1.0309,-0.5312,0.4871,1.0000
390,0.2369,-0.0325,1.0318,0.2188,0.0541,1.0000,-0.3640,0.0171,1.0314,-0.2812,0.0541,1.0000,0.0605,-0.3758,1.0316,-0.0312,-0.3789,1.0000,-0.0777,0.4140,1.0299,-0.0312,0.4871,1.0000,0.5161,-0.4525,1.0312,0.4688,-0.3789,1.0000,-0.6123,-0.4138,1.0307,-0.5312,-0.3789,1.0000,0.8078,0.0540,1.0309,0.7188,0.0541,1.0000,-0.6098,0.4407,1.0308,-0.5312,0.4871,1.0000
391,0.2365,-0.0327,1.0319,0.2188,0.0541,1.0000,-0.3643,0.0176,1.0315,-0.2812,0.0541,1.0000,0.0604,-0.3765,1.0314,-0.0312,-0.3789,1.0000,-0.0781,0.4142,1.0297,-0.0312,0.4871,1.0000,0.5159,-0.4527,1.0310,0.4688,-0.3789,1.0000,-0.6124,-0.4133,1.0307,-0.5312,-0.3789,1.0000,0.8078,0.0533,1.0308,0.7188,0.0541,1.0000,-0.6101,0.4413,1.0306,-0.5312,0.4871,1.0000
392,0.2361,-0.0328,1.0319,0.2188,0.0541,1.0000,-0.3646,0.0183,1.0314,-0.2812,0.0541,1.0000,0.0604,-0.3771,1.0313,-0.0312,-0.3789,1.0000,-0.0786,0.4145,1.0297,-0.0312,0.4871,1.0000,0.5155,-0.4528,1.0310,0.4688,-0.3789,1.0000,-0.6126,-0.4129,1.0306,-0.5312,-0.3789,1.0000,0.8078,0.0527,1.0305,0.7188,0.0541,1.0000,-0.6104,0.4419,1.0306,-0.5312,0.4871,1.0000
393,0.2357,-0.0329,1.0320,0.2188,0.0541,1.0000,-0.3648,0.0189,1.0315,-0.2812,0.0541,1.0000,0.0604,-0.3778,1.0312,-0.0312,-0.3789,1.0000,-0.0790,0.4148,1.0297,-0.0312,0.4871,1.0000,0.5153,-0.4530,1.0310,0.4688,-0.3789,1.0000,-0.6128,-0.4124,1.0304,-0.5312,-0.3789,1.0000,0.8076,0.0522,1.0305,0.7188,0.0541,1.0000,-0.6106,0.4425,1.0306,-0.5312,0.4871,1.0000
394,0.2353,-0.0330,1.0321,0.2188,0.0541,1.0000,-0.3650,0.0194,1.0316,-0.2812,0.0541,1.0000,0.0603,-0.3785,1.0311,-0.0312,-0.3789,1.0000,-0.0794,0.4151,1.0296,-0.0312,0.4871,1.0000,0.5150,-0.4532,1.0308,0.4688,-0.3789,1.0000,-0.6128,-0.4119,1.0304,-0.5312,-0.3789,1.0000,0.8075,0.0516,1.0305,0.7188,0.0541,1.0000,-0.6109,0.4431,1.0306,-0.5312,0.4871,1.0000
395,0.2349,-0.0331,1.0320,0.2188,0.0541,1.0000,-0.3653,0.0200,1.0316,-0.2812,0.0541,1.0000,0.0602,-0.3792,1.0311,-0.0312,-0.3789,1.0000,-0.0799,0.4154,1.0295,-0.0312,0.4871,1.0000,0.5146,-0.4534,1.0307,0.4688,-0.3789,1.0000,-0.6129,-0.4115,1.0304,-0.5312,-0.3789,1.0000,0.8075,0.0509,1.0304,0.7188,0.0541,1.0000,-0.6111,0.4437,1.0306,-0.5312,0.4871,1.0000
396,0.2345,-0.0331,1.0321,0.2188,0.0541,1.0000,-0.3654,0.0205,1.0317,-0.2812,0.0541,1.0000,0.0601,-0.3799,1.0311,-0.0312,-0.3789,1.0000,-0.0803,0.4157,1.0295,-0.0312,0.4871,1.0000,0.5143,-0.4535,1.0306,0.4688,-0.3789,1.0000,-0.6131,-0.4111,1.0303,-0.5312,-0.3789,1.0000,0.8074,0.0504,1.0304,0.7188,0.0541,1.0000,-0.6114,0.4443,1.0307,-0.5312,0.4871,1.0000
397,0.2341,-0.0331,1.0321,0.2188,0.0541,1.0000,-0.3656,0.0210,1.0318,-0.2812,0.0541,1.0000,0.0600,-0.3807,1.0310,-0.0312,-0.3789,1.0000,-0.0807,0.4160,1.0295,-0.0312,0.4871,1.0000,0.5140,-0.4538,1.0304,0.4688,-0.3789,1.0000,-0.6132,-0.4106,1.0304,-0.5312,-0.3789,1.0000,0.8072,0.0497,1.0306,0.7188,0.0541,1.0000,-0.6116,0.4449,1.0306,-0.5312,0.4871,1.0000
398,0.2337,-0.0332,1.0319,0.2188,0.0541,1.0000,-0.3658,0.0215,1.0318,-0.2812,0.0541,1.0000,0.0599,-0.3814,1.0310,-0.0312,-0.3789,1.0000,-0.0811,0.4163,1.0295,-0.0312,0.4871,1.0000,0.5135,-0.4540,1.0303,0.4688,-0.3789,1.0000,-0.6133,-0.4102,1.0305,-0.5312,-0.3789,1.0000,0.8072,0.0491,1.0305,0.7188,0.0541,1.0000,-0.6119,0.4455,1.0306,-0.5312,0.4871,1.0000
399,0.2332,-0.0331,1.0318,0.2188,0.0541,1.0000,-0.3660,0.0220,1.0318,-0.2812,0.0541,1.0000,0.0598,-0.3820,1.0310,-0.0312,-0.3789,1.0000,-0.0815,0.4166,1.0296,-0.0312,0.4871,1.0000,0.5131,-0.4542,1.0303,0.4688,-0.3789,1.0000,-0.6134,-0.4098,1.0305,-0.5312,-0.3789,1.0000,0.8071,0.0485,1.0304,0.7188,0.0541,1.0000,-0.6121,0.4460,1.0307,-0.5312,0.4871,1.0000
400,0.2328,-0.0331,1.0318,0.2188,0.0541,1.0000,-0.3662,0.0225,1.0318,-0.2812,0.0541,1.0000,0.0598,-0.3827,1.0310,-0.0312,-0.3789,1.0000,-0.0819,0.4169,1.0298,-0.0312,0.4871,1.0000,0.5128,-0.4545,1.0304,0.4688,-0.3789,1.0000,-0.6135,-0.4094,1.0306,-0.5312,-0.3789,1.0000,0.8070,0.0479,1.0306,0.7188,0.0541,1.0000,-0.6123,0.4466,1.0307,-0.5312,0.4871,1.0000
401,0.2323,-0.0332,1.0316,0.2188,0.0541,1.0000,-0.3663,0.0230,1.0317,-0.2812,0.0541,1.0000,0.0597,-0.3835,1.0309,-0.0312,-0.3789,1.0000,-0.0823,0.4171,1.0298,-0.0312,0.4871,1.0000,0.5124,-0.4547,1.0303,0.4688,-0.3789,1.0000,-0.6136,-0.4090,1.0308,-0.5312,-0.3789,1.0000,0.8070,0.0473,1.0306,0.7188,0.0541,1.0000,-0.6126,0.4472,1.0306,-0.5312,0.4871,1.0000
402,0.2317,-0.0331,1.0314,0.2188,0.0541,1.0000,-0.3665,0.0236,1.0316,-0.2812,0.0541,1.0000,0.0596,-0.3841,1.0310,-0.0312,-0.3789,1.0000,-0.0827,0.4174,1.0299,-0.0312,0.4871,1.0000,0.5119,-0.4549,1.0304,0.4688,-0.3789,1.0000,-0.6138,-0.4087,1.0308,-0.5312,-0.3789,1.0000,0.8070,0.0467,1.0306,0.7188,0.0541,1.0000,-0.6128,0.4477,1.0307,-0.5312,0.4871,1.0000
403,0.2312,-0.0331,1.0313,0.2188,0.0541,1.0000,-0.3666,0.0241,1.0316,-0.2812,0.0541,1.0000,0.0595,-0.3848,1.0311,-0.0312,-0.3789,1.0000,-0.0830,0.4177,1.0301,-0.0312,0.4871,1.0000,0.5116,-0.4551,1.0304,0.4688,-0.3789,1.0000,-0.6140,-0.4084,1.0309,-0.5312,-0.3789,1.0000,0.8069,0.0462,1.0307,0.7188,0.0541,1.0000,-0.6130,0.4482,1.0309,-0.5312,0.4871,1.0000
404,0.2306,-0.0332,1.0312,0.2188,0.0541,1.0000,-0.3668,0.0246,1.0314,-0.2812,0.0541,1.0000,0.0595,-0.3855,1.0311,-0.0312,-0.3789,1.0000,-0.0834,0.4178,1.0302,-0.0312,0.4871,1.0000,0.5112,-0.4554,1.0304,0.4688,-0.3789,1.0000,-0.6141,-0.4081,1.0311,-0.5312,-0.3789,1.0000,0.8068,0.0456,1.0308,0.7188,0.0541,1.0000,-0.6133,0.4488,1.0308,-0.5312,0.4871,1.0000
405,0.2300,-0.0332,1.0311,0.2188,0.0541,1.0000,-0.3670,0.0252,1.0313,-0.2812,0.0541,1.0000,0.0594,-0.3861,1.0312,-0.0312,-0.3789,1.0000,-0.0838,0.4180,1.0303,-0.0312,0.4871,1.0000,0.5108,-0.4555,1.0304,0.4688,-0.3789,1.0000,-0.6142,-0.4078,1.0312,-0.5312,-0.3789,1.0000,0.8068,0.0451,1.0308,0.7188,0.0541,1.0000,-0.6135,0.4493,1.0308,-0.5312,0.4871,1.0000
406,0.2294,-0.0332,1.0310,0.2188,0.0541,1.0000,-0.3672,0.0258,1.0312,-0.2812,0.0541,1.0000,0.0593,-0.3868,1.0313,-0.0312,-0.3789,1.0000,-0.0841,0.4182,1.0306,-0.0312,0.4871,1.0000,0.5105,-0.4557,1.0306,0.4688,-0.3789,1.0000,-0.6143,-0.4075,1.0313,-0.5312,-0.3789,1.0000,0.8067,0.0446,1.0309,0.7188,0.0541,1.0000,-0.6137,0.4499,1.0308,-0.5312,0.4871,1.0000
407,0.2288,-0.0333,1.0310,0.2188,0.0541,1.0000,-0.3674,0.0264,1.0311,-0.2812,0.0541,1.0000,0.0592,-0.3875,1.0311,-0.0312,-0.3789,1.0000,-0.0845,0.4182,1.0306,-0.0312,0.4871,1.0000,0.5101,-0.4559,1.0305,0.4688,-0.3789,1.0000,-0.6144,-0.4073,1.0314,-0.5312,-0.3789,1.0000,0.8067,0.0441,1.0311,0.7188,0.0541,1.0000,-0.6139,0.4505,1.0306,-0.5312,0.4871,1.0000
408,0.2281,-0.0333,1.0309,0.2188,0.0541,1.0000,-0.3675,0.0271,1.0310,-0.2812,0.0541,1.0000,0.0591,-0.3882,1.0310,-0.0312,-0.3789,1.0000,-0.0849,0.4183,1.0307,-0.0312,0.4871,1.0000,0.5098,-0.4561,1.0305,0.4688,-0.3789,1.0000,-0.6145,-0.4071,1.0316,-0.5312,-0.3789,1.0000,0.8067,0.0436,1.0311,0.7188,0.0541,1.0000,-0.6142,0.4511,1.0304,-0.5312,0.4871,1.0000
409,0.2275,-0.0333,1.0310,0.2188,0.0541,1.0000,-0.3677,0.0277,1.0310,-0.2812,0.0541,1.0000,0.0590,-0.3889,1.0310,-0.0312,-0.3789,1.0000,-0.0852,0.4185,1.0309,-0.0312,0.4871,1.0000,0.5095,-0.4563,1.0305,0.4688,-0.3789,1.0000,-0.6146,-0.4069,1.0316,-0.5312,-0.3789,1.0000,0.8067,0.0430,1.0311,0.7188,0.0541,1.0000,-0.6143,0.4517,1.0304,-0.5312,0.4871,1.0000
410,0.2269,-0.0334,1.0310,0.2188,0.0541,1.0000,-0.3679,0.0283,1.0310,-0.2812,0.0541,1.0000,0.0589,-0.3896,1.0310,-0.0312,-0.3789,1.0000,-0.0855,0.4185,1.0310,-0.0312,0.4871,1.0000,0.5091,-0.4565,1.0305,0.4688,-0.3789,1.0000,-0.6147,-0.4066,1.0315,-0.5312,-0.3789,1.0000,0.8066,0.0425,1.0313,0.7188,0.0541,1.0000,-0.6145,0.4523,1.0305,-0.5312,0.4871,1.0000
411,0.2263,-0.0335,1.0311,0.2188,0.0541,1.0000,-0.3680,0.0289,1.0310,-0.2812,0.0541,1.0000,0.0588,-0.3903,1.0309,-0.0312,-0.3789,1.0000,-0.0858,0.4186,1.0311,-0.0312,0.4871,1.0000,0.5087,-0.4568,1.0305,0.4688,-0.3789,1.0000,-0.6147,-0.4064,1.0316,-0.5312,-0.3789,1.0000,0.8066,0.0420,1.0312,0.7188,0.0541,1.0000,-0.6148,0.4529,1.0303,-0.5312,0.4871,1.0000
412,0.2257,-0.0335,1.0312,0.2188,0.0541,1.0000,-0.3681,0.0295,1.0311,-0.2812,0.0541,1.0000,0.0586,-0.3910,1.0310,-0.0312,-0.3789,1.0000,-0.0861,0.4187,1.0312,-0.0312,0.4871,1.0000,0.5084,-0.4569,1.0305,0.4688,-0.3789,1.0000,-0.6149,-0.4062,1.0315,-0.5312,-0.3789,1.0000,0.8066,0.0414,1.0311,0.7188,0.0541,1.0000,-0.6150,0.4535,1.0305,-0.5312,0.4871,1.0000
413,0.2251,-0.0336,1.0313,0.2188,0.0541,1.0000,-0.3683,0.0300,1.0312,-0.2812,0.0541,1.0000,0.0584,-0.3917,1.0311,-0.0312,-0.3789,1.0000,-0.0863,0.4188,1.0313,-0.0312,0.4871,1.0000,0.5080,-0.4571,1.0306,0.4688,-0.3789,1.0000,-0.6150,-0.4059,1.0314,-0.5312,-0.3789,1.0000,0.8065,0.0408,1.0311,0.7188,0.0541,1.0000,-0.6151,0.4541,1.0307,-0.5312,0.4871,1.0000
414,0.2246,-0.0337,1.0314,0.2188,0.0541,1.0000,-0.3684,0.0306,1.0312,-0.2812,0.0541,1.0000,0.0583,-0.3924,1.0310,-0.0312,-0.3789,1.0000,-0.0866,0.4189,1.0312,-0.0312,0.4871,1.0000,0.5076,-0.4574,1.0304,0.4688,-0.3789,1.0000,-0.6151,-0.4056,1.0314,-0.5312,-0.3789,1.0000,0.8064,0.0403,1.0310,0.7188,0.0541,1.0000,-0.6154,0.4548,1.0306,-0.5312,0.4871,1.0000
415,0.2240,-0.0337,1.0315,0.2188,0.0541,1.0000,-0.3685,0.0312,1.0312,-0.2812,0.0541,1.0000,0.0582,-0.3931,1.0311,-0.0312,-0.3789,1.0000,-0.0868,0.4191,1.0313,-0.0312,0.4871,1.0000,0.5072,-0.4575,1.0303,0.4688,-0.3789,1.0000,-0.6152,-0.4053,1.0314,-0.5312,-0.3789,1.0000,0.8063,0.0397,1.0308,0.7188,0.0541,1.0000,-0.6156,0.4553,1.0306,-0.5312,0.4871,1.0000
416,0.2236,-0.0338,1.0316,0.2188,0.0541,1.0000,-0.3686,0.0317,1.0313,-0.2812,0.0541,1.0000,0.0580,-0.3937,1.0312,-0.0312,-0.3789,1.0000,-0.0870,0.4192,1.0312,-0.0312,0.4871,1.0000,0.5068,-0.4577,1.0303,0.4688,-0.3789,1.0000,-0.6153,-0.4049,1.0313,-0.5312,-0.3789,1.0000,0.8061,0.0391,1.0308,0.7188,0.0541,1.0000,-0.6158,0.4559,1.0308,-0.5312,0.4871,1.0000
417,0.2231,-0.0339,1.0316,0.2188,0.0541,1.0000,-0.3688,0.0322,1.0313,-0.2812,0.0541,1.0000,0.0579,-0.3944,1.0312,-0.0312,-0.3789,1.0000,-0.0873,0.4193,1.0311,-0.0312,0.4871,1.0000,0.5063,-0.4579,1.0302,0.4688,-0.3789,1.0000,-0.6153,-0.4046,1.0312,-0.5312,-0.3789,1.0000,0.8060,0.0386,1.0307,0.7188,0.0541,1.0000,-0.6160,0.4565,1.0308,-0.5312,0.4871,1.0000
418,0.2226,-0.0339,1.0316,0.2188,0.0541,1.0000,-0.3689,0.0327,1.0313,-0.2812,0.0541,1.0000,0.0578,-0.3951,1.0311,-0.0312,-0.3789,1.0000,-0.0876,0.4196,1.0309,-0.0312,0.4871,1.0000,0.5059,-0.4582,1.0300,0.4688,-0.3789,1.0000,-0.6154,-0.4042,1.0312,-0.5312,-0.3789,1.0000,0.8058,0.0380,1.0305,0.7188,0.0541,1.0000,-0.6162,0.4570,1.0307,-0.5312,0.4871,1.0000
419,0.2221,-0.0339,1.0316,0.2188,0.0541,1.0000,-0.3690,0.0332,1.0313,-0.2812,0.0541,1.0000,0.0576,-0.3957,1.0312,-0.0312,-0.3789,1.0000,-0.0878,0.4198,1.0308,-0.0312,0.4871,1.0000,0.5055,-0.4583,1.0301,0.4688,-0.3789,1.0000,-0.6155,-0.4038,1.0310,-0.5312,-0.3789,1.0000,0.8056,0.0373,1.0305,0.7188,0.0541,1.0000,-0.6164,0.4576,1.0308,-0.5312,0.4871,1.0000
420,0.2216,-0.0340,1.0315,0.2188,0.0541,1.0000,-0.3692,0.0337,1.0314,-0.2812,0.0541,1.0000,0.0574,-0.3963,1.0313,-0.0312,-0.3789,1.0000,-0.0882,0.4199,1.0306,-0.0312,0.4871,1.0000,0.5050,-0.4585,1.0302,0.4688,-0.3789,1.0000,-0.6156,-0.4033,1.0308,-0.5312,-0.3789,1.0000,0.8054,0.0367,1.0305,0.7188,0.0541,1.0000,-0.6165,0.4581,1.0308,-0.5312,0.4871,1.0000
421,0.2211,-0.0340,1.0314,0.2188,0.0541,1.0000,-0.3693,0.0342,1.0313,-0.2812,0.0541,1.0000,0.0574,-0.3969,1.0313,-0.0312,-0.3789,1.0000,-0.0885,0.4203,1.0304,-0.0312,0.4871,1.0000,0.5046,-0.4588,1.0302,0.4688,-0.3789,1.0000,-0.6157,-0.4030,1.0308,-0.5312,-0.3789,1.0000,0.8052,0.0361,1.0304,0.7188,0.0541,1.0000,-0.6167,0.4587,1.0307,-0.5312,0.4871,1.0000
422,0.2206,-0.0340,1.0314,0.2188,0.0541,1.0000,-0.3694,0.0347,1.0314,-0.2812,0.0541,1.0000,0.0572,-0.3974,1.0315,-0.0312,-0.3789,1.0000,-0.0888,0.4205,1.0303,-0.0312,0.4871,1.0000,0.5042,-0.4589,1.0304,0.4688,-0.3789,1.0000,-0.6158,-0.4025,1.0308,-0.5312,-0.3789,1.0000,0.8049,0.0355,1.0303,0.7188,0.0541,1.0000,-0.6168,0.4593,1.0307,-0.5312,0.4871,1.0000
423,0.2201,-0.0341,1.0313,0.2188,0.0541,1.0000,-0.3695,0.0351,1.0315,-0.2812,0.0541,1.0000,0.0571,-0.3980,1.0317,-0.0312,-0.3789,1.0000,-0.0892,0.4208,1.0302,-0.0312,0.4871,1.0000,0.5038,-0.4591,1.0306,0.4688,-0.3789,1.0000,-0.6159,-0.4020,1.0308,-0.5312,-0.3789,1.0000,0.8047,0.0348,1.0303,0.7188,0.0541,1.0000,-0.6170,0.4599,1.0308,-0.5312,0.4871,1.0000
424,0.2195,-0.0341,1.0312,0.2188,0.0541,1.0000,-0.3696,0.0357,1.0314,-0.2812,0.0541,1.0000,0.0570,-0.3985,1.0316,-0.0312,-0.3789,1.0000,-0.0897,0.4211,1.0300,-0.0312,0.4871,1.0000,0.5034,-0.4593,1.0306,0.4688,-0.3789,1.0000,-0.6160,-0.4016,1.0309,-0.5312,-0.3789,1.0000,0.8046,0.0342,1.0303,0.7188,0.0541,1.0000,-0.6172,0.4605,1.0307,-0.5312,0.4871,1.0000
425,0.2190,-0.0340,1.0312,0.2188,0.0541,1.0000,-0.3697,0.0362,1.0312,-0.2812,0.0541,1.0000,0.0569,-0.3991,1.0317,-0.0312,-0.3789,1.0000,-0.0900,0.4215,1.0300,-0.0312,0.4871,1.0000,0.5030,-0.4595,1.0305,0.4688,-0.3789,1.0000,-0.6160,-0.4012,1.0311,-0.5312,-0.3789,1.0000,0.8044,0.0335,1.0303,0.7188,0.0541,1.0000,-0.6173,0.4611,1.0306,-0.5312,0.4871,1.0000
426,0.2184,-0.0341,1.0312,0.2188,0.0541,1.0000,-0.3698,0.0367,1.0312,-0.2812,0.0541,1.0000,0.0568,-0.3996,1.0318,-0.0312,-0.3789,1.0000,-0.0904,0.4218,1.0300,-0.0312,0.4871,1.0000,0.5026,-0.4596,1.0306,0.4688,-0.3789,1.0000,-0.6162,-0.4007,1.0311,-0.5312,-0.3789,1.0000,0.8042,0.0329,1.0304,0.7188,0.0541,1.0000,-0.6174,0.4618,1.0306,-0.5312,0.4871,1.0000
427,0.2178,-0.0341,1.0311,0.2188,0.0541,1.0000,-0.3699,0.0373,1.0310,-0.2812,0.0541,1.0000,0.0567,-0.4002,1.0318,-0.0312,-0.3789,1.0000,-0.0908,0.4222,1.0299,-0.0312,0.4871,1.0000,0.5022,-0.4598,1.0305,0.4688,-0.3789,1.0000,-0.6163,-0.4003,1.0310,-0.5312,-0.3789,1.0000,0.8041,0.0323,1.0305,0.7188,0.0541,1.0000,-0.6176,0.4624,1.0304,-0.5312,0.4871,1.0000
428,0.2172,-0.0340,1.0311,0.2188,0.0541,1.0000,-0.3700,0.0379,1.0308,-0.2812,0.0541,1.0000,0.0566,-0.4008,1.0317,-0.0312,-0.3789,1.0000,-0.0912,0.4225,1.0299,-0.0312,0.4871,1.0000,0.5018,-0.4600,1.0303,0.4688,-0.3789,1.0000,-0.6163,-0.3999,1.0312,-0.5312,-0.3789,1.0000,0.8040,0.0316,1.0305,0.7188,0.0541,1.0000,-0.6178,0.4631,1.0302,-0.5312,0.4871,1.0000
429,0.2167,-0.0340,1.0312,0.2188,0.0541,1.0000,-0.3700,0.0384,1.0308,-0.2812,0.0541,1.0000,0.0565,-0.4013,1.0318,-0.0312,-0.3789,1.0000,-0.0915,0.4228,1.0300,-0.0312,0.4871,1.0000,0.5014,-0.4601,1.0304,0.4688,-0.3789,1.0000,-0.6164,-0.3995,1.0311,-0.5312,-0.3789,1.0000,0.8038,0.0310,1.0307,0.7188,0.0541,1.0000,-0.6178,0.4638,1.0302,-0.5312,0.4871,1.0000
430,0.2161,-0.0340,1.0311,0.2188,0.0541,1.0000,-0.3701,0.0390,1.0310,-0.2812,0.0541,1.0000,0.0564,-0.4019,1.0317,-0.0312,-0.3789,1.0000,-0.0919,0.4232,1.0299,-0.0312,0.4871,1.0000,0.5009,-0.4603,1.0304,0.4688,-0.3789,1.0000,-0.6165,-0.3991,1.0310,-0.5312,-0.3789,1.0000,0.8038,0.0305,1.0308,0.7188,0.0541,1.0000,-0.6180,0.4645,1.0300,-0.5312,0.4871,1.0000
431,0.2155,-0.0340,1.0310,0.2188,0.0541,1.0000,-0.3702,0.0396,1.0309,-0.2812,0.0541,1.0000,0.0563,-0.4025,1.0315,-0.0312,-0.3789,1.0000,-0.0923,0.4235,1.0299,-0.0312,0.4871,1.0000,0.5005,-0.4605,1.0302,0.4688,-0.3789,1.0000,-0.6165,-0.3987,1.0311,-0.5312,-0.3789,1.0000,0.8037,0.0299,1.0309,0.7188,0.0541,1.0000,-0.6181,0.4652,1.0299,-0.5312,0.4871,1.0000
432,0.2150,-0.0339,1.0311,0.2188,0.0541,1.0000,-0.3703,0.0401,1.0311,-0.2812,0.0541,1.0000,0.0560,-0.4031,1.0315,-0.0312,-0.3789,1.0000,-0.0926,0.4238,1.0300,-0.0312,0.4871,1.0000,0.5000,-0.4606,1.0302,0.4688,-0.3789,1.0000,-0.6166,-0.3982,1.0311,-0.5312,-0.3789,1.0000,0.8035,0.0294,1.0311,0.7188,0.0541,1.0000,-0.6181,0.4659,1.0299,-0.5312,0.4871,1.0000
433,0.2145,-0.0339,1.0311,0.2188,0.0541,1.0000,-0.3703,0.0406,1.0312,-0.2812,0.0541,1.0000,0.0559,-0.4038,1.0314,-0.0312,-0.3789,1.0000,-0.0930,0.4241,1.0300,-0.0312,0.4871,1.0000,0.4995,-0.4607,1.0303,0.4688,-0.3789,1.0000,-0.6167,-0.3978,1.0310,-0.5312,-0.3789,1.0000,0.8035,0.0289,1.0312,0.7188,0.0541,1.0000,-0.6181,0.4666,1.0299,-0.5312,0.4871,1.0000
434,0.2139,-0.0339,1.0311,0.2188,0.0541,1.0000,-0.3704,0.0412,1.0311,-0.2812,0.0541,1.0000,0.0557,-0.4044,1.0312,-0.0312,-0.3789,1.0000,-0.0934,0.4244,1.0299,-0.0312,0.4871,1.0000,0.4990,-0.4609,1.0302,0.4688,-0.3789,1.0000,-0.6167,-0.3973,1.0310,-0.5312,-0.3789,1.0000,0.8034,0.0284,1.0313,0.7188,0.0541,1.0000,-0.6182,0.4673,1.0297,-0.5312,0.4871,1.0000
435,0.2134,-0.0339,1.0313,0.2188,0.0541,1.0000,-0.3705,0.0417,1.0310,-0.2812,0.0541,1.0000,0.0553,-0.4050,1.0312,-0.0312,-0.3789,1.0000,-0.0937,0.4247,1.0300,-0.0312,0.4871,1.0000,0.4985,-0.4611,1.0302,0.4688,-0.3789,1.0000,-0.6167,-0.3968,1.0310,-0.5312,-0.3789,1.0000,0.8033,0.0280,1.0315,0.7188,0.0541,1.0000,-0.6181,0.4680,1.0298,-0.5312,0.4871,1.0000
436,0.2130,-0.0339,1.0315,0.2188,0.0541,1.0000,-0.3706,0.0422,1.0311,-0.2812,0.0541,1.0000,0.0551,-0.4056,1.0311,-0.0312,-0.3789,1.0000,-0.0940,0.4249,1.0302,-0.0312,0.4871,1.0000,0.4980,-0.4612,1.0303,0.4688,-0.3789,1.0000,-0.6168,-0.3963,1.0308,-0.5312,-0.3789,1.0000,0.8032,0.0276,1.0316,0.7188,0.0541,1.0000,-0.6181,0.4687,1.0298,-0.5312,0.4871,1.0000
437,0.2124,-0.0339,1.0314,0.2188,0.0541,1.0000,-0.3706,0.0428,1.0311,-0.2812,0.0541,1.0000,0.0548,-0.4062,1.0309,-0.0312,-0.3789,1.0000,-0.0944,0.4252,1.0301,-0.0312,0.4871,1.0000,0.4975,-0.4614,1.0302,0.4688,-0.3789,1.0000,-0.6169,-0.3958,1.0307,-0.5312,-0.3789,1.0000,0.8031,0.0272,1.0316,0.7188,0.0541,1.0000,-0.6182,0.4694,1.0297,-0.5312,0.4871,1.0000
438,0.2119,-0.0339,1.0313,0.2188,0.0541,1.0000,-0.3707,0.0434,1.0310,-0.2812,0.0541,1.0000,0.0544,-0.4069,1.0308,-0.0312,-0.3789,1.0000,-0.0947,0.4255,1.0301,-0.0312,0.4871,1.0000,0.4971,-0.4616,1.0301,0.4688,-0.3789,1.0000,-0.6169,-0.3953,1.0306,-0.5312,-0.3789,1.0000,0.8029,0.0268,1.0316,0.7188,0.0541,1.0000,-0.6182,0.4701,1.0298,-0.5312,0.4871,1.0000
439,0.2114,-0.0339,1.0313,0.2188,0.0541,1.0000,-0.3707,0.0439,1.0310,-0.2812,0.0541,1.0000,0.0541,-0.4075,1.0307,-0.0312,-0.3789,1.0000,-0.0951,0.4258,1.0301,-0.0312,0.4871,1.0000,0.4966,-0.4617,1.0302,0.4688,-0.3789,1.0000,-0.6170,-0.3948,1.0305,-0.5312,-0.3789,1.0000,0.8028,0.0264,1.0316,0.7188,0.0541,1.0000,-0.6182,0.4707,1.0300,-0.5312,0.4871,1.0000
440,0.2108,-0.0338,1.0311,0.2188,0.0541,1.0000,-0.3707,0.0445,1.0311,-0.2812,0.0541,1.0000,0.0538,-0.4081,1.0305,-0.0312,-0.3789,1.0000,-0.0955,0.4262,1.0299,-0.0312,0.4871,1.0000,0.4961,-0.4619,1.0303,0.4688,-0.3789,1.0000,-0.6171,-0.3942,1.0303,-0.5312,-0.3789,1.0000,0.8027,0.0260,1.0315,0.7188,0.0541,1.0000,-0.6183,0.4714,1.0301,-0.5312,0.4871,1.0000
441,0.2102,-0.0338,1.0309,0.2188,0.0541,1.0000,-0.3708,0.0450,1.0309,-0.2812,0.0541,1.0000,0.0533,-0.4088,1.0304,-0.0312,-0.3789,1.0000,-0.0959,0.4265,1.0297,-0.0312,0.4871,1.0000,0.4957,-0.4620,1.0303,0.4688,-0.3789,1.0000,-0.6171,-0.3936,1.0303,-0.5312,-0.3789,1.0000,0.8025,0.0255,1.0314,0.7188,0.0541,1.0000,-0.6183,0.4720,1.0302,-0.5312,0.4871,1.0000
442,0.2097,-0.0337,1.0309,0.2188,0.0541,1.0000,-0.3708,0.0456,1.0309,-0.2812,0.0541,1.0000,0.0530,-0.4094,1.0303,-0.0312,-0.3789,1.0000,-0.0962,0.4268,1.0298,-0.0312,0.4871,1.0000,0.4952,-0.4621,1.0305,0.4688,-0.3789,1.0000,-0.6171,-0.3931,1.0303,-0.5312,-0.3789,1.0000,0.8024,0.0251,1.0313,0.7188,0.0541,1.0000,-0.6184,0.4726,1.0304,-0.5312,0.4871,1.0000
443,0.2091,-0.0336,1.0310,0.2188,0.0541,1.0000,-0.3708,0.0463,1.0309,-0.2812,0.0541,1.0000,0.0527,-0.4101,1.0302,-0.0312,-0.3789,1.0000,-0.0965,0.4271,1.0299,-0.0312,0.4871,1.0000,0.4948,-0.4622,1.0306,0.4688,-0.3789,1.0000,-0.6172,-0.3925,1.0301,-0.5312,-0.3789,1.0000,0.8022,0.0247,1.0312,0.7188,0.0541,1.0000,-0.6185,0.4731,1.0305,-0.5312,0.4871,1.0000
444,0.2085,-0.0336,1.0308,0.2188,0.0541,1.0000,-0.3708,0.0469,1.0307,-0.2812,0.0541,1.0000,0.0523,-0.4108,1.0302,-0.0312,-0.3789,1.0000,-0.0969,0.4275,1.0298,-0.0312,0.4871,1.0000,0.4945,-0.4624,1.0306,0.4688,-0.3789,1.0000,-0.6172,-0.3919,1.0301,-0.5312,-0.3789,1.0000,0.8020,0.0241,1.0311,0.7188,0.0541,1.0000,-0.6186,0.4737,1.0306,-0.5312,0.4871,1.0000
445,0.2079,-0.0335,1.0309,0.2188,0.0541,1.0000,-0.3708,0.0475,1.0305,-0.2812,0.0541,1.0000,0.0519,-0.4115,1.0303,-0.0312,-0.3789,1.0000,-0.0972,0.4278,1.0300,-0.0312,0.4871,1.0000,0.4941,-0.4625,1.0308,0.4688,-0.3789,1.0000,-0.6172,-0.3914,1.0301,-0.5312,-0.3789,1.0000,0.8018,0.0237,1.0310,0.7188,0.0541,1.0000,-0.6187,0.4742,1.0308,-0.5312,0.4871,1.0000
446,0.2074,-0.0334,1.0310,0.2188,0.0541,1.0000,-0.3708,0.0482,1.0306,-0.2812,0.0541,1.0000,0.0517,-0.4121,1.0304,-0.0312,-0.3789,1.0000,-0.0975,0.4281,1.0302,-0.0312,0.4871,1.0000,0.4938,-0.4626,1.0310,0.4688,-0.3789,1.0000,-0.6173,-0.3908,1.0300,-0.5312,-0.3789,1.0000,0.8016,0.0232,1.0310,0.7188,0.0541,1.0000,-0.6188,0.4746,1.0310,-0.5312,0.4871,1.0000
447,0.2067,-0.0334,1.0310,0.2188,0.0541,1.0000,-0.3708,0.0489,1.0305,-0.2812,0.0541,1.0000,0.0513,-0.4128,1.0304,-0.0312,-0.3789,1.0000,-0.0979,0.4285,1.0301,-0.0312,0.4871,1.0000,0.4935,-0.4628,1.0310,0.4688,-0.3789,1.0000,-0.6173,-0.3902,1.0300,-0.5312,-0.3789,1.0000,0.8014,0.0226,1.0309,0.7188,0.0541,1.0000,-0.6189,0.4751,1.0311,-0.5312,0.4871,1.0000
448,0.2062,-0.0334,1.0309,0.2188,0.0541,1.0000,-0.3708,0.0495,1.0304,-0.2812,0.0541,1.0000,0.0510,-0.4134,1.0305,-0.0312,-0.3789,1.0000,-0.0982,0.4287,1.0301,-0.0312,0.4871,1.0000,0.4931,-0.4630,1.0311,0.4688,-0.3789,1.0000,-0.6174,-0.3896,1.0300,-0.5312,-0.3789,1.0000,0.8012,0.0221,1.0310,0.7188,0.0541,1.0000,-0.6190,0.4756,1.0312,-0.5312,0.4871,1.0000
449,0.2057,-0.0333,1.0311,0.2188,0.0541,1.0000,-0.3707,0.0502,1.0304,-0.2812,0.0541,1.0000,0.0508,-0.4140,1.0307,-0.0312,-0.3789,1.0000,-0.0985,0.4291,1.0303,-0.0312,0.4871,1.0000,0.4928,-0.4632,1.0313,0.4688,-0.3789,1.0000,-0.6175,-0.3891,1.0300,-0.5312,-0.3789,1.0000,0.8010,0.0216,1.0310,0.7188,0.0541,1.0000,-0.6191,0.4760,1.0314,-0.5312,0.4871,1.0000
450,0.2051,-0.0333,1.0311,0.2188,0.0541,1.0000,-0.3706,0.0508,1.0304,-0.2812,0.0541,1.0000,0.0505,-0.4146,1.0308,-0.0312,-0.3789,1.0000,-0.0988,0.4294,1.0303,-0.0312,0.4871,1.0000,0.4925,-0.4634,1.0313,0.4688,-0.3789,1.0000,-0.6176,-0.3885,1.0300,-0.5312,-0.3789,1.0000,0.8008,0.0211,1.0310,0.7188,0.0541,1.0000,-0.6192,0.4764,1.0313,-0.5312,0.4871,1.0000
451,0.2046,-0.0333,1.0311,0.2188,0.0541,1.0000,-0.3706,0.0514,1.0304,-0.2812,0.0541,1.0000,0.0502,-0.4152,1.0309,-0.0312,-0.3789,1.0000,-0.0991,0.4297,1.0302,-0.0312,0.4871,1.0000,0.4922,-0.4636,1.0313,0.4688,-0.3789,1.0000,-0.6176,-0.3879,1.0302,-0.5312,-0.3789,1.0000,0.8005,0.0206,1.0310,0.7188,0.0541,1.0000,-0.6192,0.4768,1.0314,-0.5312,0.4871,1.0000
452,0.2041,-0.0332,1.0312,0.2188,0.0541,1.0000,-0.3704,0.0520,1.0305,-0.2812,0.0541,1.0000,0.0500,-0.4156,1.0311,-0.0312,-0.3789,1.0000,-0.0993,0.4300,1.0303,-0.0312,0.4871,1.0000,0.4919,-0.4637,1.0314,0.4688,-0.3789,1.0000,-0.6177,-0.3875,1.0304,-0.5312,-0.3789,1.0000,0.8004,0.0202,1.0312,0.7188,0.0541,1.0000,-0.6193,0.4772,1.0314,-0.5312,0.4871,1.0000
453,0.2036,-0.0331,1.0313,0.2188,0.0541,1.0000,-0.3704,0.0526,1.0306,-0.2812,0.0541,1.0000,0.0498,-0.4162,1.0312,-0.0312,-0.3789,1.0000,-0.0996,0.4304,1.0304,-0.0312,0.4871,1.0000,0.4916,-0.4639,1.0314,0.4688,-0.3789,1.0000,-0.6178,-0.3870,1.0305,-0.5312,-0.3789,1.0000,0.8002,0.0197,1.0311,0.7188,0.0541,1.0000,-0.6194,0.4777,1.0313,-0.5312,0.4871,1.0000
454,0.2031,-0.0331,1.0313,0.2188,0.0541,1.0000,-0.3703,0.0532,1.0306,-0.2812,0.0541,1.0000,0.0495,-0.4167,1.0312,-0.0312,-0.3789,1.0000,-0.0999,0.4307,1.0302,-0.0312,0.4871,1.0000,0.4913,-0.4641,1.0314,0.4688,-0.3789,1.0000,-0.6179,-0.3866,1.0306,-0.5312,-0.3789,1.0000,0.8000,0.0192,1.0311,0.7188,0.0541,1.0000,-0.6194,0.4782,1.0312,-0.5312,0.4871,1.0000
455,0.2027,-0.0331,1.0314,0.2188,0.0541,1.0000,-0.3703,0.0538,1.0307,-0.2812,0.0541,1.0000,0.0494,-0.4171,1.0314,-0.0312,-0.3789,1.0000,-0.1001,0.4310,1.0302,-0.0312,0.4871,1.0000,0.4909,-0.4641,1.0314,0.4688,-0.3789,1.0000,-0.6180,-0.3862,1.0308,-0.5312,-0.3789,1.0000,0.7998,0.0188,1.0311,0.7188,0.0541,1.0000,-0.6195,0.4786,1.0311,-0.5312,0.4871,1.0000
456,0.2022,-0.0330,1.0315,0.2188,0.0541,1.0000,-0.3702,0.0544,1.0309,-0.2812,0.0541,1.0000,0.0492,-0.4176,1.0314,-0.0312,-0.3789,1.0000,-0.1003,0.4315,1.0303,-0.0312,0.4871,1.0000,0.4905,-0.4642,1.0313,0.4688,-0.3789,1.0000,-0.6181,-0.3858,1.0309,-0.5312,-0.3789,1.0000,0.7997,0.0183,1.0312,0.7188,0.0541,1.0000,-0.6195,0.4791,1.0310,-0.5312,0.4871,1.0000
457,0.2016,-0.0330,1.0314,0.2188,0.0541,1.0000,-0.3702,0.0549,1.0309,-0.2812,0.0541,1.0000,0.0489,-0.4181,1.0313,-0.0312,-0.3789,1.0000,-0.1006,0.4318,1.0301,-0.0312,0.4871,1.0000,0.4902,-0.4644,1.0312,0.4688,-0.3789,1.0000,-0.6181,-0.3854,1.0310,-0.5312,-0.3789,1.0000,0.7995,0.0178,1.0311,0.7188,0.0541,1.0000,-0.6196,0.4797,1.0309,-0.5312,0.4871,1.0000
458,0.2011,-0.0329,1.0314,0.2188,0.0541,1.0000,-0.3702,0.0554,1.0310,-0.2812,0.0541,1.0000,0.0487,-0.4185,1.0313,-0.0312,-0.3789,1.0000,-0.1009,0.4322,1.0300,-0.0312,0.4871,1.0000,0.4897,-0.4644,1.0311,0.4688,-0.3789,1.0000,-0.6182,-0.3852,1.0312,-0.5312,-0.3789,1.0000,0.7993,0.0174,1.0312,0.7188,0.0541,1.0000,-0.6196,0.4802,1.0309,-0.5312,0.4871,1.0000
459,0.2006,-0.0328,1.0314,0.2188,0.0541,1.0000,-0.3702,0.0559,1.0312,-0.2812,0.0541,1.0000,0.0485,-0.4190,1.0313,-0.0312,-0.3789,1.0000,-0.1012,0.4327,1.0300,-0.0312,0.4871,1.0000,0.4893,-0.4645,1.0310,0.4688,-0.3789,1.0000,-0.6183,-0.3848,1.0312,-0.5312,-0.3789,1.0000,0.7991,0.0169,1.0312,0.7188,0.0541,1.0000,-0.6196,0.4807,1.0309,-0.5312,0.4871,1.0000
460,0.2000,-0.0327,1.0312,0.2188,0.0541,1.0000,-0.3703,0.0564,1.0313,-0.2812,0.0541,1.0000,0.0483,-0.4195,1.0312,-0.0312,-0.3789,1.0000,-0.1015,0.4331,1.0299,-0.0312,0.4871,1.0000,0.4889,-0.4646,1.0308,0.4688,-0.3789,1.0000,-0.6184,-0.3845,1.0312,-0.5312,-0.3789,1.0000,0.7989,0.0164,1.0311,0.7188,0.0541,1.0000,-0.6197,0.4813,1.0308,-0.5312,0.4871,1.0000
461,0.1995,-0.0326,1.0310,0.2188,0.0541,1.0000,-0.3704,0.0569,1.0314,-0.2812,0.0541,1.0000,0.0480,-0.4200,1.0312,-0.0312,-0.3789,1.0000,-0.1018,0.4336,1.0297,-0.0312,0.4871,1.0000,0.4883,-0.4646,1.0306,0.4688,-0.3789,1.0000,-0.6184,-0.3842,1.0313,-0.5312,-0.3789,1.0000,0.7986,0.0159,1.0311,0.7188,0.0541,1.0000,-0.6196,0.4819,1.0308,-0.5312,0.4871,1.0000
462,0.1989,-0.0324,1.0310,0.2188,0.0541,1.0000,-0.3704,0.0573,1.0316,-0.2812,0.0541,1.0000,0.0477,-0.4204,1.0312,-0.0312,-0.3789,1.0000,-0.1020,0.4342,1.0296,-0.0312,0.4871,1.0000,0.4878,-0.4646,1.0305,0.4688,-0.3789,1.0000,-0.6185,-0.3839,1.0313,-0.5312,-0.3789,1.0000,0.7984,0.0155,1.0311,0.7188,0.0541,1.0000,-0.6197,0.4824,1.0309,-0.5312,0.4871,1.0000
463,0.1984,-0.0323,1.0308,0.2188,0.0541,1.0000,-0.3705,0.0577,1.0317,-0.2812,0.0541,1.0000,0.0474,-0.4209,1.0312,-0.0312,-0.3789,1.0000,-0.1023,0.4347,1.0295,-0.0312,0.4871,1.0000,0.4873,-0.4648,1.0304,0.4688,-0.3789,1.0000,-0.6186,-0.3835,1.0313,-0.5312,-0.3789,1.0000,0.7982,0.0149,1.0309,0.7188,0.0541,1.0000,-0.6197,0.4830,1.0308,-0.5312,0.4871,1.0000
464,0.1978,-0.0321,1.0307,0.2188,0.0541,1.0000,-0.3705,0.0582,1.0318,-0.2812,0.0541,1.0000,0.0471,-0.4214,1.0311,-0.0312,-0.3789,1.0000,-0.1026,0.4352,1.0293,-0.0312,0.4871,1.0000,0.4867,-0.4648,1.0303,0.4688,-0.3789,1.0000,-0.6186,-0.3832,1.0313,-0.5312,-0.3789,1.0000,0.7979,0.0144,1.0307,0.7188,0.0541,1.0000,-0.6196,0.4835,1.0308,-0.5312,0.4871,1.0000
465,0.1972,-0.0319,1.0307,0.2188,0.0541,1.0000,-0.3705,0.0586,1.0319,-0.2812,0.0541,1.0000,0.0468,-0.4218,1.0311,-0.0312,-0.3789,1.0000,-0.1028,0.4358,1.0293,-0.0312,0.4871,1.0000,0.4861,-0.4649,1.0302,0.4688,-0.3789,1.0000,-0.6186,-0.3829,1.0314,-0.5312,-0.3789,1.0000,0.7977,0.0139,1.0307,0.7188,0.0541,1.0000,-0.6197,0.4840,1.0309,-0.5312,0.4871,1.0000
466,0.1966,-0.0317,1.0306,0.2188,0.0541,1.0000,-0.3706,0.0589,1.0319,-0.2812,0.0541,1.0000,0.0465,-0.4223,1.0310,-0.0312,-0.3789,1.0000,-0.1030,0.4363,1.0293,-0.0312,0.4871,1.0000,0.4856,-0.4651,1.0301,0.4688,-0.3789,1.0000,-0.6187,-0.3825,1.0312,-0.5312,-0.3789,1.0000,0.7974,0.0134,1.0308,0.7188,0.0541,1.0000,-0.6197,0.4845,1.0309,-0.5312,0.4871,1.0000
467,0.1960,-0.0315,1.0304,0.2188,0.0541,1.0000,-0.3706,0.0593,1.0319,-0.2812,0.0541,1.0000,0.0462,-0.4228,1.0309,-0.0312,-0.3789,1.0000,-0.1033,0.4369,1.0291,-0.0312,0.4871,1.0000,0.4850,-0.4652,1.0301,0.4688,-0.3789,1.0000,-0.6187,-0.3821,1.0311,-0.5312,-0.3789,1.0000,0.7971,0.0129,1.0308,0.7188,0.0541,1.0000,-0.6197,0.4851,1.0308,-0.5312,0.4871,1.0000
468,0.1954,-0.0312,1.0303,0.2188,0.0541,1.0000,-0.3705,0.0597,1.0319,-0.2812,0.0541,1.0000,0.0460,-0.4233,1.0310,-0.0312,-0.3789,1.0000,-0.1035,0.4375,1.0291,-0.0312,0.4871,1.0000,0.4844,-0.4653,1.0303,0.4688,-0.3789,1.0000,-0.6187,-0.3817,1.0311,-0.5312,-0.3789,1.0000,0.7969,0.0124,1.0309,0.7188,0.0541,1.0000,-0.6197,0.4856,1.0309,-0.5312,0.4871,1.0000
469,0.1948,-0.0309,1.0303,0.2188,0.0541,1.0000,-0.3705,0.0601,1.0319,-0.2812,0.0541,1.0000,0.0457,-0.4237,1.0311,-0.0312,-0.3789,1.0000,-0.1038,0.4381,1.0291,-0.0312,0.4871,1.0000,0.4839,-0.4655,1.0303,0.4688,-0.3789,1.0000,-0.6187,-0.3813,1.0310,-0.5312,-0.3789,1.0000,0.7966,0.0120,1.0312,0.7188,0.0541,1.0000,-0.6197,0.4861,1.0309,-0.5312,0.4871,1.0000
470,0.1942,-0.0307,1.0302,0.2188,0.0541,1.0000,-0.3705,0.0605,1.0317,-0.2812,0.0541,1.0000,0.0454,-0.4243,1.0311,-0.0312,-0.3789,1.0000,-0.1040,0.4387,1.0291,-0.0312,0.4871,1.0000,0.4833,-0.4657,1.0303,0.4688,-0.3789,1.0000,-0.6188,-0.3808,1.0308,-0.5312,-0.3789,1.0000,0.7964,0.0114,1.0311,0.7188,0.0541,1.0000,-0.6197,0.4867,1.0309,-0.5312,0.4871,1.0000
471,0.1936,-0.0304,1.0302,0.2188,0.0541,1.0000,-0.3704,0.0610,1.0316,-0.2812,0.0541,1.0000,0.0451,-0.4247,1.0312,-0.0312,-0.3789,1.0000,-0.1043,0.4393,1.0291,-0.0312,0.4871,1.0000,0.4828,-0.4658,1.0304,0.4688,-0.3789,1.0000,-0.6188,-0.3805,1.0309,-0.5312,-0.3789,1.0000,0.7962,0.0110,1.0311,0.7188,0.0541,1.0000,-0.6197,0.4872,1.0310,-0.5312,0.4871,1.0000
472,0.1930,-0.0302,1.0303,0.2188,0.0541,1.0000,-0.3703,0.0614,1.0315,-0.2812,0.0541,1.0000,0.0449,-0.4251,1.0314,-0.0312,-0.3789,1.0000,-0.1046,0.4398,1.0292,-0.0312,0.4871,1.0000,0.4823,-0.4659,1.0305,0.4688,-0.3789,1.0000,-0.6188,-0.3801,1.0311,-0.5312,-0.3789,1.0000,0.7959,0.0105,1.0313,0.7188,0.0541,1.0000,-0.6197,0.4877,1.0311,-0.5312,0.4871,1.0000
473,0.1924,-0.0300,1.0303,0.2188,0.0541,1.0000,-0.3702,0.0619,1.0313,-0.2812,0.0541,1.0000,0.0445,-0.4256,1.0313,-0.0312,-0.3789,1.0000,-0.1049,0.4403,1.0292,-0.0312,0.4871,1.0000,0.4818,-0.4661,1.0306,0.4688,-0.3789,1.0000,-0.6188,-0.3796,1.0310,-0.5312,-0.3789,1.0000,0.7957,0.0100,1.0311,0.7188,0.0541,1.0000,-0.6196,0.4883,1.0309,-0.5312,0.4871,1.0000
474,0.1918,-0.0298,1.0304,0.2188,0.0541,1.0000,-0.3701,0.0625,1.0311,-0.2812,0.0541,1.0000,0.0443,-0.4260,1.0312,-0.0312,-0.3789,1.0000,-0.1052,0.4409,1.0292,-0.0312,0.4871,1.0000,0.4814,-0.4662,1.0307,0.4688,-0.3789,1.0000,-0.6188,-0.3793,1.0311,-0.5312,-0.3789,1.0000,0.7954,0.0095,1.0309,0.7188,0.0541,1.0000,-0.6196,0.4889,1.0307,-0.5312,0.4871,1.0000
475,0.1912,-0.0296,1.0305,0.2188,0.0541,1.0000,-0.3700,0.0630,1.0310,-0.2812,0.0541,1.0000,0.0439,-0.4265,1.0312,-0.0312,-0.3789,1.0000,-0.1054,0.4414,1.0294,-0.0312,0.4871,1.0000,0.4810,-0.4663,1.0309,0.4688,-0.3789,1.0000,-0.6188,-0.3789,1.0313,-0.5312,-0.3789,1.0000,0.7951,0.0091,1.0310,0.7188,0.0541,1.0000,-0.6195,0.4894,1.0307,-0.5312,0.4871,1.0000
476,0.1906,-0.0295,1.0306,0.2188,0.0541,1.0000,-0.3699,0.0636,1.0308,-0.2812,0.0541,1.0000,0.0436,-0.4270,1.0310,-0.0312,-0.3789,1.0000,-0.1058,0.4418,1.0296,-0.0312,0.4871,1.0000,0.4806,-0.4664,1.0308,0.4688,-0.3789,1.0000,-0.6189,-0.3784,1.0312,-0.5312,-0.3789,1.0000,0.7948,0.0087,1.0310,0.7188,0.0541,1.0000,-0.6195,0.4901,1.0306,-0.5312,0.4871,1.0000
477,0.1900,-0.0293,1.0307,0.2188,0.0541,1.0000,-0.3697,0.0643,1.0306,-0.2812,0.0541,1.0000,0.0432,-0.4275,1.0308,-0.0312,-0.3789,1.0000,-0.1060,0.4422,1.0296,-0.0312,0.4871,1.0000,0.4801,-0.4665,1.0309,0.4688,-0.3789,1.0000,-0.6189,-0.3780,1.0310,-0.5312,-0.3789,1.0000,0.7945,0.0082,1.0308,0.7188,0.0541,1.0000,-0.6194,0.4907,1.0305,-0.5312,0.4871,1.0000
478,0.1895,-0.0292,1.0309,0.2188,0.0541,1.0000,-0.3696,0.0649,1.0305,-0.2812,0.0541,1.0000,0.0429,-0.4279,1.0308,-0.0312,-0.3789,1.0000,-0.1063,0.4426,1.0298,-0.0312,0.4871,1.0000,0.4798,-0.4665,1.0310,0.4688,-0.3789,1.0000,-0.6189,-0.3776,1.0310,-0.5312,-0.3789,1.0000,0.7942,0.0077,1.0308,0.7188,0.0541,1.0000,-0.6194,0.4912,1.0306,-0.5312,0.4871,1.0000
479,0.1889,-0.0292,1.0310,0.2188,0.0541,1.0000,-0.3696,0.0656,1.0304,-0.2812,0.0541,1.0000,0.0425,-0.4284,1.0309,-0.0312,-0.3789,1.0000,-0.1065,0.4430,1.0300,-0.0312,0.4871,1.0000,0.4794,-0.4667,1.0309,0.4688,-0.3789,1.0000,-0.6189,-0.3771,1.0309,-0.5312,-0.3789,1.0000,0.7938,0.0072,1.0309,0.7188,0.0541,1.0000,-0.6193,0.4918,1.0308,-0.5312,0.4871,1.0000
480,0.1884,-0.0291,1.0310,0.2188,0.0541,1.0000,-0.3694,0.0663,1.0303,-0.2812,0.0541,1.0000,0.0421,-0.4289,1.0307,-0.0312,-0.3789,1.0000,-0.1068,0.4433,1.0302,-0.0312,0.4871,1.0000,0.4789,-0.4667,1.0308,0.4688,-0.3789,1.0000,-0.6189,-0.3766,1.0307,-0.5312,-0.3789,1.0000,0.7935,0.0067,1.0308,0.7188,0.0541,1.0000,-0.6192,0.4924,1.0308,-0.5312,0.4871,1.0000
481,0.1879,-0.0290,1.0312,0.2188,0.0541,1.0000,-0.3693,0.0669,1.0304,-0.2812,0.0541,1.0000,0.0417,-0.4294,1.0308,-0.0312,-0.3789,1.0000,-0.1069,0.4436,1.0304,-0.0312,0.4871,1.0000,0.4786,-0.4668,1.0308,0.4688,-0.3789,1.0000,-0.6188,-0.3762,1.0308,-0.5312,-0.3789,1.0000,0.7932,0.0062,1.0307,0.7188,0.0541,1.0000,-0.6192,0.4929,1.0309,-0.5312,0.4871,1.0000
482,0.1875,-0.0289,1.0313,0.2188,0.0541,1.0000,-0.3693,0.0676,1.0304,-0.2812,0.0541,1.0000,0.0413,-0.4299,1.0309,-0.0312,-0.3789,1.0000,-0.1071,0.4439,1.0306,-0.0312,0.4871,1.0000,0.4781,-0.4669,1.0307,0.4688,-0.3789,1.0000,-0.6188,-0.3757,1.0308,-0.5312,-0.3789,1.0000,0.7927,0.0057,1.0308,0.7188,0.0541,1.0000,-0.6191,0.4935,1.0310,-0.5312,0.4871,1.0000
483,0.1870,-0.0289,1.0314,0.2188,0.0541,1.0000,-0.3692,0.0683,1.0304,-0.2812,0.0541,1.0000,0.0409,-0.4304,1.0309,-0.0312,-0.3789,1.0000,-0.1073,0.4442,1.0306,-0.0312,0.4871,1.0000,0.4776,-0.4669,1.0305,0.4688,-0.3789,1.0000,-0.6188,-0.3751,1.0306,-0.5312,-0.3789,1.0000,0.7924,0.0052,1.0306,0.7188,0.0541,1.0000,-0.6191,0.4940,1.0310,-0.5312,0.4871,1.0000
484,0.1866,-0.0287,1.0315,0.2188,0.0541,1.0000,-0.3691,0.0689,1.0305,-0.2812,0.0541,1.0000,0.0406,-0.4309,1.0309,-0.0312,-0.3789,1.0000,-0.1074,0.4445,1.0307,-0.0312,0.4871,1.0000,0.4772,-0.4670,1.0305,0.4688,-0.3789,1.0000,-0.6187,-0.3747,1.0306,-0.5312,-0.3789,1.0000,0.7920,0.0047,1.0304,0.7188,0.0541,1.0000,-0.6190,0.4946,1.0309,-0.5312,0.4871,1.0000
485,0.1862,-0.0287,1.0315,0.2188,0.0541,1.0000,-0.3690,0.0695,1.0306,-0.2812,0.0541,1.0000,0.0402,-0.4314,1.0311,-0.0312,-0.3789,1.0000,-0.1076,0.4447,1.0308,-0.0312,0.4871,1.0000,0.4768,-0.4670,1.0306,0.4688,-0.3789,1.0000,-0.6186,-0.3741,1.0307,-0.5312,-0.3789,1.0000,0.7915,0.0042,1.0304,0.7188,0.0541,1.0000,-0.6189,0.4950,1.0310,-0.5312,0.4871,1.0000
486,0.1858,-0.0286,1.0314,0.2188,0.0541,1.0000,-0.3689,0.0701,1.0306,-0.2812,0.0541,1.0000,0.0399,-0.4319,1.0311,-0.0312,-0.3789,1.0000,-0.1078,0.4450,1.0307,-0.0312,0.4871,1.0000,0.4762,-0.4671,1.0305,0.4688,-0.3789,1.0000,-0.6187,-0.3736,1.0306,-0.5312,-0.3789,1.0000,0.7911,0.0037,1.0304,0.7188,0.0541,1.0000,-0.6189,0.4956,1.0311,-0.5312,0.4871,1.0000
487,0.1854,-0.0284,1.0314,0.2188,0.0541,1.0000,-0.3688,0.0707,1.0307,-0.2812,0.0541,1.0000,0.0396,-0.4324,1.0310,-0.0312,-0.3789,1.0000,-0.1079,0.4453,1.0306,-0.0312,0.4871,1.0000,0.4758,-0.4671,1.0304,0.4688,-0.3789,1.0000,-0.6187,-0.3731,1.0305,-0.5312,-0.3789,1.0000,0.7907,0.0032,1.0303,0.7188,0.0541,1.0000,-0.6189,0.4961,1.0310,-0.5312,0.4871,1.0000
488,0.1850,-0.0283,1.0314,0.2188,0.0541,1.0000,-0.3688,0.0712,1.0309,-0.2812,0.0541,1.0000,0.0392,-0.4328,1.0312,-0.0312,-0.3789,1.0000,-0.1081,0.4456,1.0306,-0.0312,0.4871,1.0000,0.4753,-0.4671,1.0304,0.4688,-0.3789,1.0000,-0.6186,-0.3725,1.0306,-0.5312,-0.3789,1.0000,0.7902,0.0028,1.0304,0.7188,0.0541,1.0000,-0.6187,0.4966,1.0311,-0.5312,0.4871,1.0000
489,0.1846,-0.0282,1.0313,0.2188,0.0541,1.0000,-0.3688,0.0718,1.0309,-0.2812,0.0541,1.0000,0.0389,-0.4332,1.0313,-0.0312,-0.3789,1.0000,-0.1083,0.4459,1.0305,-0.0312,0.4871,1.0000,0.4748,-0.4671,1.0304,0.4688,-0.3789,1.0000,-0.6186,-0.3720,1.0306,-0.5312,-0.3789,1.0000,0.7898,0.0023,1.0305,0.7188,0.0541,1.0000,-0.6186,0.4971,1.0312,-0.5312,0.4871,1.0000
490,0.1841,-0.0280,1.0311,0.2188,0.0541,1.0000,-0.3687,0.0723,1.0308,-0.2812,0.0541,1.0000,0.0386,-0.4337,1.0313,-0.0312,-0.3789,1.0000,-0.1085,0.4463,1.0304,-0.0312,0.4871,1.0000,0.4743,-0.4672,1.0302,0.4688,-0.3789,1.0000,-0.6186,-0.3715,1.0305,-0.5312,-0.3789,1.0000,0.7895,0.0018,1.0305,0.7188,0.0541,1.0000,-0.6186,0.4977,1.0311,-0.5312,0.4871,1.0000
491,0.1836,-0.0278,1.0311,0.2188,0.0541,1.0000,-0.3686,0.0728,1.0309,-0.2812,0.0541,1.0000,0.0383,-0.4340,1.0314,-0.0312,-0.3789,1.0000,-0.1086,0.4466,1.0303,-0.0312,0.4871,1.0000,0.4739,-0.4672,1.0303,0.4688,-0.3789,1.0000,-0.6186,-0.3711,1.0307,-0.5312,-0.3789,1.0000,0.7891,0.0014,1.0306,0.7188,0.0541,1.0000,-0.6185,0.4982,1.0310,-0.5312,0.4871,1.0000
492,0.1832,-0.0276,1.0309,0.2188,0.0541,1.0000,-0.3686,0.0733,1.0309,-0.2812,0.0541,1.0000,0.0380,-0.4344,1.0316,-0.0312,-0.3789,1.0000,-0.1089,0.4470,1.0302,-0.0312,0.4871,1.0000,0.4734,-0.4672,1.0305,0.4688,-0.3789,1.0000,-0.6185,-0.3706,1.0308,-0.5312,-0.3789,1.0000,0.7887,0.0010,1.0308,0.7188,0.0541,1.0000,-0.6183,0.4988,1.0311,-0.5312,0.4871,1.0000
493,0.1826,-0.0274,1.0308,0.2188,0.0541,1.0000,-0.3686,0.0739,1.0308,-0.2812,0.0541,1.0000,0.0378,-0.4348,1.0317,-0.0312,-0.3789,1.0000,-0.1091,0.4475,1.0301,-0.0312,0.4871,1.0000,0.4729,-0.4673,1.0305,0.4688,-0.3789,1.0000,-0.6186,-0.3702,1.0308,-0.5312,-0.3789,1.0000,0.7884,0.0005,1.0309,0.7188,0.0541,1.0000,-0.6183,0.4994,1.0309,-0.5312,0.4871,1.0000
494,0.1821,-0.0272,1.0308,0.2188,0.0541,1.0000,-0.3685,0.0744,1.0308,-0.2812,0.0541,1.0000,0.0376,-0.4352,1.0318,-0.0312,-0.3789,1.0000,-0.1093,0.4479,1.0301,-0.0312,0.4871,1.0000,0.4725,-0.4673,1.0306,0.4688,-0.3789,1.0000,-0.6185,-0.3697,1.0309,-0.5312,-0.3789,1.0000,0.7881,0.0001,1.0310,0.7188,0.0541,1.0000,-0.6182,0.5000,1.0307,-0.5312,0.4871,1.0000
495,0.1817,-0.0270,1.0308,0.2188,0.0541,1.0000,-0.3684,0.0749,1.0309,-0.2812,0.0541,1.0000,0.0373,-0.4356,1.0319,-0.0312,-0.3789,1.0000,-0.1095,0.4483,1.0302,-0.0312,0.4871,1.0000,0.4721,-0.4672,1.0308,0.4688,-0.3789,1.0000,-0.6185,-0.3693,1.0312,-0.5312,-0.3789,1.0000,0.7878,-0.0003,1.0312,0.7188,0.0541,1.0000,-0.6180,0.5006,1.0307,-0.5312,0.4871,1.0000
496,0.1811,-0.0267,1.0308,0.2188,0.0541,1.0000,-0.3683,0.0755,1.0308,-0.2812,0.0541,1.0000,0.0371,-0.4361,1.0319,-0.0312,-0.3789,1.0000,-0.1098,0.4487,1.0301,-0.0312,0.4871,1.0000,0.4716,-0.4673,1.0307,0.4688,-0.3789,1.0000,-0.6186,-0.3689,1.0312,-0.5312,-0.3789,1.0000,0.7876,-0.0007,1.0312,0.7188,0.0541,1.0000,-0.6179,0.5013,1.0306,-0.5312,0.4871,1.0000
497,0.1807,-0.0265,1.0308,0.2188,0.0541,1.0000,-0.3682,0.0760,1.0307,-0.2812,0.0541,1.0000,0.0369,-0.4365,1.0319,-0.0312,-0.3789,1.0000,-0.1099,0.4492,1.0302,-0.0312,0.4871,1.0000,0.4711,-0.4673,1.0305,0.4688,-0.3789,1.0000,-0.6186,-0.3685,1.0313,-0.5312,-0.3789,1.0000,0.7873,-0.0012,1.0313,0.7188,0.0541,1.0000,-0.6177,0.5019,1.0305,-0.5312,0.4871,1.0000
498,0.1803,-0.0263,1.0309,0.2188,0.0541,1.0000,-0.3681,0.0764,1.0307,-0.2812,0.0541,1.0000,0.0366,-0.4369,1.0320,-0.0312,-0.3789,1.0000,-0.1101,0.4496,1.0302,-0.0312,0.4871,1.0000,0.4707,-0.4673,1.0305,0.4688,-0.3789,1.0000,-0.6186,-0.3681,1.0315,-0.5312,-0.3789,1.0000,0.7871,-0.0015,1.0315,0.7188,0.0541,1.0000,-0.6175,0.5025,1.0305,-0.5312,0.4871,1.0000
499,0.1798,-0.0260,1.0308,0.2188,0.0541,1.0000,-0.3679,0.0770,1.0306,-0.2812,0.0541,1.0000,0.0364,-0.4373,1.0319,-0.0312,-0.3789,1.0000,-0.1104,0.4500,1.0302,-0.0312,0.4871,1.0000,0.4701,-0.4672,1.0304,0.4688,-0.3789,1.0000,-0.6187,-0.3678,1.0314,-0.5312,-0.3789,1.0000,0.7869,-0.0019,1.0316,0.7188,0.0541,1.0000,-0.6173,0.5032,1.0305,-0.5312,0.4871,1.0000
