step,d0_x,d0_y,d0_z,d0_gx,d0_gy,d0_gz,d1_x,d1_y,d1_z,d1_gx,d1_gy,d1_gz,d2_x,d2_y,d2_z,d2_gx,d2_gy,d2_gz,d3_x,d3_y,d3_z,d3_gx,d3_gy,d3_gz,d4_x,d4_y,d4_z,d4_gx,d4_gy,d4_gz,d5_x,d5_y,d5_z,d5_gx,d5_gy,d5_gz,d6_x,d6_y,d6_z,d6_gx,d6_gy,d6_gz,d7_x,d7_y,d7_z,d7_gx,d7_gy,d7_gz
0,0.2214,0.9559,0.5011,0.2188,0.0541,1.0000,-0.9602,-0.7273,0.5013,-0.2812,0.0541,1.0000,-0.1990,0.1217,0.5013,-0.0312,-0.3789,1.0000,-0.9010,0.0433,0.5013,-0.0312,0.4871,1.0000,-0.6737,0.4791,0.5013,0.4688,-0.3789,1.0000,-0.0343,0.1872,0.5006,-0.5312,-0.3789,1.0000,0.4630,0.9108,0.5013,0.7188,0.0541,1.0000,-0.1842,0.7799,0.5011,-0.5312,0.4871,1.0000
1,0.2214,0.9558,0.5046,0.2188,0.0541,1.0000,-0.9602,-0.7273,0.5050,-0.2812,0.0541,1.0000,-0.1991,0.1217,0.5050,-0.0312,-0.3789,1.0000,-0.9009,0.0433,0.5050,-0.0312,0.4871,1.0000,-0.6737,0.4791,0.5050,0.4688,-0.3789,1.0000,-0.0344,0.1871,0.5026,-0.5312,-0.3789,1.0000,0.4630,0.9107,0.5050,0.7188,0.0541,1.0000,-0.1843,0.7798,0.5043,-0.5312,0.4871,1.0000
2,0.2207,0.9551,0.5109,0.2188,0.0541,1.0000,-0.9598,-0.7268,0.5118,-0.2812,0.0541,1.0000,-0.1997,0.1213,0.5118,-0.0312,-0.3789,1.0000,-0.9004,0.0436,0.5118,-0.0312,0.4871,1.0000,-0.6732,0.4790,0.5118,0.4688,-0.3789,1.0000,-0.0349,0.1864,0.5063,-0.5312,-0.3789,1.0000,0.4629,0.9102,0.5118,0.7188,0.0541,1.0000,-0.1850,0.7793,0.5099,-0.5312,0.4871,1.0000
3,0.2195,0.9536,0.5198,0.2188,0.0541,1.0000,-0.9592,-0.7260,0.5220,-0.2812,0.0541,1.0000,-0.2009,0.1206,0.5217,-0.0312,-0.3789,1.0000,-0.8994,0.0442,0.5220,-0.0312,0.4871,1.0000,-0.6720,0.4784,0.5220,0.4688,-0.3789,1.0000,-0.0358,0.1850,0.5113,-0.5312,-0.3789,1.0000,0.4628,0.9089,0.5216,0.7188,0.0541,1.0000,-0.1861,0.7783,0.5170,-0.5312,0.4871,1.0000
4,0.2177,0.9514,0.5302,0.2188,0.0541,1.0000,-0.9583,-0.7248,0.5352,-0.2812,0.0541,1.0000,-0.2024,0.1197,0.5339,-0.0312,-0.3789,1.0000,-0.8981,0.0449,0.5355,-0.0312,0.4871,1.0000,-0.6700,0.4772,0.5356,0.4688,-0.3789,1.0000,-0.0368,0.1830,0.5167,-0.5312,-0.3789,1.0000,0.4628,0.9070,0.5337,0.7188,0.0541,1.0000,-0.1875,0.7772,0.5247,-0.5312,0.4871,1.0000
5,0.2157,0.9487,0.5414,0.2188,0.0541,1.0000,-0.9571,-0.7234,0.5506,-0.2812,0.0541,1.0000,-0.2043,0.1184,0.5473,-0.0312,-0.3789,1.0000,-0.8962,0.0456,0.5516,-0.0312,0.4871,1.0000,-0.6673,0.4754,0.5527,0.4688,-0.3789,1.0000,-0.0382,0.1806,0.5222,-0.5312,-0.3789,1.0000,0.4628,0.9045,0.5471,0.7188,0.0541,1.0000,-0.1893,0.7757,0.5325,-0.5312,0.4871,1.0000
6,0.2132,0.9453,0.5528,0.2188,0.0541,1.0000,-0.9556,-0.7216,0.5672,-0.2812,0.0541,1.0000,-0.2066,0.1168,0.5613,-0.0312,-0.3789,1.0000,-0.8938,0.0466,0.5694,-0.0312,0.4871,1.0000,-0.6639,0.4728,0.5729,0.4688,-0.3789,1.0000,-0.0400,0.1774,0.5278,-0.5312,-0.3789,1.0000,0.4628,0.9013,0.5610,0.7188,0.0541,1.0000,-0.1917,0.7737,0.5403,-0.5312,0.4871,1.0000
7,0.2102,0.9413,0.5639,0.2188,0.0541,1.0000,-0.9536,-0.7195,0.5845,-0.2812,0.0541,1.0000,-0.2092,0.1148,0.5751,-0.0312,-0.3789,1.0000,-0.8907,0.0477,0.5881,-0.0312,0.4871,1.0000,-0.6597,0.4694,0.5951,0.4688,-0.3789,1.0000,-0.0424,0.1737,0.5333,-0.5312,-0.3789,1.0000,0.4626,0.8975,0.5748,0.7188,0.0541,1.0000,-0.1945,0.7715,0.5477,-0.5312,0.4871,1.0000
8,0.2070,0.9368,0.5742,0.2188,0.0541,1.0000,-0.9515,-0.7171,0.6020,-0.2812,0.0541,1.0000,-0.2121,0.1125,0.5880,-0.0312,-0.3789,1.0000,-0.8872,0.0487,0.6073,-0.0312,0.4871,1.0000,-0.6549,0.4651,0.6182,0.4688,-0.3789,1.0000,-0.0451,0.1695,0.5384,-0.5312,-0.3789,1.0000,0.4624,0.8932,0.5878,0.7188,0.0541,1.0000,-0.1975,0.7690,0.5547,-0.5312,0.4871,1.0000
9,0.2036,0.9317,0.5837,0.2188,0.0541,1.0000,-0.9490,-0.7146,0.6193,-0.2812,0.0541,1.0000,-0.2151,0.1100,0.6002,-0.0312,-0.3789,1.0000,-0.8833,0.0498,0.6263,-0.0312,0.4871,1.0000,-0.6494,0.4602,0.6414,0.4688,-0.3789,1.0000,-0.0481,0.1649,0.5429,-0.5312,-0.3789,1.0000,0.4623,0.8884,0.6000,0.7188,0.0541,1.0000,-0.2010,0.7663,0.5613,-0.5312,0.4871,1.0000
10,0.2000,0.9260,0.5927,0.2188,0.0541,1.0000,-0.9462,-0.7118,0.6362,-0.2812,0.0541,1.0000,-0.2183,0.1071,0.6120,-0.0312,-0.3789,1.0000,-0.8788,0.0510,0.6449,-0.0312,0.4871,1.0000,-0.6433,0.4545,0.6642,0.4688,-0.3789,1.0000,-0.0516,0.1597,0.5472,-0.5312,-0.3789,1.0000,0.4621,0.8830,0.6116,0.7188,0.0541,1.0000,-0.2051,0.7631,0.5679,-0.5312,0.4871,1.0000
11,0.1960,0.9198,0.6013,0.2188,0.0541,1.0000,-0.9430,-0.7087,0.6530,-0.2812,0.0541,1.0000,-0.2218,0.1038,0.6234,-0.0312,-0.3789,1.0000,-0.8738,0.0523,0.6631,-0.0312,0.4871,1.0000,-0.6368,0.4483,0.6860,0.4688,-0.3789,1.0000,-0.0557,0.1540,0.5515,-0.5312,-0.3789,1.0000,0.4619,0.8770,0.6226,0.7188,0.0541,1.0000,-0.2096,0.7596,0.5746,-0.5312,0.4871,1.0000
12,0.1918,0.9130,0.6095,0.2188,0.0541,1.0000,-0.9394,-0.7054,0.6700,-0.2812,0.0541,1.0000,-0.2254,0.1002,0.6342,-0.0312,-0.3789,1.0000,-0.8683,0.0535,0.6812,-0.0312,0.4871,1.0000,-0.6298,0.4415,0.7066,0.4688,-0.3789,1.0000,-0.0602,0.1481,0.5557,-0.5312,-0.3789,1.0000,0.4616,0.8706,0.6329,0.7188,0.0541,1.0000,-0.2145,0.7560,0.5808,-0.5312,0.4871,1.0000
13,0.1875,0.9058,0.6173,0.2188,0.0541,1.0000,-0.9355,-0.7019,0.6866,-0.2812,0.0541,1.0000,-0.2290,0.0964,0.6444,-0.0312,-0.3789,1.0000,-0.8623,0.0548,0.6988,-0.0312,0.4871,1.0000,-0.6222,0.4342,0.7260,0.4688,-0.3789,1.0000,-0.0651,0.1417,0.5596,-0.5312,-0.3789,1.0000,0.4615,0.8638,0.6427,0.7188,0.0541,1.0000,-0.2197,0.7521,0.5868,-0.5312,0.4871,1.0000
14,0.1830,0.8980,0.6248,0.2188,0.0541,1.0000,-0.9312,-0.6981,0.7027,-0.2812,0.0541,1.0000,-0.2328,0.0922,0.6544,-0.0312,-0.3789,1.0000,-0.8558,0.0562,0.7157,-0.0312,0.4871,1.0000,-0.6142,0.4263,0.7442,0.4688,-0.3789,1.0000,-0.0706,0.1350,0.5636,-0.5312,-0.3789,1.0000,0.4613,0.8564,0.6521,0.7188,0.0541,1.0000,-0.2254,0.7479,0.5928,-0.5312,0.4871,1.0000
15,0.1784,0.8898,0.6321,0.2188,0.0541,1.0000,-0.9265,-0.6941,0.7186,-0.2812,0.0541,1.0000,-0.2366,0.0877,0.6641,-0.0312,-0.3789,1.0000,-0.8488,0.0577,0.7322,-0.0312,0.4871,1.0000,-0.6058,0.4177,0.7614,0.4688,-0.3789,1.0000,-0.0765,0.1281,0.5678,-0.5312,-0.3789,1.0000,0.4610,0.8485,0.6613,0.7188,0.0541,1.0000,-0.2315,0.7436,0.5987,-0.5312,0.4871,1.0000
16,0.1737,0.8813,0.6392,0.2188,0.0541,1.0000,-0.9214,-0.6899,0.7345,-0.2812,0.0541,1.0000,-0.2403,0.0831,0.6734,-0.0312,-0.3789,1.0000,-0.8413,0.0594,0.7486,-0.0312,0.4871,1.0000,-0.5970,0.4087,0.7774,0.4688,-0.3789,1.0000,-0.0828,0.1210,0.5717,-0.5312,-0.3789,1.0000,0.4609,0.8404,0.6700,0.7188,0.0541,1.0000,-0.2378,0.7392,0.6043,-0.5312,0.4871,1.0000
17,0.1690,0.8724,0.6460,0.2188,0.0541,1.0000,-0.9160,-0.6856,0.7499,-0.2812,0.0541,1.0000,-0.2438,0.0783,0.6823,-0.0312,-0.3789,1.0000,-0.8335,0.0612,0.7649,-0.0312,0.4871,1.0000,-0.5878,0.3991,0.7920,0.4688,-0.3789,1.0000,-0.0893,0.1137,0.5755,-0.5312,-0.3789,1.0000,0.4609,0.8320,0.6783,0.7188,0.0541,1.0000,-0.2444,0.7345,0.6097,-0.5312,0.4871,1.0000
18,0.1643,0.8632,0.6530,0.2188,0.0541,1.0000,-0.9101,-0.6809,0.7648,-0.2812,0.0541,1.0000,-0.2471,0.0733,0.6912,-0.0312,-0.3789,1.0000,-0.8255,0.0634,0.7811,-0.0312,0.4871,1.0000,-0.5782,0.3890,0.8055,0.4688,-0.3789,1.0000,-0.0964,0.1062,0.5793,-0.5312,-0.3789,1.0000,0.4609,0.8232,0.6866,0.7188,0.0541,1.0000,-0.2514,0.7297,0.6151,-0.5312,0.4871,1.0000
19,0.1595,0.8537,0.6599,0.2188,0.0541,1.0000,-0.9039,-0.6760,0.7792,-0.2812,0.0541,1.0000,-0.2500,0.0683,0.7002,-0.0312,-0.3789,1.0000,-0.8174,0.0659,0.7971,-0.0312,0.4871,1.0000,-0.5683,0.3782,0.8180,0.4688,-0.3789,1.0000,-0.1037,0.0987,0.5831,-0.5312,-0.3789,1.0000,0.4609,0.8142,0.6947,0.7188,0.0541,1.0000,-0.2586,0.7250,0.6206,-0.5312,0.4871,1.0000
20,0.1549,0.8440,0.6667,0.2188,0.0541,1.0000,-0.8973,-0.6709,0.7935,-0.2812,0.0541,1.0000,-0.2526,0.0632,0.7092,-0.0312,-0.3789,1.0000,-0.8092,0.0686,0.8131,-0.0312,0.4871,1.0000,-0.5580,0.3669,0.8294,0.4688,-0.3789,1.0000,-0.1111,0.0912,0.5864,-0.5312,-0.3789,1.0000,0.4611,0.8050,0.7026,0.7188,0.0541,1.0000,-0.2659,0.7201,0.6259,-0.5312,0.4871,1.0000
21,0.1504,0.8342,0.6736,0.2188,0.0541,1.0000,-0.8904,-0.6657,0.8073,-0.2812,0.0541,1.0000,-0.2548,0.0580,0.7178,-0.0312,-0.3789,1.0000,-0.8009,0.0718,0.8287,-0.0312,0.4871,1.0000,-0.5475,0.3550,0.8399,0.4688,-0.3789,1.0000,-0.1186,0.0836,0.5895,-0.5312,-0.3789,1.0000,0.4615,0.7958,0.7103,0.7188,0.0541,1.0000,-0.2735,0.7151,0.6312,-0.5312,0.4871,1.0000
22,0.1460,0.8242,0.6806,0.2188,0.0541,1.0000,-0.8831,-0.6602,0.8204,-0.2812,0.0541,1.0000,-0.2565,0.0527,0.7263,-0.0312,-0.3789,1.0000,-0.7928,0.0753,0.8440,-0.0312,0.4871,1.0000,-0.5369,0.3425,0.8497,0.4688,-0.3789,1.0000,-0.1261,0.0761,0.5925,-0.5312,-0.3789,1.0000,0.4619,0.7863,0.7181,0.7188,0.0541,1.0000,-0.2812,0.7102,0.6365,-0.5312,0.4871,1.0000
23,0.1417,0.8142,0.6878,0.2188,0.0541,1.0000,-0.8755,-0.6544,0.8331,-0.2812,0.0541,1.0000,-0.2579,0.0476,0.7349,-0.0312,-0.3789,1.0000,-0.7847,0.0791,0.8589,-0.0312,0.4871,1.0000,-0.5262,0.3296,0.8586,0.4688,-0.3789,1.0000,-0.1336,0.0687,0.5958,-0.5312,-0.3789,1.0000,0.4625,0.7768,0.7259,0.7188,0.0541,1.0000,-0.2890,0.7052,0.6416,-0.5312,0.4871,1.0000
24,0.1377,0.8041,0.6949,0.2188,0.0541,1.0000,-0.8676,-0.6485,0.8456,-0.2812,0.0541,1.0000,-0.2588,0.0424,0.7433,-0.0312,-0.3789,1.0000,-0.7767,0.0833,0.8733,-0.0312,0.4871,1.0000,-0.5154,0.3162,0.8667,0.4688,-0.3789,1.0000,-0.1410,0.0613,0.5992,-0.5312,-0.3789,1.0000,0.4633,0.7674,0.7334,0.7188,0.0541,1.0000,-0.2969,0.7002,0.6466,-0.5312,0.4871,1.0000
25,0.1340,0.7940,0.7020,0.2188,0.0541,1.0000,-0.8595,-0.6424,0.8576,-0.2812,0.0541,1.0000,-0.2594,0.0373,0.7516,-0.0312,-0.3789,1.0000,-0.7687,0.0879,0.8871,-0.0312,0.4871,1.0000,-0.5045,0.3025,0.8740,0.4688,-0.3789,1.0000,-0.1482,0.0540,0.6028,-0.5312,-0.3789,1.0000,0.4643,0.7579,0.7409,0.7188,0.0541,1.0000,-0.3049,0.6952,0.6517,-0.5312,0.4871,1.0000
26,0.1304,0.7839,0.7093,0.2188,0.0541,1.0000,-0.8510,-0.6360,0.8690,-0.2812,0.0541,1.0000,-0.2595,0.0323,0.7596,-0.0312,-0.3789,1.0000,-0.7608,0.0929,0.9006,-0.0312,0.4871,1.0000,-0.4936,0.2885,0.8810,0.4688,-0.3789,1.0000,-0.1553,0.0470,0.6067,-0.5312,-0.3789,1.0000,0.4655,0.7485,0.7486,0.7188,0.0541,1.0000,-0.3129,0.6904,0.6571,-0.5312,0.4871,1.0000
27,0.1272,0.7739,0.7167,0.2188,0.0541,1.0000,-0.8423,-0.6293,0.8801,-0.2812,0.0541,1.0000,-0.2593,0.0274,0.7676,-0.0312,-0.3789,1.0000,-0.7531,0.0982,0.9140,-0.0312,0.4871,1.0000,-0.4827,0.2743,0.8877,0.4688,-0.3789,1.0000,-0.1622,0.0401,0.6107,-0.5312,-0.3789,1.0000,0.4668,0.7392,0.7563,0.7188,0.0541,1.0000,-0.3208,0.6856,0.6623,-0.5312,0.4871,1.0000
28,0.1242,0.7640,0.7242,0.2188,0.0541,1.0000,-0.8333,-0.6225,0.8910,-0.2812,0.0541,1.0000,-0.2586,0.0225,0.7754,-0.0312,-0.3789,1.0000,-0.7455,0.1039,0.9272,-0.0312,0.4871,1.0000,-0.4719,0.2599,0.8942,0.4688,-0.3789,1.0000,-0.1690,0.0333,0.6147,-0.5312,-0.3789,1.0000,0.4684,0.7301,0.7638,0.7188,0.0541,1.0000,-0.3288,0.6808,0.6672,-0.5312,0.4871,1.0000
29,0.1216,0.7541,0.7315,0.2188,0.0541,1.0000,-0.8242,-0.6154,0.9018,-0.2812,0.0541,1.0000,-0.2576,0.0178,0.7829,-0.0312,-0.3789,1.0000,-0.7380,0.1099,0.9400,-0.0312,0.4871,1.0000,-0.4609,0.2455,0.9005,0.4688,-0.3789,1.0000,-0.1755,0.0266,0.6187,-0.5312,-0.3789,1.0000,0.4702,0.7209,0.7711,0.7188,0.0541,1.0000,-0.3367,0.6761,0.6721,-0.5312,0.4871,1.0000
30,0.1193,0.7443,0.7389,0.2188,0.0541,1.0000,-0.8151,-0.6079,0.9124,-0.2812,0.0541,1.0000,-0.2561,0.0133,0.7903,-0.0312,-0.3789,1.0000,-0.7308,0.1163,0.9526,-0.0312,0.4871,1.0000,-0.4498,0.2309,0.9068,0.4688,-0.3789,1.0000,-0.1817,0.0202,0.6227,-0.5312,-0.3789,1.0000,0.4722,0.7119,0.7784,0.7188,0.0541,1.0000,-0.3445,0.6714,0.6769,-0.5312,0.4871,1.0000
31,0.1173,0.7348,0.7464,0.2188,0.0541,1.0000,-0.8060,-0.6001,0.9234,-0.2812,0.0541,1.0000,-0.2543,0.0088,0.7975,-0.0312,-0.3789,1.0000,-0.7237,0.1228,0.9649,-0.0312,0.4871,1.0000,-0.4385,0.2162,0.9129,0.4688,-0.3789,1.0000,-0.1878,0.0139,0.6265,-0.5312,-0.3789,1.0000,0.4744,0.7031,0.7858,0.7188,0.0541,1.0000,-0.3521,0.6667,0.6816,-0.5312,0.4871,1.0000
32,0.1157,0.7253,0.7540,0.2188,0.0541,1.0000,-0.7970,-0.5919,0.9348,-0.2812,0.0541,1.0000,-0.2521,0.0044,0.8046,-0.0312,-0.3789,1.0000,-0.7167,0.1296,0.9766,-0.0312,0.4871,1.0000,-0.4271,0.2016,0.9191,0.4688,-0.3789,1.0000,-0.1936,0.0077,0.6302,-0.5312,-0.3789,1.0000,0.4768,0.6945,0.7932,0.7188,0.0541,1.0000,-0.3597,0.6621,0.6862,-0.5312,0.4871,1.0000
33,0.1144,0.7160,0.7615,0.2188,0.0541,1.0000,-0.7883,-0.5833,0.9463,-0.2812,0.0541,1.0000,-0.2496,0.0003,0.8115,-0.0312,-0.3789,1.0000,-0.7099,0.1366,0.9877,-0.0312,0.4871,1.0000,-0.4156,0.1870,0.9254,0.4688,-0.3789,1.0000,-0.1990,0.0016,0.6339,-0.5312,-0.3789,1.0000,0.4795,0.6860,0.8003,0.7188,0.0541,1.0000,-0.3670,0.6576,0.6910,-0.5312,0.4871,1.0000
34,0.1134,0.7068,0.7689,0.2188,0.0541,1.0000,-0.7798,-0.5743,0.9576,-0.2812,0.0541,1.0000,-0.2467,-0.0037,0.8181,-0.0312,-0.3789,1.0000,-0.7031,0.1437,0.9981,-0.0312,0.4871,1.0000,-0.4040,0.1725,0.9320,0.4688,-0.3789,1.0000,-0.2043,-0.0043,0.6377,-0.5312,-0.3789,1.0000,0.4824,0.6776,0.8074,0.7188,0.0541,1.0000,-0.3741,0.6529,0.6955,-0.5312,0.4871,1.0000
35,0.1128,0.6978,0.7764,0.2188,0.0541,1.0000,-0.7716,-0.5650,0.9688,-0.2812,0.0541,1.0000,-0.2435,-0.0076,0.8245,-0.0312,-0.3789,1.0000,-0.6963,0.1509,1.0082,-0.0312,0.4871,1.0000,-0.3923,0.1582,0.9389,0.4688,-0.3789,1.0000,-0.2093,-0.0101,0.6416,-0.5312,-0.3789,1.0000,0.4855,0.6695,0.8145,0.7188,0.0541,1.0000,-0.3811,0.6483,0.6998,-0.5312,0.4871,1.0000
36,0.1126,0.6890,0.7839,0.2188,0.0541,1.0000,-0.7638,-0.5554,0.9800,-0.2812,0.0541,1.0000,-0.2399,-0.0113,0.8307,-0.0312,-0.3789,1.0000,-0.6895,0.1584,1.0180,-0.0312,0.4871,1.0000,-0.3805,0.1441,0.9462,0.4688,-0.3789,1.0000,-0.2141,-0.0158,0.6454,-0.5312,-0.3789,1.0000,0.4888,0.6616,0.8216,0.7188,0.0541,1.0000,-0.3878,0.6438,0.7042,-0.5312,0.4871,1.0000
37,0.1126,0.6803,0.7911,0.2188,0.0541,1.0000,-0.7563,-0.5455,0.9909,-0.2812,0.0541,1.0000,-0.2361,-0.0149,0.8366,-0.0312,-0.3789,1.0000,-0.6828,0.1661,1.0275,-0.0312,0.4871,1.0000,-0.3687,0.1303,0.9537,0.4688,-0.3789,1.0000,-0.2186,-0.0213,0.6493,-0.5312,-0.3789,1.0000,0.4923,0.6537,0.8284,0.7188,0.0541,1.0000,-0.3943,0.6392,0.7084,-0.5312,0.4871,1.0000
38,0.1130,0.6717,0.7983,0.2188,0.0541,1.0000,-0.7493,-0.5352,1.0015,-0.2812,0.0541,1.0000,-0.2319,-0.0185,0.8424,-0.0312,-0.3789,1.0000,-0.6760,0.1738,1.0366,-0.0312,0.4871,1.0000,-0.3568,0.1168,0.9614,0.4688,-0.3789,1.0000,-0.2230,-0.0268,0.6533,-0.5312,-0.3789,1.0000,0.4959,0.6460,0.8351,0.7188,0.0541,1.0000,-0.4005,0.6346,0.7125,-0.5312,0.4871,1.0000
39,0.1136,0.6634,0.8056,0.2188,0.0541,1.0000,-0.7425,-0.5248,1.0119,-0.2812,0.0541,1.0000,-0.2275,-0.0218,0.8480,-0.0312,-0.3789,1.0000,-0.6691,0.1816,1.0454,-0.0312,0.4871,1.0000,-0.3448,0.1036,0.9692,0.4688,-0.3789,1.0000,-0.2272,-0.0321,0.6574,-0.5312,-0.3789,1.0000,0.4997,0.6386,0.8419,0.7188,0.0541,1.0000,-0.4065,0.6301,0.7167,-0.5312,0.4871,1.0000
40,0.1146,0.6552,0.8127,0.2188,0.0541,1.0000,-0.7362,-0.5142,1.0220,-0.2812,0.0541,1.0000,-0.2227,-0.0250,0.8532,-0.0312,-0.3789,1.0000,-0.6623,0.1896,1.0538,-0.0312,0.4871,1.0000,-0.3327,0.0908,0.9769,0.4688,-0.3789,1.0000,-0.2311,-0.0373,0.6617,-0.5312,-0.3789,1.0000,0.5038,0.6313,0.8485,0.7188,0.0541,1.0000,-0.4121,0.6255,0.7208,-0.5312,0.4871,1.0000
41,0.1159,0.6471,0.8195,0.2188,0.0541,1.0000,-0.7302,-0.5033,1.0318,-0.2812,0.0541,1.0000,-0.2177,-0.0282,0.8582,-0.0312,-0.3789,1.0000,-0.6554,0.1976,1.0619,-0.0312,0.4871,1.0000,-0.3205,0.0785,0.9846,0.4688,-0.3789,1.0000,-0.2350,-0.0424,0.6664,-0.5312,-0.3789,1.0000,0.5080,0.6241,0.8549,0.7188,0.0541,1.0000,-0.4175,0.6208,0.7247,-0.5312,0.4871,1.0000
42,0.1174,0.6392,0.8264,0.2188,0.0541,1.0000,-0.7245,-0.4924,1.0411,-0.2812,0.0541,1.0000,-0.2124,-0.0313,0.8632,-0.0312,-0.3789,1.0000,-0.6484,0.2057,1.0699,-0.0312,0.4871,1.0000,-0.3082,0.0665,0.9921,0.4688,-0.3789,1.0000,-0.2389,-0.0472,0.6712,-0.5312,-0.3789,1.0000,0.5122,0.6170,0.8612,0.7188,0.0541,1.0000,-0.4227,0.6162,0.7286,-0.5312,0.4871,1.0000
43,0.1192,0.6315,0.8334,0.2188,0.0541,1.0000,-0.7192,-0.4813,1.0502,-0.2812,0.0541,1.0000,-0.2069,-0.0342,0.8679,-0.0312,-0.3789,1.0000,-0.6414,0.2138,1.0776,-0.0312,0.4871,1.0000,-0.2957,0.0550,0.9994,0.4688,-0.3789,1.0000,-0.2425,-0.0520,0.6760,-0.5312,-0.3789,1.0000,0.5167,0.6102,0.8676,0.7188,0.0541,1.0000,-0.4276,0.6116,0.7325,-0.5312,0.4871,1.0000
44,0.1212,0.6239,0.8401,0.2188,0.0541,1.0000,-0.7142,-0.4701,1.0588,-0.2812,0.0541,1.0000,-0.2011,-0.0371,0.8723,-0.0312,-0.3789,1.0000,-0.6343,0.2221,1.0849,-0.0312,0.4871,1.0000,-0.2831,0.0441,1.0066,0.4688,-0.3789,1.0000,-0.2461,-0.0566,0.6809,-0.5312,-0.3789,1.0000,0.5212,0.6034,0.8738,0.7188,0.0541,1.0000,-0.4322,0.6069,0.7363,-0.5312,0.4871,1.0000
45,0.1235,0.6163,0.8464,0.2188,0.0541,1.0000,-0.7095,-0.4588,1.0672,-0.2812,0.0541,1.0000,-0.1952,-0.0400,0.8765,-0.0312,-0.3789,1.0000,-0.6272,0.2302,1.0922,-0.0312,0.4871,1.0000,-0.2702,0.0337,1.0138,0.4688,-0.3789,1.0000,-0.2498,-0.0611,0.6860,-0.5312,-0.3789,1.0000,0.5259,0.5967,0.8796,0.7188,0.0541,1.0000,-0.4366,0.6022,0.7401,-0.5312,0.4871,1.0000
46,0.1259,0.6089,0.8529,0.2188,0.0541,1.0000,-0.7050,-0.4476,1.0753,-0.2812,0.0541,1.0000,-0.1891,-0.0428,0.8805,-0.0312,-0.3789,1.0000,-0.6200,0.2384,1.0992,-0.0312,0.4871,1.0000,-0.2573,0.0239,1.0213,0.4688,-0.3789,1.0000,-0.2534,-0.0653,0.6913,-0.5312,-0.3789,1.0000,0.5306,0.5902,0.8855,0.7188,0.0541,1.0000,-0.4407,0.5975,0.7439,-0.5312,0.4871,1.0000
47,0.1285,0.6017,0.8593,0.2188,0.0541,1.0000,-0.7006,-0.4363,1.0827,-0.2812,0.0541,1.0000,-0.1828,-0.0456,0.8843,-0.0312,-0.3789,1.0000,-0.6128,0.2467,1.1058,-0.0312,0.4871,1.0000,-0.2443,0.0149,1.0290,0.4688,-0.3789,1.0000,-0.2570,-0.0695,0.6963,-0.5312,-0.3789,1.0000,0.5353,0.5839,0.8914,0.7188,0.0541,1.0000,-0.4446,0.5927,0.7475,-0.5312,0.4871,1.0000
48,0.1312,0.5946,0.8654,0.2188,0.0541,1.0000,-0.6964,-0.4250,1.0895,-0.2812,0.0541,1.0000,-0.1764,-0.0484,0.8879,-0.0312,-0.3789,1.0000,-0.6055,0.2550,1.1121,-0.0312,0.4871,1.0000,-0.2313,0.0067,1.0369,0.4688,-0.3789,1.0000,-0.2608,-0.0736,0.7011,-0.5312,-0.3789,1.0000,0.5402,0.5775,0.8970,0.7188,0.0541,1.0000,-0.4483,0.5880,0.7510,-0.5312,0.4871,1.0000
49,0.1342,0.5874,0.8712,0.2188,0.0541,1.0000,-0.6922,-0.4138,1.0961,-0.2812,0.0541,1.0000,-0.1699,-0.0511,0.8915,-0.0312,-0.3789,1.0000,-0.5981,0.2633,1.1182,-0.0312,0.4871,1.0000,-0.2182,-0.0008,1.0449,0.4688,-0.3789,1.0000,-0.2646,-0.0775,0.7058,-0.5312,-0.3789,1.0000,0.5451,0.5712,0.9022,0.7188,0.0541,1.0000,-0.4517,0.5834,0.7548,-0.5312,0.4871,1.0000
50,0.1372,0.5805,0.8770,0.2188,0.0541,1.0000,-0.6880,-0.4028,1.1025,-0.2812,0.0541,1.0000,-0.1633,-0.0539,0.8948,-0.0312,-0.3789,1.0000,-0.5907,0.2715,1.1239,-0.0312,0.4871,1.0000,-0.2051,-0.0077,1.0528,0.4688,-0.3789,1.0000,-0.2683,-0.0814,0.7104,-0.5312,-0.3789,1.0000,0.5500,0.5652,0.9075,0.7188,0.0541,1.0000,-0.4549,0.5787,0.7584,-0.5312,0.4871,1.0000
51,0.1402,0.5736,0.8828,0.2188,0.0541,1.0000,-0.6837,-0.3918,1.1083,-0.2812,0.0541,1.0000,-0.1567,-0.0567,0.8981,-0.0312,-0.3789,1.0000,-0.5832,0.2798,1.1291,-0.0312,0.4871,1.0000,-0.1921,-0.0138,1.0605,0.4688,-0.3789,1.0000,-0.2723,-0.0853,0.7150,-0.5312,-0.3789,1.0000,0.5549,0.5592,0.9129,0.7188,0.0541,1.0000,-0.4579,0.5741,0.7620,-0.5312,0.4871,1.0000
52,0.1434,0.5668,0.8883,0.2188,0.0541,1.0000,-0.6794,-0.3808,1.1139,-0.2812,0.0541,1.0000,-0.1502,-0.0595,0.9014,-0.0312,-0.3789,1.0000,-0.5757,0.2879,1.1340,-0.0312,0.4871,1.0000,-0.1790,-0.0192,1.0678,0.4688,-0.3789,1.0000,-0.2763,-0.0890,0.7196,-0.5312,-0.3789,1.0000,0.5599,0.5532,0.9180,0.7188,0.0541,1.0000,-0.4607,0.5696,0.7658,-0.5312,0.4871,1.0000
53,0.1468,0.5601,0.8935,0.2188,0.0541,1.0000,-0.6750,-0.3701,1.1196,-0.2812,0.0541,1.0000,-0.1436,-0.0623,0.9045,-0.0312,-0.3789,1.0000,-0.5681,0.2961,1.1388,-0.0312,0.4871,1.0000,-0.1659,-0.0240,1.0749,0.4688,-0.3789,1.0000,-0.2802,-0.0927,0.7241,-0.5312,-0.3789,1.0000,0.5648,0.5473,0.9227,0.7188,0.0541,1.0000,-0.4634,0.5652,0.7695,-0.5312,0.4871,1.0000
54,0.1501,0.5535,0.8989,0.2188,0.0541,1.0000,-0.6706,-0.3596,1.1250,-0.2812,0.0541,1.0000,-0.1372,-0.0651,0.9076,-0.0312,-0.3789,1.0000,-0.5605,0.3043,1.1434,-0.0312,0.4871,1.0000,-0.1528,-0.0282,1.0817,0.4688,-0.3789,1.0000,-0.2843,-0.0964,0.7283,-0.5312,-0.3789,1.0000,0.5697,0.5415,0.9275,0.7188,0.0541,1.0000,-0.4659,0.5608,0.7728,-0.5312,0.4871,1.0000
55,0.1534,0.5469,0.9042,0.2188,0.0541,1.0000,-0.6661,-0.3491,1.1300,-0.2812,0.0541,1.0000,-0.1309,-0.0680,0.9109,-0.0312,-0.3789,1.0000,-0.5529,0.3124,1.1475,-0.0312,0.4871,1.0000,-0.1397,-0.0317,1.0883,0.4688,-0.3789,1.0000,-0.2884,-0.1000,0.7325,-0.5312,-0.3789,1.0000,0.5746,0.5358,0.9324,0.7188,0.0541,1.0000,-0.4682,0.5565,0.7764,-0.5312,0.4871,1.0000
56,0.1568,0.5404,0.9090,0.2188,0.0541,1.0000,-0.6616,-0.3388,1.1346,-0.2812,0.0541,1.0000,-0.1247,-0.0709,0.9140,-0.0312,-0.3789,1.0000,-0.5451,0.3205,1.1514,-0.0312,0.4871,1.0000,-0.1266,-0.0347,1.0945,0.4688,-0.3789,1.0000,-0.2925,-0.1035,0.7367,-0.5312,-0.3789,1.0000,0.5795,0.5301,0.9369,0.7188,0.0541,1.0000,-0.4704,0.5524,0.7802,-0.5312,0.4871,1.0000
57,0.1603,0.5340,0.9136,0.2188,0.0541,1.0000,-0.6569,-0.3288,1.1391,-0.2812,0.0541,1.0000,-0.1187,-0.0738,0.9169,-0.0312,-0.3789,1.0000,-0.5374,0.3285,1.1550,-0.0312,0.4871,1.0000,-0.1134,-0.0372,1.1003,0.4688,-0.3789,1.0000,-0.2967,-0.1071,0.7407,-0.5312,-0.3789,1.0000,0.5844,0.5245,0.9410,0.7188,0.0541,1.0000,-0.4726,0.5483,0.7838,-0.5312,0.4871,1.0000
58,0.1637,0.5275,0.9182,0.2188,0.0541,1.0000,-0.6522,-0.3189,1.1434,-0.2812,0.0541,1.0000,-0.1129,-0.0768,0.9198,-0.0312,-0.3789,1.0000,-0.5296,0.3365,1.1583,-0.0312,0.4871,1.0000,-0.1003,-0.0393,1.1059,0.4688,-0.3789,1.0000,-0.3008,-0.1108,0.7445,-0.5312,-0.3789,1.0000,0.5892,0.5190,0.9452,0.7188,0.0541,1.0000,-0.4746,0.5443,0.7872,-0.5312,0.4871,1.0000
59,0.1670,0.5212,0.9227,0.2188,0.0541,1.0000,-0.6475,-0.3090,1.1474,-0.2812,0.0541,1.0000,-0.1074,-0.0798,0.9226,-0.0312,-0.3789,1.0000,-0.5218,0.3445,1.1613,-0.0312,0.4871,1.0000,-0.0872,-0.0408,1.1112,0.4688,-0.3789,1.0000,-0.3050,-0.1144,0.7484,-0.5312,-0.3789,1.0000,0.5939,0.5135,0.9492,0.7188,0.0541,1.0000,-0.4765,0.5405,0.7909,-0.5312,0.4871,1.0000
60,0.1705,0.5149,0.9268,0.2188,0.0541,1.0000,-0.6426,-0.2994,1.1511,-0.2812,0.0541,1.0000,-0.1020,-0.0829,0.9253,-0.0312,-0.3789,1.0000,-0.5139,0.3523,1.1642,-0.0312,0.4871,1.0000,-0.0740,-0.0420,1.1161,0.4688,-0.3789,1.0000,-0.3091,-0.1181,0.7523,-0.5312,-0.3789,1.0000,0.5986,0.5080,0.9529,0.7188,0.0541,1.0000,-0.4784,0.5368,0.7946,-0.5312,0.4871,1.0000
61,0.1738,0.5086,0.9307,0.2188,0.0541,1.0000,-0.6377,-0.2900,1.1547,-0.2812,0.0541,1.0000,-0.0968,-0.0860,0.9279,-0.0312,-0.3789,1.0000,-0.5061,0.3601,1.1669,-0.0312,0.4871,1.0000,-0.0608,-0.0430,1.1204,0.4688,-0.3789,1.0000,-0.3133,-0.1218,0.7560,-0.5312,-0.3789,1.0000,0.6034,0.5026,0.9564,0.7188,0.0541,1.0000,-0.4802,0.5332,0.7980,-0.5312,0.4871,1.0000
62,0.1771,0.5024,0.9346,0.2188,0.0541,1.0000,-0.6329,-0.2807,1.1586,-0.2812,0.0541,1.0000,-0.0920,-0.0892,0.9306,-0.0312,-0.3789,1.0000,-0.4982,0.3679,1.1692,-0.0312,0.4871,1.0000,-0.0477,-0.0437,1.1246,0.4688,-0.3789,1.0000,-0.3175,-0.1255,0.7597,-0.5312,-0.3789,1.0000,0.6079,0.4972,0.9600,0.7188,0.0541,1.0000,-0.4819,0.5299,0.8016,-0.5312,0.4871,1.0000
63,0.1805,0.4963,0.9385,0.2188,0.0541,1.0000,-0.6281,-0.2716,1.1622,-0.2812,0.0541,1.0000,-0.0874,-0.0923,0.9334,-0.0312,-0.3789,1.0000,-0.4903,0.3756,1.1713,-0.0312,0.4871,1.0000,-0.0346,-0.0441,1.1285,0.4688,-0.3789,1.0000,-0.3215,-0.1292,0.7635,-0.5312,-0.3789,1.0000,0.6125,0.4919,0.9633,0.7188,0.0541,1.0000,-0.4837,0.5267,0.8056,-0.5312,0.4871,1.0000
64,0.1838,0.4902,0.9421,0.2188,0.0541,1.0000,-0.6231,-0.2626,1.1655,-0.2812,0.0541,1.0000,-0.0830,-0.0955,0.9360,-0.0312,-0.3789,1.0000,-0.4824,0.3832,1.1733,-0.0312,0.4871,1.0000,-0.0215,-0.0443,1.1319,0.4688,-0.3789,1.0000,-0.3255,-0.1331,0.7674,-0.5312,-0.3789,1.0000,0.6170,0.4866,0.9664,0.7188,0.0541,1.0000,-0.4854,0.5237,0.8092,-0.5312,0.4871,1.0000
65,0.1870,0.4841,0.9457,0.2188,0.0541,1.0000,-0.6182,-0.2538,1.1687,-0.2812,0.0541,1.0000,-0.0789,-0.0987,0.9386,-0.0312,-0.3789,1.0000,-0.4745,0.3908,1.1751,-0.0312,0.4871,1.0000,-0.0084,-0.0444,1.1350,0.4688,-0.3789,1.0000,-0.3295,-0.1368,0.7714,-0.5312,-0.3789,1.0000,0.6214,0.4813,0.9696,0.7188,0.0541,1.0000,-0.4870,0.5209,0.8129,-0.5312,0.4871,1.0000
66,0.1901,0.4781,0.9492,0.2188,0.0541,1.0000,-0.6133,-0.2450,1.1718,-0.2812,0.0541,1.0000,-0.0751,-0.1018,0.9413,-0.0312,-0.3789,1.0000,-0.4665,0.3983,1.1766,-0.0312,0.4871,1.0000,0.0046,-0.0445,1.1377,0.4688,-0.3789,1.0000,-0.3334,-0.1406,0.7754,-0.5312,-0.3789,1.0000,0.6257,0.4761,0.9727,0.7188,0.0541,1.0000,-0.4888,0.5183,0.8167,-0.5312,0.4871,1.0000
67,0.1933,0.4722,0.9523,0.2188,0.0541,1.0000,-0.6084,-0.2364,1.1746,-0.2812,0.0541,1.0000,-0.0715,-0.1050,0.9437,-0.0312,-0.3789,1.0000,-0.4585,0.4056,1.1779,-0.0312,0.4871,1.0000,0.0176,-0.0443,1.1401,0.4688,-0.3789,1.0000,-0.3371,-0.1445,0.7792,-0.5312,-0.3789,1.0000,0.6301,0.4709,0.9755,0.7188,0.0541,1.0000,-0.4905,0.5158,0.8206,-0.5312,0.4871,1.0000
68,0.1964,0.4662,0.9553,0.2188,0.0541,1.0000,-0.6034,-0.2279,1.1773,-0.2812,0.0541,1.0000,-0.0681,-0.1083,0.9458,-0.0312,-0.3789,1.0000,-0.4506,0.4129,1.1791,-0.0312,0.4871,1.0000,0.0305,-0.0442,1.1421,0.4688,-0.3789,1.0000,-0.3409,-0.1484,0.7830,-0.5312,-0.3789,1.0000,0.6344,0.4657,0.9783,0.7188,0.0541,1.0000,-0.4921,0.5136,0.8243,-0.5312,0.4871,1.0000
69,0.1994,0.4604,0.9583,0.2188,0.0541,1.0000,-0.5986,-0.2196,1.1799,-0.2812,0.0541,1.0000,-0.0650,-0.1115,0.9480,-0.0312,-0.3789,1.0000,-0.4427,0.4202,1.1800,-0.0312,0.4871,1.0000,0.0433,-0.0441,1.1441,0.4688,-0.3789,1.0000,-0.3445,-0.1523,0.7869,-0.5312,-0.3789,1.0000,0.6385,0.4606,0.9812,0.7188,0.0541,1.0000,-0.4938,0.5115,0.8281,-0.5312,0.4871,1.0000
70,0.2025,0.4546,0.9612,0.2188,0.0541,1.0000,-0.5938,-0.2113,1.1821,-0.2812,0.0541,1.0000,-0.0620,-0.1148,0.9501,-0.0312,-0.3789,1.0000,-0.4347,0.4273,1.1805,-0.0312,0.4871,1.0000,0.0559,-0.0439,1.1459,0.4688,-0.3789,1.0000,-0.3480,-0.1562,0.7909,-0.5312,-0.3789,1.0000,0.6426,0.4555,0.9838,0.7188,0.0541,1.0000,-0.4955,0.5096,0.8319,-0.5312,0.4871,1.0000
71,0.2054,0.4488,0.9639,0.2188,0.0541,1.0000,-0.5889,-0.2031,1.1840,-0.2812,0.0541,1.0000,-0.0593,-0.1181,0.9520,-0.0312,-0.3789,1.0000,-0.4268,0.4344,1.1810,-0.0312,0.4871,1.0000,0.0684,-0.0437,1.1475,0.4688,-0.3789,1.0000,-0.3515,-0.1602,0.7947,-0.5312,-0.3789,1.0000,0.6467,0.4504,0.9861,0.7188,0.0541,1.0000,-0.4972,0.5079,0.8356,-0.5312,0.4871,1.0000
72,0.2083,0.4430,0.9666,0.2188,0.0541,1.0000,-0.5840,-0.1951,1.1858,-0.2812,0.0541,1.0000,-0.0568,-0.1214,0.9540,-0.0312,-0.3789,1.0000,-0.4190,0.4413,1.1815,-0.0312,0.4871,1.0000,0.0808,-0.0436,1.1488,0.4688,-0.3789,1.0000,-0.3548,-0.1640,0.7986,-0.5312,-0.3789,1.0000,0.6506,0.4453,0.9885,0.7188,0.0541,1.0000,-0.4989,0.5063,0.8392,-0.5312,0.4871,1.0000
73,0.2112,0.4374,0.9693,0.2188,0.0541,1.0000,-0.5793,-0.1871,1.1876,-0.2812,0.0541,1.0000,-0.0545,-0.1247,0.9560,-0.0312,-0.3789,1.0000,-0.4111,0.4482,1.1816,-0.0312,0.4871,1.0000,0.0929,-0.0435,1.1501,0.4688,-0.3789,1.0000,-0.3580,-0.1679,0.8026,-0.5312,-0.3789,1.0000,0.6545,0.4402,0.9907,0.7188,0.0541,1.0000,-0.5006,0.5048,0.8430,-0.5312,0.4871,1.0000
74,0.2141,0.4317,0.9715,0.2188,0.0541,1.0000,-0.5746,-0.1792,1.1890,-0.2812,0.0541,1.0000,-0.0523,-0.1281,0.9577,-0.0312,-0.3789,1.0000,-0.4032,0.4550,1.1814,-0.0312,0.4871,1.0000,0.1048,-0.0433,1.1513,0.4688,-0.3789,1.0000,-0.3611,-0.1719,0.8065,-0.5312,-0.3789,1.0000,0.6584,0.4352,0.9928,0.7188,0.0541,1.0000,-0.5023,0.5036,0.8467,-0.5312,0.4871,1.0000
75,0.2168,0.4260,0.9735,0.2188,0.0541,1.0000,-0.5698,-0.1713,1.1903,-0.2812,0.0541,1.0000,-0.0502,-0.1314,0.9594,-0.0312,-0.3789,1.0000,-0.3955,0.4617,1.1813,-0.0312,0.4871,1.0000,0.1166,-0.0432,1.1522,0.4688,-0.3789,1.0000,-0.3642,-0.1757,0.8105,-0.5312,-0.3789,1.0000,0.6622,0.4301,0.9948,0.7188,0.0541,1.0000,-0.5041,0.5024,0.8502,-0.5312,0.4871,1.0000
76,0.2195,0.4203,0.9755,0.2188,0.0541,1.0000,-0.5651,-0.1636,1.1916,-0.2812,0.0541,1.0000,-0.0484,-0.1347,0.9612,-0.0312,-0.3789,1.0000,-0.3879,0.4683,1.1813,-0.0312,0.4871,1.0000,0.1282,-0.0433,1.1528,0.4688,-0.3789,1.0000,-0.3670,-0.1795,0.8147,-0.5312,-0.3789,1.0000,0.6659,0.4251,0.9969,0.7188,0.0541,1.0000,-0.5059,0.5014,0.8538,-0.5312,0.4871,1.0000
77,0.2222,0.4147,0.9774,0.2188,0.0541,1.0000,-0.5605,-0.1559,1.1929,-0.2812,0.0541,1.0000,-0.0466,-0.1381,0.9629,-0.0312,-0.3789,1.0000,-0.3802,0.4748,1.1811,-0.0312,0.4871,1.0000,0.1395,-0.0433,1.1535,0.4688,-0.3789,1.0000,-0.3697,-0.1833,0.8187,-0.5312,-0.3789,1.0000,0.6696,0.4202,0.9989,0.7188,0.0541,1.0000,-0.5077,0.5005,0.8574,-0.5312,0.4871,1.0000
78,0.2249,0.4090,0.9791,0.2188,0.0541,1.0000,-0.5558,-0.1483,1.1938,-0.2812,0.0541,1.0000,-0.0450,-0.1414,0.9646,-0.0312,-0.3789,1.0000,-0.3726,0.4812,1.1806,-0.0312,0.4871,1.0000,0.1505,-0.0433,1.1541,0.4688,-0.3789,1.0000,-0.3724,-0.1871,0.8227,-0.5312,-0.3789,1.0000,0.6733,0.4152,1.0007,0.7188,0.0541,1.0000,-0.5095,0.4997,0.8609,-0.5312,0.4871,1.0000
79,0.2274,0.4033,0.9809,0.2188,0.0541,1.0000,-0.5511,-0.1407,1.1946,-0.2812,0.0541,1.0000,-0.0434,-0.1447,0.9664,-0.0312,-0.3789,1.0000,-0.3651,0.4874,1.1803,-0.0312,0.4871,1.0000,0.1613,-0.0435,1.1545,0.4688,-0.3789,1.0000,-0.3749,-0.1908,0.8269,-0.5312,-0.3789,1.0000,0.6768,0.4103,1.0024,0.7188,0.0541,1.0000,-0.5114,0.4989,0.8642,-0.5312,0.4871,1.0000
80,0.2299,0.3978,0.9828,0.2188,0.0541,1.0000,-0.5465,-0.1332,1.1954,-0.2812,0.0541,1.0000,-0.0420,-0.1480,0.9683,-0.0312,-0.3789,1.0000,-0.3578,0.4935,1.1801,-0.0312,0.4871,1.0000,0.1720,-0.0437,1.1546,0.4688,-0.3789,1.0000,-0.3772,-0.1944,0.8312,-0.5312,-0.3789,1.0000,0.6803,0.4054,1.0042,0.7188,0.0541,1.0000,-0.5133,0.4983,0.8674,-0.5312,0.4871,1.0000
81,0.2324,0.3921,0.9843,0.2188,0.0541,1.0000,-0.5420,-0.1258,1.1958,-0.2812,0.0541,1.0000,-0.0407,-0.1513,0.9699,-0.0312,-0.3789,1.0000,-0.3505,0.4995,1.1796,-0.0312,0.4871,1.0000,0.1823,-0.0439,1.1548,0.4688,-0.3789,1.0000,-0.3796,-0.1980,0.8352,-0.5312,-0.3789,1.0000,0.6839,0.4005,1.0057,0.7188,0.0541,1.0000,-0.5151,0.4976,0.8705,-0.5312,0.4871,1.0000
82,0.2349,0.3865,0.9858,0.2188,0.0541,1.0000,-0.5373,-0.1184,1.1961,-0.2812,0.0541,1.0000,-0.0394,-0.1546,0.9714,-0.0312,-0.3789,1.0000,-0.3433,0.5054,1.1790,-0.0312,0.4871,1.0000,0.1923,-0.0441,1.1552,0.4688,-0.3789,1.0000,-0.3817,-0.2014,0.8393,-0.5312,-0.3789,1.0000,0.6873,0.3956,1.0071,0.7188,0.0541,1.0000,-0.5170,0.4970,0.8735,-0.5312,0.4871,1.0000
83,0.2373,0.3809,0.9874,0.2188,0.0541,1.0000,-0.5328,-0.1110,1.1963,-0.2812,0.0541,1.0000,-0.0382,-0.1579,0.9730,-0.0312,-0.3789,1.0000,-0.3363,0.5111,1.1784,-0.0312,0.4871,1.0000,0.2021,-0.0445,1.1552,0.4688,-0.3789,1.0000,-0.3838,-0.2048,0.8433,-0.5312,-0.3789,1.0000,0.6907,0.3908,1.0086,0.7188,0.0541,1.0000,-0.5189,0.4965,0.8764,-0.5312,0.4871,1.0000
84,0.2397,0.3754,0.9890,0.2188,0.0541,1.0000,-0.5283,-0.1037,1.1964,-0.2812,0.0541,1.0000,-0.0370,-0.1612,0.9744,-0.0312,-0.3789,1.0000,-0.3293,0.5167,1.1776,-0.0312,0.4871,1.0000,0.2118,-0.0449,1.1550,0.4688,-0.3789,1.0000,-0.3859,-0.2083,0.8471,-0.5312,-0.3789,1.0000,0.6941,0.3860,1.0102,0.7188,0.0541,1.0000,-0.5206,0.4960,0.8790,-0.5312,0.4871,1.0000
85,0.2420,0.3698,0.9904,0.2188,0.0541,1.0000,-0.5238,-0.0964,1.1962,-0.2812,0.0541,1.0000,-0.0359,-0.1645,0.9757,-0.0312,-0.3789,1.0000,-0.3224,0.5222,1.1766,-0.0312,0.4871,1.0000,0.2211,-0.0454,1.1549,0.4688,-0.3789,1.0000,-0.3878,-0.2116,0.8508,-0.5312,-0.3789,1.0000,0.6974,0.3812,1.0115,0.7188,0.0541,1.0000,-0.5225,0.4956,0.8818,-0.5312,0.4871,1.0000
86,0.2443,0.3644,0.9920,0.2188,0.0541,1.0000,-0.5193,-0.0892,1.1959,-0.2812,0.0541,1.0000,-0.0348,-0.1678,0.9773,-0.0312,-0.3789,1.0000,-0.3158,0.5275,1.1757,-0.0312,0.4871,1.0000,0.2301,-0.0459,1.1548,0.4688,-0.3789,1.0000,-0.3897,-0.2147,0.8548,-0.5312,-0.3789,1.0000,0.7006,0.3764,1.0129,0.7188,0.0541,1.0000,-0.5242,0.4952,0.8847,-0.5312,0.4871,1.0000
87,0.2465,0.3590,0.9936,0.2188,0.0541,1.0000,-0.5149,-0.0820,1.1957,-0.2812,0.0541,1.0000,-0.0338,-0.1711,0.9789,-0.0312,-0.3789,1.0000,-0.3093,0.5327,1.1750,-0.0312,0.4871,1.0000,0.2390,-0.0465,1.1544,0.4688,-0.3789,1.0000,-0.3915,-0.2178,0.8587,-0.5312,-0.3789,1.0000,0.7038,0.3718,1.0143,0.7188,0.0541,1.0000,-0.5258,0.4948,0.8875,-0.5312,0.4871,1.0000
88,0.2487,0.3535,0.9948,0.2188,0.0541,1.0000,-0.5105,-0.0749,1.1954,-0.2812,0.0541,1.0000,-0.0327,-0.1744,0.9803,-0.0312,-0.3789,1.0000,-0.3028,0.5377,1.1741,-0.0312,0.4871,1.0000,0.2476,-0.0472,1.1539,0.4688,-0.3789,1.0000,-0.3932,-0.2209,0.8623,-0.5312,-0.3789,1.0000,0.7071,0.3671,1.0156,0.7188,0.0541,1.0000,-0.5275,0.4944,0.8903,-0.5312,0.4871,1.0000
89,0.2509,0.3481,0.9961,0.2188,0.0541,1.0000,-0.5061,-0.0678,1.1949,-0.2812,0.0541,1.0000,-0.0317,-0.1776,0.9817,-0.0312,-0.3789,1.0000,-0.2964,0.5427,1.1730,-0.0312,0.4871,1.0000,0.2559,-0.0479,1.1535,0.4688,-0.3789,1.0000,-0.3948,-0.2238,0.8662,-0.5312,-0.3789,1.0000,0.7102,0.3625,1.0168,0.7188,0.0541,1.0000,-0.5291,0.4941,0.8932,-0.5312,0.4871,1.0000
90,0.2530,0.3429,0.9974,0.2188,0.0541,1.0000,-0.5018,-0.0607,1.1945,-0.2812,0.0541,1.0000,-0.0307,-0.1808,0.9834,-0.0312,-0.3789,1.0000,-0.2903,0.5474,1.1721,-0.0312,0.4871,1.0000,0.2640,-0.0487,1.1531,0.4688,-0.3789,1.0000,-0.3964,-0.2266,0.8700,-0.5312,-0.3789,1.0000,0.7133,0.3579,1.0180,0.7188,0.0541,1.0000,-0.5305,0.4938,0.8959,-0.5312,0.4871,1.0000
91,0.2551,0.3375,0.9987,0.2188,0.0541,1.0000,-0.4975,-0.0537,1.1942,-0.2812,0.0541,1.0000,-0.0296,-0.1840,0.9848,-0.0312,-0.3789,1.0000,-0.2843,0.5519,1.1712,-0.0312,0.4871,1.0000,0.2720,-0.0495,1.1523,0.4688,-0.3789,1.0000,-0.3980,-0.2294,0.8734,-0.5312,-0.3789,1.0000,0.7164,0.3534,1.0193,0.7188,0.0541,1.0000,-0.5319,0.4935,0.8985,-0.5312,0.4871,1.0000
92,0.2572,0.3323,0.9999,0.2188,0.0541,1.0000,-0.4933,-0.0468,1.1936,-0.2812,0.0541,1.0000,-0.0285,-0.1871,0.9861,-0.0312,-0.3789,1.0000,-0.2783,0.5564,1.1701,-0.0312,0.4871,1.0000,0.2797,-0.0505,1.1514,0.4688,-0.3789,1.0000,-0.3995,-0.2321,0.8768,-0.5312,-0.3789,1.0000,0.7194,0.3488,1.0204,0.7188,0.0541,1.0000,-0.5333,0.4933,0.9012,-0.5312,0.4871,1.0000
93,0.2592,0.3272,1.0013,0.2188,0.0541,1.0000,-0.4890,-0.0398,1.1928,-0.2812,0.0541,1.0000,-0.0275,-0.1902,0.9877,-0.0312,-0.3789,1.0000,-0.2725,0.5607,1.1689,-0.0312,0.4871,1.0000,0.2872,-0.0515,1.1507,0.4688,-0.3789,1.0000,-0.4010,-0.2347,0.8802,-0.5312,-0.3789,1.0000,0.7224,0.3443,1.0214,0.7188,0.0541,1.0000,-0.5346,0.4931,0.9039,-0.5312,0.4871,1.0000
94,0.2611,0.3222,1.0028,0.2188,0.0541,1.0000,-0.4849,-0.0330,1.1922,-0.2812,0.0541,1.0000,-0.0264,-0.1932,0.9891,-0.0312,-0.3789,1.0000,-0.2669,0.5648,1.1680,-0.0312,0.4871,1.0000,0.2945,-0.0526,1.1497,0.4688,-0.3789,1.0000,-0.4025,-0.2373,0.8834,-0.5312,-0.3789,1.0000,0.7254,0.3399,1.0225,0.7188,0.0541,1.0000,-0.5358,0.4928,0.9065,-0.5312,0.4871,1.0000
95,0.2631,0.3172,1.0041,0.2188,0.0541,1.0000,-0.4809,-0.0263,1.1917,-0.2812,0.0541,1.0000,-0.0253,-0.1962,0.9905,-0.0312,-0.3789,1.0000,-0.2614,0.5688,1.1669,-0.0312,0.4871,1.0000,0.3017,-0.0538,1.1486,0.4688,-0.3789,1.0000,-0.4039,-0.2398,0.8864,-0.5312,-0.3789,1.0000,0.7283,0.3355,1.0234,0.7188,0.0541,1.0000,-0.5370,0.4926,0.9090,-0.5312,0.4871,1.0000
96,0.2651,0.3123,1.0054,0.2188,0.0541,1.0000,-0.4768,-0.0195,1.1909,-0.2812,0.0541,1.0000,-0.0242,-0.1992,0.9920,-0.0312,-0.3789,1.0000,-0.2560,0.5727,1.1656,-0.0312,0.4871,1.0000,0.3086,-0.0551,1.1475,0.4688,-0.3789,1.0000,-0.4054,-0.2422,0.8896,-0.5312,-0.3789,1.0000,0.7312,0.3311,1.0243,0.7188,0.0541,1.0000,-0.5381,0.4925,0.9116,-0.5312,0.4871,1.0000
97,0.2670,0.3075,1.0068,0.2188,0.0541,1.0000,-0.4729,-0.0129,1.1900,-0.2812,0.0541,1.0000,-0.0231,-0.2021,0.9936,-0.0312,-0.3789,1.0000,-0.2508,0.5765,1.1645,-0.0312,0.4871,1.0000,0.3154,-0.0564,1.1465,0.4688,-0.3789,1.0000,-0.4069,-0.2446,0.8928,-0.5312,-0.3789,1.0000,0.7340,0.3268,1.0253,0.7188,0.0541,1.0000,-0.5391,0.4923,0.9141,-0.5312,0.4871,1.0000
98,0.2688,0.3028,1.0080,0.2188,0.0541,1.0000,-0.4690,-0.0063,1.1893,-0.2812,0.0541,1.0000,-0.0218,-0.2049,0.9949,-0.0312,-0.3789,1.0000,-0.2456,0.5800,1.1635,-0.0312,0.4871,1.0000,0.3220,-0.0578,1.1453,0.4688,-0.3789,1.0000,-0.4083,-0.2469,0.8957,-0.5312,-0.3789,1.0000,0.7368,0.3226,1.0264,0.7188,0.0541,1.0000,-0.5401,0.4921,0.9164,-0.5312,0.4871,1.0000
99,0.2708,0.2982,1.0092,0.2188,0.0541,1.0000,-0.4652,0.0001,1.1885,-0.2812,0.0541,1.0000,-0.0206,-0.2078,0.9963,-0.0312,-0.3789,1.0000,-0.2406,0.5835,1.1622,-0.0312,0.4871,1.0000,0.3285,-0.0593,1.1441,0.4688,-0.3789,1.0000,-0.4097,-0.2492,0.8986,-0.5312,-0.3789,1.0000,0.7396,0.3183,1.0273,0.7188,0.0541,1.0000,-0.5410,0.4919,0.9187,-0.5312,0.4871,1.0000
100,0.2726,0.2937,1.0105,0.2188,0.0541,1.0000,-0.4614,0.0064,1.1875,-0.2812,0.0541,1.0000,-0.0194,-0.2106,0.9977,-0.0312,-0.3789,1.0000,-0.2356,0.5868,1.1607,-0.0312,0.4871,1.0000,0.3347,-0.0609,1.1431,0.4688,-0.3789,1.0000,-0.4112,-0.2514,0.9016,-0.5312,-0.3789,1.0000,0.7423,0.3142,1.0282,0.7188,0.0541,1.0000,-0.5418,0.4916,0.9210,-0.5312,0.4871,1.0000
101,0.2743,0.2893,1.0118,0.2188,0.0541,1.0000,-0.4577,0.0128,1.1864,-0.2812,0.0541,1.0000,-0.0181,-0.2134,0.9988,-0.0312,-0.3789,1.0000,-0.2308,0.5899,1.1594,-0.0312,0.4871,1.0000,0.3409,-0.0624,1.1418,0.4688,-0.3789,1.0000,-0.4126,-0.2537,0.9043,-0.5312,-0.3789,1.0000,0.7450,0.3101,1.0292,0.7188,0.0541,1.0000,-0.5427,0.4913,0.9232,-0.5312,0.4871,1.0000
102,0.2762,0.2849,1.0128,0.2188,0.0541,1.0000,-0.4541,0.0189,1.1856,-0.2812,0.0541,1.0000,-0.0168,-0.2161,0.9999,-0.0312,-0.3789,1.0000,-0.2261,0.5929,1.1581,-0.0312,0.4871,1.0000,0.3469,-0.0641,1.1405,0.4688,-0.3789,1.0000,-0.4139,-0.2559,0.9068,-0.5312,-0.3789,1.0000,0.7477,0.3059,1.0298,0.7188,0.0541,1.0000,-0.5434,0.4910,0.9253,-0.5312,0.4871,1.0000
103,0.2779,0.2807,1.0140,0.2188,0.0541,1.0000,-0.4505,0.0249,1.1847,-0.2812,0.0541,1.0000,-0.0156,-0.2189,1.0010,-0.0312,-0.3789,1.0000,-0.2215,0.5958,1.1566,-0.0312,0.4871,1.0000,0.3527,-0.0659,1.1392,0.4688,-0.3789,1.0000,-0.4154,-0.2580,0.9096,-0.5312,-0.3789,1.0000,0.7503,0.3019,1.0304,0.7188,0.0541,1.0000,-0.5441,0.4907,0.9273,-0.5312,0.4871,1.0000
104,0.2796,0.2765,1.0153,0.2188,0.0541,1.0000,-0.4470,0.0309,1.1836,-0.2812,0.0541,1.0000,-0.0142,-0.2215,1.0021,-0.0312,-0.3789,1.0000,-0.2169,0.5986,1.1552,-0.0312,0.4871,1.0000,0.3584,-0.0677,1.1379,0.4688,-0.3789,1.0000,-0.4168,-0.2601,0.9122,-0.5312,-0.3789,1.0000,0.7528,0.2979,1.0312,0.7188,0.0541,1.0000,-0.5447,0.4903,0.9294,-0.5312,0.4871,1.0000
105,0.2814,0.2723,1.0163,0.2188,0.0541,1.0000,-0.4436,0.0367,1.1826,-0.2812,0.0541,1.0000,-0.0129,-0.2242,1.0031,-0.0312,-0.3789,1.0000,-0.2125,0.6012,1.1540,-0.0312,0.4871,1.0000,0.3640,-0.0696,1.1364,0.4688,-0.3789,1.0000,-0.4181,-0.2622,0.9147,-0.5312,-0.3789,1.0000,0.7553,0.2939,1.0320,0.7188,0.0541,1.0000,-0.5453,0.4898,0.9314,-0.5312,0.4871,1.0000
106,0.2831,0.2683,1.0173,0.2188,0.0541,1.0000,-0.4403,0.0423,1.1816,-0.2812,0.0541,1.0000,-0.0116,-0.2269,1.0043,-0.0312,-0.3789,1.0000,-0.2082,0.6038,1.1526,-0.0312,0.4871,1.0000,0.3695,-0.0716,1.1349,0.4688,-0.3789,1.0000,-0.4195,-0.2642,0.9175,-0.5312,-0.3789,1.0000,0.7578,0.2899,1.0326,0.7188,0.0541,1.0000,-0.5457,0.4893,0.9334,-0.5312,0.4871,1.0000
107,0.2847,0.2643,1.0184,0.2188,0.0541,1.0000,-0.4370,0.0479,1.1804,-0.2812,0.0541,1.0000,-0.0102,-0.2295,1.0054,-0.0312,-0.3789,1.0000,-0.2039,0.6062,1.1511,-0.0312,0.4871,1.0000,0.3748,-0.0737,1.1336,0.4688,-0.3789,1.0000,-0.4208,-0.2662,0.9202,-0.5312,-0.3789,1.0000,0.7602,0.2860,1.0333,0.7188,0.0541,1.0000,-0.5462,0.4888,0.9353,-0.5312,0.4871,1.0000
108,0.2863,0.2604,1.0193,0.2188,0.0541,1.0000,-0.4338,0.0534,1.1790,-0.2812,0.0541,1.0000,-0.0088,-0.2321,1.0065,-0.0312,-0.3789,1.0000,-0.1998,0.6085,1.1497,-0.0312,0.4871,1.0000,0.3800,-0.0758,1.1322,0.4688,-0.3789,1.0000,-0.4221,-0.2682,0.9227,-0.5312,-0.3789,1.0000,0.7625,0.2822,1.0342,0.7188,0.0541,1.0000,-0.5465,0.4882,0.9372,-0.5312,0.4871,1.0000
109,0.2879,0.2566,1.0201,0.2188,0.0541,1.0000,-0.4307,0.0586,1.1778,-0.2812,0.0541,1.0000,-0.0075,-0.2347,1.0076,-0.0312,-0.3789,1.0000,-0.1957,0.6108,1.1481,-0.0312,0.4871,1.0000,0.3852,-0.0779,1.1309,0.4688,-0.3789,1.0000,-0.4234,-0.2702,0.9252,-0.5312,-0.3789,1.0000,0.7649,0.2783,1.0348,0.7188,0.0541,1.0000,-0.5467,0.4876,0.9390,-0.5312,0.4871,1.0000
110,0.2894,0.2528,1.0212,0.2188,0.0541,1.0000,-0.4276,0.0638,1.1764,-0.2812,0.0541,1.0000,-0.0061,-0.2373,1.0087,-0.0312,-0.3789,1.0000,-0.1917,0.6129,1.1465,-0.0312,0.4871,1.0000,0.3902,-0.0802,1.1297,0.4688,-0.3789,1.0000,-0.4246,-0.2721,0.9278,-0.5312,-0.3789,1.0000,0.7673,0.2746,1.0354,0.7188,0.0541,1.0000,-0.5469,0.4870,0.9408,-0.5312,0.4871,1.0000
111,0.2909,0.2491,1.0221,0.2188,0.0541,1.0000,-0.4246,0.0689,1.1749,-0.2812,0.0541,1.0000,-0.0046,-0.2398,1.0097,-0.0312,-0.3789,1.0000,-0.1878,0.6149,1.1449,-0.0312,0.4871,1.0000,0.3951,-0.0823,1.1285,0.4688,-0.3789,1.0000,-0.4257,-0.2741,0.9302,-0.5312,-0.3789,1.0000,0.7695,0.2709,1.0361,0.7188,0.0541,1.0000,-0.5470,0.4863,0.9428,-0.5312,0.4871,1.0000
112,0.2925,0.2455,1.0229,0.2188,0.0541,1.0000,-0.4216,0.0737,1.1736,-0.2812,0.0541,1.0000,-0.0031,-0.2423,1.0107,-0.0312,-0.3789,1.0000,-0.1840,0.6168,1.1433,-0.0312,0.4871,1.0000,0.3999,-0.0846,1.1271,0.4688,-0.3789,1.0000,-0.4269,-0.2761,0.9326,-0.5312,-0.3789,1.0000,0.7717,0.2673,1.0367,0.7188,0.0541,1.0000,-0.5470,0.4857,0.9446,-0.5312,0.4871,1.0000
113,0.2940,0.2420,1.0238,0.2188,0.0541,1.0000,-0.4187,0.0784,1.1724,-0.2812,0.0541,1.0000,-0.0017,-0.2448,1.0119,-0.0312,-0.3789,1.0000,-0.1802,0.6187,1.1416,-0.0312,0.4871,1.0000,0.4046,-0.0869,1.1258,0.4688,-0.3789,1.0000,-0.4281,-0.2780,0.9351,-0.5312,-0.3789,1.0000,0.7739,0.2637,1.0371,0.7188,0.0541,1.0000,-0.5470,0.4850,0.9464,-0.5312,0.4871,1.0000
114,0.2954,0.2385,1.0248,0.2188,0.0541,1.0000,-0.4160,0.0831,1.1710,-0.2812,0.0541,1.0000,-0.0002,-0.2471,1.0129,-0.0312,-0.3789,1.0000,-0.1765,0.6204,1.1400,-0.0312,0.4871,1.0000,0.4092,-0.0892,1.1245,0.4688,-0.3789,1.0000,-0.4291,-0.2799,0.9374,-0.5312,-0.3789,1.0000,0.7760,0.2602,1.0377,0.7188,0.0541,1.0000,-0.5470,0.4843,0.9484,-0.5312,0.4871,1.0000
115,0.2969,0.2351,1.0257,0.2188,0.0541,1.0000,-0.4132,0.0876,1.1696,-0.2812,0.0541,1.0000,0.0013,-0.2495,1.0138,-0.0312,-0.3789,1.0000,-0.1728,0.6221,1.1385,-0.0312,0.4871,1.0000,0.4138,-0.0915,1.1232,0.4688,-0.3789,1.0000,-0.4301,-0.2818,0.9397,-0.5312,-0.3789,1.0000,0.7780,0.2566,1.0383,0.7188,0.0541,1.0000,-0.5468,0.4837,0.9503,-0.5312,0.4871,1.0000
116,0.2983,0.2317,1.0265,0.2188,0.0541,1.0000,-0.4105,0.0918,1.1682,-0.2812,0.0541,1.0000,0.0027,-0.2519,1.0148,-0.0312,-0.3789,1.0000,-0.1692,0.6238,1.1369,-0.0312,0.4871,1.0000,0.4183,-0.0940,1.1218,0.4688,-0.3789,1.0000,-0.4312,-0.2837,0.9419,-0.5312,-0.3789,1.0000,0.7800,0.2531,1.0386,0.7188,0.0541,1.0000,-0.5466,0.4830,0.9521,-0.5312,0.4871,1.0000
117,0.2997,0.2284,1.0273,0.2188,0.0541,1.0000,-0.4079,0.0961,1.1667,-0.2812,0.0541,1.0000,0.0041,-0.2541,1.0158,-0.0312,-0.3789,1.0000,-0.1656,0.6253,1.1353,-0.0312,0.4871,1.0000,0.4226,-0.0964,1.1206,0.4688,-0.3789,1.0000,-0.4322,-0.2856,0.9441,-0.5312,-0.3789,1.0000,0.7820,0.2497,1.0390,0.7188,0.0541,1.0000,-0.5464,0.4824,0.9539,-0.5312,0.4871,1.0000
118,0.3011,0.2251,1.0280,0.2188,0.0541,1.0000,-0.4053,0.1001,1.1651,-0.2812,0.0541,1.0000,0.0056,-0.2563,1.0167,-0.0312,-0.3789,1.0000,-0.1621,0.6267,1.1339,-0.0312,0.4871,1.0000,0.4269,-0.0987,1.1194,0.4688,-0.3789,1.0000,-0.4332,-0.2875,0.9461,-0.5312,-0.3789,1.0000,0.7838,0.2462,1.0395,0.7188,0.0541,1.0000,-0.5460,0.4819,0.9557,-0.5312,0.4871,1.0000
119,0.3024,0.2219,1.0286,0.2188,0.0541,1.0000,-0.4027,0.1040,1.1635,-0.2812,0.0541,1.0000,0.0070,-0.2586,1.0175,-0.0312,-0.3789,1.0000,-0.1587,0.6282,1.1324,-0.0312,0.4871,1.0000,0.4312,-0.1011,1.1182,0.4688,-0.3789,1.0000,-0.4342,-0.2893,0.9482,-0.5312,-0.3789,1.0000,0.7857,0.2428,1.0398,0.7188,0.0541,1.0000,-0.5457,0.4812,0.9575,-0.5312,0.4871,1.0000
120,0.3037,0.2187,1.0292,0.2188,0.0541,1.0000,-0.4002,0.1077,1.1620,-0.2812,0.0541,1.0000,0.0084,-0.2607,1.0184,-0.0312,-0.3789,1.0000,-0.1553,0.6296,1.1309,-0.0312,0.4871,1.0000,0.4353,-0.1036,1.1171,0.4688,-0.3789,1.0000,-0.4352,-0.2912,0.9503,-0.5312,-0.3789,1.0000,0.7875,0.2394,1.0400,0.7188,0.0541,1.0000,-0.5453,0.4807,0.9592,-0.5312,0.4871,1.0000
121,0.3050,0.2156,1.0299,0.2188,0.0541,1.0000,-0.3978,0.1114,1.1603,-0.2812,0.0541,1.0000,0.0098,-0.2628,1.0191,-0.0312,-0.3789,1.0000,-0.1520,0.6308,1.1294,-0.0312,0.4871,1.0000,0.4393,-0.1059,1.1160,0.4688,-0.3789,1.0000,-0.4361,-0.2931,0.9522,-0.5312,-0.3789,1.0000,0.7892,0.2361,1.0403,0.7188,0.0541,1.0000,-0.5449,0.4802,0.9609,-0.5312,0.4871,1.0000
122,0.3062,0.2126,1.0303,0.2188,0.0541,1.0000,-0.3953,0.1148,1.1587,-0.2812,0.0541,1.0000,0.0112,-0.2650,1.0197,-0.0312,-0.3789,1.0000,-0.1487,0.6320,1.1279,-0.0312,0.4871,1.0000,0.4433,-0.1083,1.1148,0.4688,-0.3789,1.0000,-0.4371,-0.2951,0.9541,-0.5312,-0.3789,1.0000,0.7909,0.2328,1.0405,0.7188,0.0541,1.0000,-0.5444,0.4796,0.9625,-0.5312,0.4871,1.0000
123,0.3074,0.2095,1.0309,0.2188,0.0541,1.0000,-0.3929,0.1181,1.1571,-0.2812,0.0541,1.0000,0.0126,-0.2671,1.0204,-0.0312,-0.3789,1.0000,-0.1455,0.6332,1.1263,-0.0312,0.4871,1.0000,0.4472,-0.1107,1.1136,0.4688,-0.3789,1.0000,-0.4380,-0.2970,0.9560,-0.5312,-0.3789,1.0000,0.7925,0.2295,1.0407,0.7188,0.0541,1.0000,-0.5440,0.4790,0.9640,-0.5312,0.4871,1.0000
124,0.3085,0.2065,1.0314,0.2188,0.0541,1.0000,-0.3906,0.1214,1.1555,-0.2812,0.0541,1.0000,0.0139,-0.2692,1.0211,-0.0312,-0.3789,1.0000,-0.1422,0.6343,1.1247,-0.0312,0.4871,1.0000,0.4510,-0.1130,1.1125,0.4688,-0.3789,1.0000,-0.4389,-0.2990,0.9577,-0.5312,-0.3789,1.0000,0.7941,0.2263,1.0410,0.7188,0.0541,1.0000,-0.5434,0.4785,0.9655,-0.5312,0.4871,1.0000
125,0.3096,0.2035,1.0317,0.2188,0.0541,1.0000,-0.3882,0.1246,1.1538,-0.2812,0.0541,1.0000,0.0153,-0.2714,1.0216,-0.0312,-0.3789,1.0000,-0.1391,0.6353,1.1231,-0.0312,0.4871,1.0000,0.4548,-0.1154,1.1113,0.4688,-0.3789,1.0000,-0.4399,-0.3010,0.9595,-0.5312,-0.3789,1.0000,0.7956,0.2231,1.0413,0.7188,0.0541,1.0000,-0.5429,0.4779,0.9669,-0.5312,0.4871,1.0000
126,0.3106,0.2005,1.0320,0.2188,0.0541,1.0000,-0.3859,0.1275,1.1523,-0.2812,0.0541,1.0000,0.0165,-0.2735,1.0222,-0.0312,-0.3789,1.0000,-0.1359,0.6364,1.1215,-0.0312,0.4871,1.0000,0.4586,-0.1178,1.1101,0.4688,-0.3789,1.0000,-0.4408,-0.3030,0.9613,-0.5312,-0.3789,1.0000,0.7971,0.2199,1.0415,0.7188,0.0541,1.0000,-0.5424,0.4773,0.9683,-0.5312,0.4871,1.0000
127,0.3116,0.1975,1.0323,0.2188,0.0541,1.0000,-0.3837,0.1304,1.1508,-0.2812,0.0541,1.0000,0.0178,-0.2755,1.0229,-0.0312,-0.3789,1.0000,-0.1328,0.6373,1.1199,-0.0312,0.4871,1.0000,0.4622,-0.1202,1.1090,0.4688,-0.3789,1.0000,-0.4416,-0.3050,0.9631,-0.5312,-0.3789,1.0000,0.7986,0.2168,1.0418,0.7188,0.0541,1.0000,-0.5418,0.4768,0.9697,-0.5312,0.4871,1.0000
128,0.3127,0.1945,1.0325,0.2188,0.0541,1.0000,-0.3815,0.1332,1.1491,-0.2812,0.0541,1.0000,0.0191,-0.2776,1.0234,-0.0312,-0.3789,1.0000,-0.1297,0.6381,1.1184,-0.0312,0.4871,1.0000,0.4658,-0.1225,1.1079,0.4688,-0.3789,1.0000,-0.4425,-0.3070,0.9648,-0.5312,-0.3789,1.0000,0.7999,0.2137,1.0421,0.7188,0.0541,1.0000,-0.5412,0.4762,0.9711,-0.5312,0.4871,1.0000
129,0.3136,0.1915,1.0327,0.2188,0.0541,1.0000,-0.3793,0.1358,1.1475,-0.2812,0.0541,1.0000,0.0203,-0.2796,1.0239,-0.0312,-0.3789,1.0000,-0.1266,0.6390,1.1169,-0.0312,0.4871,1.0000,0.4693,-0.1249,1.1067,0.4688,-0.3789,1.0000,-0.4434,-0.3090,0.9666,-0.5312,-0.3789,1.0000,0.8014,0.2107,1.0424,0.7188,0.0541,1.0000,-0.5406,0.4755,0.9723,-0.5312,0.4871,1.0000
130,0.3144,0.1885,1.0330,0.2188,0.0541,1.0000,-0.3772,0.1384,1.1459,-0.2812,0.0541,1.0000,0.0215,-0.2816,1.0245,-0.0312,-0.3789,1.0000,-0.1236,0.6398,1.1154,-0.0312,0.4871,1.0000,0.4727,-0.1272,1.1056,0.4688,-0.3789,1.0000,-0.4441,-0.3110,0.9685,-0.5312,-0.3789,1.0000,0.8028,0.2077,1.0426,0.7188,0.0541,1.0000,-0.5400,0.4749,0.9736,-0.5312,0.4871,1.0000
131,0.3153,0.1856,1.0333,0.2188,0.0541,1.0000,-0.3751,0.1408,1.1442,-0.2812,0.0541,1.0000,0.0227,-0.2836,1.0250,-0.0312,-0.3789,1.0000,-0.1206,0.6405,1.1140,-0.0312,0.4871,1.0000,0.4760,-0.1295,1.1046,0.4688,-0.3789,1.0000,-0.4449,-0.3131,0.9702,-0.5312,-0.3789,1.0000,0.8041,0.2048,1.0429,0.7188,0.0541,1.0000,-0.5394,0.4743,0.9749,-0.5312,0.4871,1.0000
132,0.3161,0.1827,1.0335,0.2188,0.0541,1.0000,-0.3730,0.1432,1.1424,-0.2812,0.0541,1.0000,0.0238,-0.2856,1.0255,-0.0312,-0.3789,1.0000,-0.1177,0.6413,1.1127,-0.0312,0.4871,1.0000,0.4794,-0.1318,1.1034,0.4688,-0.3789,1.0000,-0.4456,-0.3151,0.9719,-0.5312,-0.3789,1.0000,0.8054,0.2019,1.0431,0.7188,0.0541,1.0000,-0.5389,0.4736,0.9762,-0.5312,0.4871,1.0000
133,0.3169,0.1798,1.0338,0.2188,0.0541,1.0000,-0.3709,0.1454,1.1408,-0.2812,0.0541,1.0000,0.0250,-0.2875,1.0262,-0.0312,-0.3789,1.0000,-0.1148,0.6420,1.1112,-0.0312,0.4871,1.0000,0.4826,-0.1342,1.1022,0.4688,-0.3789,1.0000,-0.4462,-0.3170,0.9737,-0.5312,-0.3789,1.0000,0.8067,0.1991,1.0432,0.7188,0.0541,1.0000,-0.5383,0.4730,0.9774,-0.5312,0.4871,1.0000
134,0.3176,0.1770,1.0341,0.2188,0.0541,1.0000,-0.3689,0.1476,1.1391,-0.2812,0.0541,1.0000,0.0261,-0.2894,1.0268,-0.0312,-0.3789,1.0000,-0.1120,0.6426,1.1098,-0.0312,0.4871,1.0000,0.4858,-0.1364,1.1012,0.4688,-0.3789,1.0000,-0.4469,-0.3191,0.9753,-0.5312,-0.3789,1.0000,0.8079,0.1963,1.0434,0.7188,0.0541,1.0000,-0.5377,0.4724,0.9787,-0.5312,0.4871,1.0000
135,0.3184,0.1742,1.0343,0.2188,0.0541,1.0000,-0.3668,0.1497,1.1374,-0.2812,0.0541,1.0000,0.0272,-0.2914,1.0273,-0.0312,-0.3789,1.0000,-0.1092,0.6432,1.1084,-0.0312,0.4871,1.0000,0.4889,-0.1387,1.1002,0.4688,-0.3789,1.0000,-0.4475,-0.3211,0.9769,-0.5312,-0.3789,1.0000,0.8090,0.1936,1.0435,0.7188,0.0541,1.0000,-0.5371,0.4717,0.9799,-0.5312,0.4871,1.0000
136,0.3191,0.1713,1.0345,0.2188,0.0541,1.0000,-0.3647,0.1516,1.1358,-0.2812,0.0541,1.0000,0.0282,-0.2932,1.0279,-0.0312,-0.3789,1.0000,-0.1064,0.6437,1.1070,-0.0312,0.4871,1.0000,0.4920,-0.1410,1.0991,0.4688,-0.3789,1.0000,-0.4480,-0.3231,0.9785,-0.5312,-0.3789,1.0000,0.8102,0.1908,1.0435,0.7188,0.0541,1.0000,-0.5365,0.4711,0.9810,-0.5312,0.4871,1.0000
137,0.3198,0.1686,1.0348,0.2188,0.0541,1.0000,-0.3628,0.1535,1.1342,-0.2812,0.0541,1.0000,0.0293,-0.2950,1.0285,-0.0312,-0.3789,1.0000,-0.1036,0.6442,1.1055,-0.0312,0.4871,1.0000,0.4950,-0.1433,1.0981,0.4688,-0.3789,1.0000,-0.4485,-0.3251,0.9801,-0.5312,-0.3789,1.0000,0.8112,0.1881,1.0436,0.7188,0.0541,1.0000,-0.5359,0.4705,0.9823,-0.5312,0.4871,1.0000
138,0.3205,0.1659,1.0350,0.2188,0.0541,1.0000,-0.3607,0.1554,1.1326,-0.2812,0.0541,1.0000,0.0303,-0.2969,1.0289,-0.0312,-0.3789,1.0000,-0.1009,0.6447,1.1041,-0.0312,0.4871,1.0000,0.4978,-0.1456,1.0971,0.4688,-0.3789,1.0000,-0.4491,-0.3271,0.9816,-0.5312,-0.3789,1.0000,0.8122,0.1855,1.0436,0.7188,0.0541,1.0000,-0.5352,0.4699,0.9834,-0.5312,0.4871,1.0000
139,0.3211,0.1631,1.0352,0.2188,0.0541,1.0000,-0.3588,0.1571,1.1311,-0.2812,0.0541,1.0000,0.0313,-0.2988,1.0291,-0.0312,-0.3789,1.0000,-0.0983,0.6451,1.1028,-0.0312,0.4871,1.0000,0.5007,-0.1479,1.0959,0.4688,-0.3789,1.0000,-0.4496,-0.3290,0.9831,-0.5312,-0.3789,1.0000,0.8133,0.1828,1.0435,0.7188,0.0541,1.0000,-0.5346,0.4692,0.9845,-0.5312,0.4871,1.0000
140,0.3217,0.1605,1.0354,0.2188,0.0541,1.0000,-0.3569,0.1588,1.1296,-0.2812,0.0541,1.0000,0.0322,-0.3006,1.0295,-0.0312,-0.3789,1.0000,-0.0955,0.6455,1.1013,-0.0312,0.4871,1.0000,0.5036,-0.1502,1.0946,0.4688,-0.3789,1.0000,-0.4501,-0.3310,0.9846,-0.5312,-0.3789,1.0000,0.8142,0.1801,1.0434,0.7188,0.0541,1.0000,-0.5339,0.4687,0.9858,-0.5312,0.4871,1.0000
141,0.3223,0.1578,1.0357,0.2188,0.0541,1.0000,-0.3550,0.1604,1.1280,-0.2812,0.0541,1.0000,0.0331,-0.3024,1.0299,-0.0312,-0.3789,1.0000,-0.0929,0.6458,1.1000,-0.0312,0.4871,1.0000,0.5063,-0.1524,1.0936,0.4688,-0.3789,1.0000,-0.4506,-0.3330,0.9859,-0.5312,-0.3789,1.0000,0.8151,0.1775,1.0433,0.7188,0.0541,1.0000,-0.5332,0.4682,0.9871,-0.5312,0.4871,1.0000
142,0.3228,0.1551,1.0357,0.2188,0.0541,1.0000,-0.3530,0.1619,1.1264,-0.2812,0.0541,1.0000,0.0340,-0.3043,1.0301,-0.0312,-0.3789,1.0000,-0.0904,0.6461,1.0988,-0.0312,0.4871,1.0000,0.5089,-0.1547,1.0927,0.4688,-0.3789,1.0000,-0.4511,-0.3350,0.9871,-0.5312,-0.3789,1.0000,0.8160,0.1749,1.0432,0.7188,0.0541,1.0000,-0.5326,0.4676,0.9881,-0.5312,0.4871,1.0000
143,0.3233,0.1524,1.0356,0.2188,0.0541,1.0000,-0.3512,0.1634,1.1248,-0.2812,0.0541,1.0000,0.0348,-0.3060,1.0305,-0.0312,-0.3789,1.0000,-0.0878,0.6464,1.0974,-0.0312,0.4871,1.0000,0.5116,-0.1570,1.0916,0.4688,-0.3789,1.0000,-0.4516,-0.3369,0.9885,-0.5312,-0.3789,1.0000,0.8168,0.1722,1.0431,0.7188,0.0541,1.0000,-0.5319,0.4671,0.9893,-0.5312,0.4871,1.0000
144,0.3238,0.1499,1.0358,0.2188,0.0541,1.0000,-0.3493,0.1649,1.1232,-0.2812,0.0541,1.0000,0.0355,-0.3078,1.0310,-0.0312,-0.3789,1.0000,-0.0853,0.6466,1.0962,-0.0312,0.4871,1.0000,0.5141,-0.1592,1.0907,0.4688,-0.3789,1.0000,-0.4521,-0.3389,0.9897,-0.5312,-0.3789,1.0000,0.8176,0.1696,1.0432,0.7188,0.0541,1.0000,-0.5312,0.4665,0.9905,-0.5312,0.4871,1.0000
145,0.3242,0.1472,1.0359,0.2188,0.0541,1.0000,-0.3474,0.1662,1.1216,-0.2812,0.0541,1.0000,0.0364,-0.3097,1.0313,-0.0312,-0.3789,1.0000,-0.0829,0.6468,1.0950,-0.0312,0.4871,1.0000,0.5166,-0.1614,1.0899,0.4688,-0.3789,1.0000,-0.4526,-0.3409,0.9908,-0.5312,-0.3789,1.0000,0.8185,0.1670,1.0431,0.7188,0.0541,1.0000,-0.5305,0.4659,0.9914,-0.5312,0.4871,1.0000
146,0.3247,0.1446,1.0359,0.2188,0.0541,1.0000,-0.3456,0.1675,1.1201,-0.2812,0.0541,1.0000,0.0372,-0.3114,1.0315,-0.0312,-0.3789,1.0000,-0.0804,0.6469,1.0937,-0.0312,0.4871,1.0000,0.5190,-0.1637,1.0889,0.4688,-0.3789,1.0000,-0.4530,-0.3428,0.9921,-0.5312,-0.3789,1.0000,0.8193,0.1644,1.0430,0.7188,0.0541,1.0000,-0.5298,0.4654,0.9922,-0.5312,0.4871,1.0000
147,0.3251,0.1421,1.0361,0.2188,0.0541,1.0000,-0.3437,0.1688,1.1186,-0.2812,0.0541,1.0000,0.0378,-0.3131,1.0320,-0.0312,-0.3789,1.0000,-0.0780,0.6470,1.0924,-0.0312,0.4871,1.0000,0.5214,-0.1659,1.0877,0.4688,-0.3789,1.0000,-0.4535,-0.3448,0.9935,-0.5312,-0.3789,1.0000,0.8200,0.1619,1.0431,0.7188,0.0541,1.0000,-0.5292,0.4649,0.9933,-0.5312,0.4871,1.0000
148,0.3254,0.1397,1.0364,0.2188,0.0541,1.0000,-0.3418,0.1700,1.1170,-0.2812,0.0541,1.0000,0.0386,-0.3149,1.0322,-0.0312,-0.3789,1.0000,-0.0757,0.6472,1.0913,-0.0312,0.4871,1.0000,0.5237,-0.1681,1.0867,0.4688,-0.3789,1.0000,-0.4539,-0.3467,0.9946,-0.5312,-0.3789,1.0000,0.8208,0.1594,1.0432,0.7188,0.0541,1.0000,-0.5285,0.4643,0.9941,-0.5312,0.4871,1.0000
149,0.3258,0.1371,1.0365,0.2188,0.0541,1.0000,-0.3400,0.1712,1.1155,-0.2812,0.0541,1.0000,0.0394,-0.3165,1.0324,-0.0312,-0.3789,1.0000,-0.0734,0.6472,1.0902,-0.0312,0.4871,1.0000,0.5259,-0.1704,1.0857,0.4688,-0.3789,1.0000,-0.4543,-0.3486,0.9960,-0.5312,-0.3789,1.0000,0.8215,0.1569,1.0431,0.7188,0.0541,1.0000,-0.5279,0.4637,0.9948,-0.5312,0.4871,1.0000
150,0.3262,0.1347,1.0366,0.2188,0.0541,1.0000,-0.3382,0.1723,1.1141,-0.2812,0.0541,1.0000,0.0400,-0.3182,1.0328,-0.0312,-0.3789,1.0000,-0.0711,0.6473,1.0890,-0.0312,0.4871,1.0000,0.5282,-0.1727,1.0846,0.4688,-0.3789,1.0000,-0.4547,-0.3504,0.9973,-0.5312,-0.3789,1.0000,0.8222,0.1545,1.0432,0.7188,0.0541,1.0000,-0.5273,0.4631,0.9958,-0.5312,0.4871,1.0000
151,0.3265,0.1324,1.0369,0.2188,0.0541,1.0000,-0.3364,0.1733,1.1126,-0.2812,0.0541,1.0000,0.0406,-0.3198,1.0332,-0.0312,-0.3789,1.0000,-0.0689,0.6472,1.0878,-0.0312,0.4871,1.0000,0.5303,-0.1749,1.0837,0.4688,-0.3789,1.0000,-0.4551,-0.3524,0.9983,-0.5312,-0.3789,1.0000,0.8229,0.1522,1.0433,0.7188,0.0541,1.0000,-0.5268,0.4626,0.9967,-0.5312,0.4871,1.0000
152,0.3269,0.1299,1.0369,0.2188,0.0541,1.0000,-0.3345,0.1743,1.1110,-0.2812,0.0541,1.0000,0.0414,-0.3214,1.0335,-0.0312,-0.3789,1.0000,-0.0667,0.6472,1.0867,-0.0312,0.4871,1.0000,0.5323,-0.1772,1.0829,0.4688,-0.3789,1.0000,-0.4554,-0.3543,0.9994,-0.5312,-0.3789,1.0000,0.8235,0.1498,1.0432,0.7188,0.0541,1.0000,-0.5261,0.4619,0.9974,-0.5312,0.4871,1.0000
153,0.3272,0.1276,1.0369,0.2188,0.0541,1.0000,-0.3328,0.1753,1.1096,-0.2812,0.0541,1.0000,0.0420,-0.3229,1.0339,-0.0312,-0.3789,1.0000,-0.0645,0.6471,1.0853,-0.0312,0.4871,1.0000,0.5344,-0.1795,1.0818,0.4688,-0.3789,1.0000,-0.4558,-0.3560,1.0007,-0.5312,-0.3789,1.0000,0.8241,0.1475,1.0431,0.7188,0.0541,1.0000,-0.5256,0.4613,0.9982,-0.5312,0.4871,1.0000
154,0.3275,0.1253,1.0370,0.2188,0.0541,1.0000,-0.3311,0.1763,1.1081,-0.2812,0.0541,1.0000,0.0426,-0.3245,1.0344,-0.0312,-0.3789,1.0000,-0.0624,0.6470,1.0839,-0.0312,0.4871,1.0000,0.5364,-0.1817,1.0808,0.4688,-0.3789,1.0000,-0.4562,-0.3579,1.0017,-0.5312,-0.3789,1.0000,0.8247,0.1453,1.0431,0.7188,0.0541,1.0000,-0.5251,0.4607,0.9990,-0.5312,0.4871,1.0000
155,0.3277,0.1230,1.0371,0.2188,0.0541,1.0000,-0.3293,0.1772,1.1067,-0.2812,0.0541,1.0000,0.0433,-0.3260,1.0347,-0.0312,-0.3789,1.0000,-0.0603,0.6468,1.0828,-0.0312,0.4871,1.0000,0.5383,-0.1840,1.0800,0.4688,-0.3789,1.0000,-0.4565,-0.3597,1.0025,-0.5312,-0.3789,1.0000,0.8253,0.1430,1.0430,0.7188,0.0541,1.0000,-0.5245,0.4601,0.9996,-0.5312,0.4871,1.0000
156,0.3280,0.1207,1.0370,0.2188,0.0541,1.0000,-0.3276,0.1781,1.1054,-0.2812,0.0541,1.0000,0.0439,-0.3275,1.0349,-0.0312,-0.3789,1.0000,-0.0583,0.6466,1.0818,-0.0312,0.4871,1.0000,0.5402,-0.1862,1.0791,0.4688,-0.3789,1.0000,-0.4569,-0.3614,1.0036,-0.5312,-0.3789,1.0000,0.8258,0.1407,1.0428,0.7188,0.0541,1.0000,-0.5239,0.4594,1.0002,-0.5312,0.4871,1.0000
157,0.3281,0.1185,1.0371,0.2188,0.0541,1.0000,-0.3260,0.1789,1.1042,-0.2812,0.0541,1.0000,0.0445,-0.3290,1.0353,-0.0312,-0.3789,1.0000,-0.0562,0.6464,1.0806,-0.0312,0.4871,1.0000,0.5420,-0.1884,1.0781,0.4688,-0.3789,1.0000,-0.4574,-0.3631,1.0045,-0.5312,-0.3789,1.0000,0.8263,0.1385,1.0427,0.7188,0.0541,1.0000,-0.5235,0.4588,1.0011,-0.5312,0.4871,1.0000
158,0.3282,0.1163,1.0372,0.2188,0.0541,1.0000,-0.3243,0.1797,1.1027,-0.2812,0.0541,1.0000,0.0451,-0.3304,1.0354,-0.0312,-0.3789,1.0000,-0.0543,0.6462,1.0796,-0.0312,0.4871,1.0000,0.5437,-0.1906,1.0774,0.4688,-0.3789,1.0000,-0.4578,-0.3649,1.0053,-0.5312,-0.3789,1.0000,0.8269,0.1363,1.0426,0.7188,0.0541,1.0000,-0.5229,0.4582,1.0017,-0.5312,0.4871,1.0000
159,0.3284,0.1140,1.0371,0.2188,0.0541,1.0000,-0.3226,0.1804,1.1012,-0.2812,0.0541,1.0000,0.0457,-0.3319,1.0355,-0.0312,-0.3789,1.0000,-0.0523,0.6459,1.0786,-0.0312,0.4871,1.0000,0.5454,-0.1928,1.0766,0.4688,-0.3789,1.0000,-0.4583,-0.3666,1.0062,-0.5312,-0.3789,1.0000,0.8273,0.1340,1.0424,0.7188,0.0541,1.0000,-0.5224,0.4575,1.0024,-0.5312,0.4871,1.0000
160,0.3286,0.1118,1.0371,0.2188,0.0541,1.0000,-0.3210,0.1812,1.0999,-0.2812,0.0541,1.0000,0.0462,-0.3334,1.0357,-0.0312,-0.3789,1.0000,-0.0504,0.6456,1.0775,-0.0312,0.4871,1.0000,0.5471,-0.1949,1.0757,0.4688,-0.3789,1.0000,-0.4588,-0.3683,1.0072,-0.5312,-0.3789,1.0000,0.8277,0.1318,1.0423,0.7188,0.0541,1.0000,-0.5219,0.4570,1.0032,-0.5312,0.4871,1.0000
161,0.3286,0.1096,1.0371,0.2188,0.0541,1.0000,-0.3193,0.1818,1.0984,-0.2812,0.0541,1.0000,0.0468,-0.3348,1.0359,-0.0312,-0.3789,1.0000,-0.0485,0.6454,1.0764,-0.0312,0.4871,1.0000,0.5488,-0.1971,1.0749,0.4688,-0.3789,1.0000,-0.4593,-0.3700,1.0079,-0.5312,-0.3789,1.0000,0.8281,0.1297,1.0422,0.7188,0.0541,1.0000,-0.5214,0.4564,1.0039,-0.5312,0.4871,1.0000
162,0.3287,0.1074,1.0370,0.2188,0.0541,1.0000,-0.3176,0.1825,1.0969,-0.2812,0.0541,1.0000,0.0473,-0.3363,1.0359,-0.0312,-0.3789,1.0000,-0.0467,0.6450,1.0755,-0.0312,0.4871,1.0000,0.5503,-0.1992,1.0742,0.4688,-0.3789,1.0000,-0.4598,-0.3717,1.0086,-0.5312,-0.3789,1.0000,0.8284,0.1274,1.0421,0.7188,0.0541,1.0000,-0.5208,0.4558,1.0045,-0.5312,0.4871,1.0000
163,0.3287,0.1053,1.0368,0.2188,0.0541,1.0000,-0.3161,0.1831,1.0957,-0.2812,0.0541,1.0000,0.0477,-0.3377,1.0361,-0.0312,-0.3789,1.0000,-0.0449,0.6447,1.0745,-0.0312,0.4871,1.0000,0.5519,-0.2013,1.0733,0.4688,-0.3789,1.0000,-0.4604,-0.3733,1.0095,-0.5312,-0.3789,1.0000,0.8287,0.1253,1.0419,0.7188,0.0541,1.0000,-0.5204,0.4553,1.0053,-0.5312,0.4871,1.0000
164,0.3286,0.1031,1.0368,0.2188,0.0541,1.0000,-0.3145,0.1836,1.0946,-0.2812,0.0541,1.0000,0.0482,-0.3391,1.0362,-0.0312,-0.3789,1.0000,-0.0431,0.6444,1.0734,-0.0312,0.4871,1.0000,0.5535,-0.2035,1.0724,0.4688,-0.3789,1.0000,-0.4609,-0.3749,1.0102,-0.5312,-0.3789,1.0000,0.8290,0.1232,1.0418,0.7188,0.0541,1.0000,-0.5198,0.4548,1.0061,-0.5312,0.4871,1.0000
165,0.3286,0.1010,1.0368,0.2188,0.0541,1.0000,-0.3129,0.1842,1.0933,-0.2812,0.0541,1.0000,0.0486,-0.3406,1.0361,-0.0312,-0.3789,1.0000,-0.0415,0.6440,1.0726,-0.0312,0.4871,1.0000,0.5549,-0.2056,1.0717,0.4688,-0.3789,1.0000,-0.4614,-0.3765,1.0108,-0.5312,-0.3789,1.0000,0.8293,0.1211,1.0417,0.7188,0.0541,1.0000,-0.5192,0.4542,1.0068,-0.5312,0.4871,1.0000
166,0.3286,0.0990,1.0368,0.2188,0.0541,1.0000,-0.3114,0.1848,1.0921,-0.2812,0.0541,1.0000,0.0490,-0.3420,1.0361,-0.0312,-0.3789,1.0000,-0.0398,0.6436,1.0718,-0.0312,0.4871,1.0000,0.5563,-0.2077,1.0708,0.4688,-0.3789,1.0000,-0.4620,-0.3780,1.0117,-0.5312,-0.3789,1.0000,0.8296,0.1190,1.0414,0.7188,0.0541,1.0000,-0.5187,0.4537,1.0076,-0.5312,0.4871,1.0000
167,0.3285,0.0970,1.0370,0.2188,0.0541,1.0000,-0.3099,0.1852,1.0910,-0.2812,0.0541,1.0000,0.0493,-0.3435,1.0362,-0.0312,-0.3789,1.0000,-0.0381,0.6432,1.0708,-0.0312,0.4871,1.0000,0.5578,-0.2099,1.0698,0.4688,-0.3789,1.0000,-0.4625,-0.3795,1.0125,-0.5312,-0.3789,1.0000,0.8299,0.1170,1.0415,0.7188,0.0541,1.0000,-0.5182,0.4532,1.0084,-0.5312,0.4871,1.0000
168,0.3284,0.0950,1.0371,0.2188,0.0541,1.0000,-0.3084,0.1857,1.0897,-0.2812,0.0541,1.0000,0.0497,-0.3449,1.0362,-0.0312,-0.3789,1.0000,-0.0364,0.6428,1.0698,-0.0312,0.4871,1.0000,0.5590,-0.2121,1.0689,0.4688,-0.3789,1.0000,-0.4630,-0.3811,1.0131,-0.5312,-0.3789,1.0000,0.8301,0.1150,1.0416,0.7188,0.0541,1.0000,-0.5175,0.4527,1.0091,-0.5312,0.4871,1.0000
169,0.3284,0.0931,1.0371,0.2188,0.0541,1.0000,-0.3069,0.1862,1.0883,-0.2812,0.0541,1.0000,0.0500,-0.3465,1.0362,-0.0312,-0.3789,1.0000,-0.0348,0.6422,1.0689,-0.0312,0.4871,1.0000,0.5603,-0.2142,1.0680,0.4688,-0.3789,1.0000,-0.4635,-0.3825,1.0140,-0.5312,-0.3789,1.0000,0.8303,0.1130,1.0415,0.7188,0.0541,1.0000,-0.5170,0.4522,1.0098,-0.5312,0.4871,1.0000
170,0.3283,0.0911,1.0372,0.2188,0.0541,1.0000,-0.3055,0.1866,1.0872,-0.2812,0.0541,1.0000,0.0503,-0.3479,1.0363,-0.0312,-0.3789,1.0000,-0.0332,0.6418,1.0679,-0.0312,0.4871,1.0000,0.5616,-0.2164,1.0671,0.4688,-0.3789,1.0000,-0.4640,-0.3840,1.0149,-0.5312,-0.3789,1.0000,0.8305,0.1111,1.0414,0.7188,0.0541,1.0000,-0.5164,0.4517,1.0105,-0.5312,0.4871,1.0000
171,0.3282,0.0893,1.0375,0.2188,0.0541,1.0000,-0.3040,0.1869,1.0861,-0.2812,0.0541,1.0000,0.0507,-0.3494,1.0364,-0.0312,-0.3789,1.0000,-0.0315,0.6412,1.0668,-0.0312,0.4871,1.0000,0.5628,-0.2186,1.0663,0.4688,-0.3789,1.0000,-0.4644,-0.3855,1.0156,-0.5312,-0.3789,1.0000,0.8307,0.1092,1.0415,0.7188,0.0541,1.0000,-0.5157,0.4512,1.0111,-0.5312,0.4871,1.0000
172,0.3282,0.0874,1.0375,0.2188,0.0541,1.0000,-0.3025,0.1872,1.0848,-0.2812,0.0541,1.0000,0.0510,-0.3509,1.0365,-0.0312,-0.3789,1.0000,-0.0300,0.6406,1.0658,-0.0312,0.4871,1.0000,0.5639,-0.2208,1.0656,0.4688,-0.3789,1.0000,-0.4649,-0.3869,1.0164,-0.5312,-0.3789,1.0000,0.8309,0.1072,1.0412,0.7188,0.0541,1.0000,-0.5151,0.4507,1.0117,-0.5312,0.4871,1.0000
173,0.3282,0.0856,1.0377,0.2188,0.0541,1.0000,-0.3011,0.1875,1.0837,-0.2812,0.0541,1.0000,0.0513,-0.3523,1.0367,-0.0312,-0.3789,1.0000,-0.0284,0.6400,1.0649,-0.0312,0.4871,1.0000,0.5651,-0.2229,1.0647,0.4688,-0.3789,1.0000,-0.4653,-0.3883,1.0173,-0.5312,-0.3789,1.0000,0.8310,0.1053,1.0409,0.7188,0.0541,1.0000,-0.5145,0.4502,1.0125,-0.5312,0.4871,1.0000
174,0.3281,0.0838,1.0379,0.2188,0.0541,1.0000,-0.2997,0.1877,1.0826,-0.2812,0.0541,1.0000,0.0516,-0.3536,1.0369,-0.0312,-0.3789,1.0000,-0.0269,0.6393,1.0638,-0.0312,0.4871,1.0000,0.5662,-0.2251,1.0640,0.4688,-0.3789,1.0000,-0.4657,-0.3897,1.0180,-0.5312,-0.3789,1.0000,0.8311,0.1034,1.0409,0.7188,0.0541,1.0000,-0.5138,0.4498,1.0131,-0.5312,0.4871,1.0000
175,0.3281,0.0820,1.0379,0.2188,0.0541,1.0000,-0.2982,0.1880,1.0813,-0.2812,0.0541,1.0000,0.0519,-0.3551,1.0370,-0.0312,-0.3789,1.0000,-0.0254,0.6386,1.0630,-0.0312,0.4871,1.0000,0.5673,-0.2273,1.0634,0.4688,-0.3789,1.0000,-0.4661,-0.3911,1.0187,-0.5312,-0.3789,1.0000,0.8312,0.1015,1.0407,0.7188,0.0541,1.0000,-0.5132,0.4493,1.0136,-0.5312,0.4871,1.0000
176,0.3281,0.0803,1.0380,0.2188,0.0541,1.0000,-0.2968,0.1882,1.0801,-0.2812,0.0541,1.0000,0.0522,-0.3564,1.0372,-0.0312,-0.3789,1.0000,-0.0239,0.6378,1.0621,-0.0312,0.4871,1.0000,0.5684,-0.2293,1.0627,0.4688,-0.3789,1.0000,-0.4665,-0.3924,1.0194,-0.5312,-0.3789,1.0000,0.8313,0.0996,1.0405,0.7188,0.0541,1.0000,-0.5126,0.4489,1.0142,-0.5312,0.4871,1.0000
177,0.3280,0.0786,1.0382,0.2188,0.0541,1.0000,-0.2954,0.1882,1.0791,-0.2812,0.0541,1.0000,0.0525,-0.3576,1.0374,-0.0312,-0.3789,1.0000,-0.0224,0.6371,1.0611,-0.0312,0.4871,1.0000,0.5694,-0.2315,1.0620,0.4688,-0.3789,1.0000,-0.4668,-0.3938,1.0201,-0.5312,-0.3789,1.0000,0.8313,0.0978,1.0405,0.7188,0.0541,1.0000,-0.5120,0.4485,1.0148,-0.5312,0.4871,1.0000
178,0.3281,0.0770,1.0383,0.2188,0.0541,1.0000,-0.2940,0.1883,1.0780,-0.2812,0.0541,1.0000,0.0528,-0.3589,1.0375,-0.0312,-0.3789,1.0000,-0.0209,0.6362,1.0603,-0.0312,0.4871,1.0000,0.5704,-0.2336,1.0615,0.4688,-0.3789,1.0000,-0.4672,-0.3951,1.0207,-0.5312,-0.3789,1.0000,0.8313,0.0961,1.0406,0.7188,0.0541,1.0000,-0.5114,0.4481,1.0152,-0.5312,0.4871,1.0000
179,0.3280,0.0753,1.0383,0.2188,0.0541,1.0000,-0.2926,0.1884,1.0767,-0.2812,0.0541,1.0000,0.0530,-0.3602,1.0375,-0.0312,-0.3789,1.0000,-0.0195,0.6354,1.0595,-0.0312,0.4871,1.0000,0.5713,-0.2356,1.0610,0.4688,-0.3789,1.0000,-0.4676,-0.3963,1.0214,-0.5312,-0.3789,1.0000,0.8313,0.0942,1.0404,0.7188,0.0541,1.0000,-0.5109,0.4477,1.0158,-0.5312,0.4871,1.0000
180,0.3279,0.0738,1.0384,0.2188,0.0541,1.0000,-0.2912,0.1884,1.0757,-0.2812,0.0541,1.0000,0.0533,-0.3614,1.0377,-0.0312,-0.3789,1.0000,-0.0180,0.6347,1.0587,-0.0312,0.4871,1.0000,0.5723,-0.2376,1.0603,0.4688,-0.3789,1.0000,-0.4679,-0.3976,1.0220,-0.5312,-0.3789,1.0000,0.8313,0.0924,1.0403,0.7188,0.0541,1.0000,-0.5104,0.4474,1.0162,-0.5312,0.4871,1.0000
181,0.3278,0.0722,1.0384,0.2188,0.0541,1.0000,-0.2899,0.1884,1.0748,-0.2812,0.0541,1.0000,0.0536,-0.3626,1.0377,-0.0312,-0.3789,1.0000,-0.0165,0.6338,1.0579,-0.0312,0.4871,1.0000,0.5731,-0.2396,1.0598,0.4688,-0.3789,1.0000,-0.4682,-0.3988,1.0224,-0.5312,-0.3789,1.0000,0.8313,0.0907,1.0404,0.7188,0.0541,1.0000,-0.5099,0.4470,1.0166,-0.5312,0.4871,1.0000
182,0.3277,0.0707,1.0383,0.2188,0.0541,1.0000,-0.2886,0.1884,1.0737,-0.2812,0.0541,1.0000,0.0539,-0.3639,1.0377,-0.0312,-0.3789,1.0000,-0.0151,0.6330,1.0573,-0.0312,0.4871,1.0000,0.5740,-0.2416,1.0592,0.4688,-0.3789,1.0000,-0.4686,-0.4000,1.0229,-0.5312,-0.3789,1.0000,0.8312,0.0890,1.0402,0.7188,0.0541,1.0000,-0.5094,0.4466,1.0169,-0.5312,0.4871,1.0000
183,0.3275,0.0692,1.0383,0.2188,0.0541,1.0000,-0.2873,0.1883,1.0728,-0.2812,0.0541,1.0000,0.0541,-0.3651,1.0378,-0.0312,-0.3789,1.0000,-0.0138,0.6322,1.0566,-0.0312,0.4871,1.0000,0.5748,-0.2435,1.0586,0.4688,-0.3789,1.0000,-0.4690,-0.4012,1.0234,-0.5312,-0.3789,1.0000,0.8312,0.0873,1.0400,0.7188,0.0541,1.0000,-0.5090,0.4463,1.0173,-0.5312,0.4871,1.0000
184,0.3273,0.0677,1.0382,0.2188,0.0541,1.0000,-0.2861,0.1882,1.0720,-0.2812,0.0541,1.0000,0.0543,-0.3663,1.0379,-0.0312,-0.3789,1.0000,-0.0124,0.6314,1.0559,-0.0312,0.4871,1.0000,0.5756,-0.2455,1.0580,0.4688,-0.3789,1.0000,-0.4694,-0.4024,1.0238,-0.5312,-0.3789,1.0000,0.8311,0.0857,1.0400,0.7188,0.0541,1.0000,-0.5086,0.4459,1.0175,-0.5312,0.4871,1.0000
185,0.3272,0.0662,1.0381,0.2188,0.0541,1.0000,-0.2848,0.1882,1.0711,-0.2812,0.0541,1.0000,0.0545,-0.3675,1.0379,-0.0312,-0.3789,1.0000,-0.0111,0.6306,1.0554,-0.0312,0.4871,1.0000,0.5763,-0.2474,1.0574,0.4688,-0.3789,1.0000,-0.4698,-0.4035,1.0241,-0.5312,-0.3789,1.0000,0.8310,0.0841,1.0400,0.7188,0.0541,1.0000,-0.5083,0.4454,1.0177,-0.5312,0.4871,1.0000
186,0.3269,0.0647,1.0379,0.2188,0.0541,1.0000,-0.2836,0.1881,1.0703,-0.2812,0.0541,1.0000,0.0547,-0.3687,1.0379,-0.0312,-0.3789,1.0000,-0.0098,0.6299,1.0549,-0.0312,0.4871,1.0000,0.5770,-0.2494,1.0567,0.4688,-0.3789,1.0000,-0.4703,-0.4047,1.0245,-0.5312,-0.3789,1.0000,0.8309,0.0825,1.0398,0.7188,0.0541,1.0000,-0.5079,0.4450,1.0180,-0.5312,0.4871,1.0000
187,0.3266,0.0632,1.0377,0.2188,0.0541,1.0000,-0.2825,0.1880,1.0695,-0.2812,0.0541,1.0000,0.0549,-0.3698,1.0380,-0.0312,-0.3789,1.0000,-0.0085,0.6291,1.0543,-0.0312,0.4871,1.0000,0.5777,-0.2514,1.0560,0.4688,-0.3789,1.0000,-0.4707,-0.4059,1.0248,-0.5312,-0.3789,1.0000,0.8308,0.0809,1.0397,0.7188,0.0541,1.0000,-0.5076,0.4445,1.0182,-0.5312,0.4871,1.0000
188,0.3263,0.0617,1.0375,0.2188,0.0541,1.0000,-0.2813,0.1879,1.0686,-0.2812,0.0541,1.0000,0.0550,-0.3710,1.0378,-0.0312,-0.3789,1.0000,-0.0073,0.6283,1.0538,-0.0312,0.4871,1.0000,0.5783,-0.2533,1.0554,0.4688,-0.3789,1.0000,-0.4713,-0.4070,1.0250,-0.5312,-0.3789,1.0000,0.8306,0.0794,1.0398,0.7188,0.0541,1.0000,-0.5074,0.4440,1.0183,-0.5312,0.4871,1.0000
189,0.3260,0.0602,1.0373,0.2188,0.0541,1.0000,-0.2802,0.1878,1.0677,-0.2812,0.0541,1.0000,0.0551,-0.3722,1.0377,-0.0312,-0.3789,1.0000,-0.0062,0.6276,1.0533,-0.0312,0.4871,1.0000,0.5790,-0.2552,1.0547,0.4688,-0.3789,1.0000,-0.4718,-0.4081,1.0254,-0.5312,-0.3789,1.0000,0.8305,0.0778,1.0395,0.7188,0.0541,1.0000,-0.5072,0.4435,1.0186,-0.5312,0.4871,1.0000
190,0.3256,0.0587,1.0373,0.2188,0.0541,1.0000,-0.2791,0.1877,1.0670,-0.2812,0.0541,1.0000,0.0552,-0.3733,1.0377,-0.0312,-0.3789,1.0000,-0.0050,0.6269,1.0527,-0.0312,0.4871,1.0000,0.5796,-0.2573,1.0540,0.4688,-0.3789,1.0000,-0.4723,-0.4093,1.0258,-0.5312,-0.3789,1.0000,0.8303,0.0762,1.0394,0.7188,0.0541,1.0000,-0.5069,0.4430,1.0188,-0.5312,0.4871,1.0000
191,0.3253,0.0573,1.0372,0.2188,0.0541,1.0000,-0.2780,0.1876,1.0662,-0.2812,0.0541,1.0000,0.0553,-0.3744,1.0377,-0.0312,-0.3789,1.0000,-0.0039,0.6262,1.0521,-0.0312,0.4871,1.0000,0.5802,-0.2592,1.0535,0.4688,-0.3789,1.0000,-0.4729,-0.4104,1.0260,-0.5312,-0.3789,1.0000,0.8301,0.0747,1.0393,0.7188,0.0541,1.0000,-0.5068,0.4424,1.0190,-0.5312,0.4871,1.0000
192,0.3249,0.0558,1.0371,0.2188,0.0541,1.0000,-0.2770,0.1874,1.0654,-0.2812,0.0541,1.0000,0.0555,-0.3756,1.0377,-0.0312,-0.3789,1.0000,-0.0028,0.6255,1.0516,-0.0312,0.4871,1.0000,0.5808,-0.2611,1.0530,0.4688,-0.3789,1.0000,-0.4735,-0.4115,1.0264,-0.5312,-0.3789,1.0000,0.8299,0.0731,1.0390,0.7188,0.0541,1.0000,-0.5067,0.4418,1.0193,-0.5312,0.4871,1.0000
193,0.3245,0.0544,1.0372,0.2188,0.0541,1.0000,-0.2759,0.1872,1.0646,-0.2812,0.0541,1.0000,0.0556,-0.3766,1.0378,-0.0312,-0.3789,1.0000,-0.0017,0.6247,1.0510,-0.0312,0.4871,1.0000,0.5814,-0.2631,1.0525,0.4688,-0.3789,1.0000,-0.4740,-0.4126,1.0268,-0.5312,-0.3789,1.0000,0.8297,0.0715,1.0387,0.7188,0.0541,1.0000,-0.5065,0.4412,1.0196,-0.5312,0.4871,1.0000
194,0.3242,0.0530,1.0372,0.2188,0.0541,1.0000,-0.2750,0.1870,1.0638,-0.2812,0.0541,1.0000,0.0557,-0.3777,1.0380,-0.0312,-0.3789,1.0000,-0.0005,0.6240,1.0504,-0.0312,0.4871,1.0000,0.5819,-0.2650,1.0521,0.4688,-0.3789,1.0000,-0.4746,-0.4137,1.0271,-0.5312,-0.3789,1.0000,0.8293,0.0700,1.0386,0.7188,0.0541,1.0000,-0.5063,0.4406,1.0200,-0.5312,0.4871,1.0000
195,0.3238,0.0516,1.0371,0.2188,0.0541,1.0000,-0.2740,0.1867,1.0629,-0.2812,0.0541,1.0000,0.0558,-0.3788,1.0380,-0.0312,-0.3789,1.0000,0.0005,0.6232,1.0499,-0.0312,0.4871,1.0000,0.5825,-0.2668,1.0517,0.4688,-0.3789,1.0000,-0.4752,-0.4148,1.0273,-0.5312,-0.3789,1.0000,0.8290,0.0685,1.0383,0.7188,0.0541,1.0000,-0.5062,0.4401,1.0203,-0.5312,0.4871,1.0000
196,0.3233,0.0503,1.0371,0.2188,0.0541,1.0000,-0.2730,0.1864,1.0621,-0.2812,0.0541,1.0000,0.0559,-0.3798,1.0380,-0.0312,-0.3789,1.0000,0.0016,0.6224,1.0494,-0.0312,0.4871,1.0000,0.5830,-0.2687,1.0512,0.4688,-0.3789,1.0000,-0.4757,-0.4158,1.0278,-0.5312,-0.3789,1.0000,0.8287,0.0670,1.0381,0.7188,0.0541,1.0000,-0.5061,0.4395,1.0207,-0.5312,0.4871,1.0000
197,0.3230,0.0490,1.0372,0.2188,0.0541,1.0000,-0.2720,0.1860,1.0613,-0.2812,0.0541,1.0000,0.0560,-0.3808,1.0380,-0.0312,-0.3789,1.0000,0.0026,0.6216,1.0488,-0.0312,0.4871,1.0000,0.5834,-0.2705,1.0508,0.4688,-0.3789,1.0000,-0.4763,-0.4169,1.0282,-0.5312,-0.3789,1.0000,0.8283,0.0655,1.0380,0.7188,0.0541,1.0000,-0.5060,0.4389,1.0210,-0.5312,0.4871,1.0000
198,0.3226,0.0476,1.0371,0.2188,0.0541,1.0000,-0.2710,0.1857,1.0603,-0.2812,0.0541,1.0000,0.0560,-0.3819,1.0378,-0.0312,-0.3789,1.0000,0.0036,0.6208,1.0483,-0.0312,0.4871,1.0000,0.5839,-0.2722,1.0505,0.4688,-0.3789,1.0000,-0.4769,-0.4180,1.0284,-0.5312,-0.3789,1.0000,0.8279,0.0641,1.0378,0.7188,0.0541,1.0000,-0.5059,0.4384,1.0214,-0.5312,0.4871,1.0000
199,0.3222,0.0463,1.0370,0.2188,0.0541,1.0000,-0.2700,0.1853,1.0594,-0.2812,0.0541,1.0000,0.0561,-0.3830,1.0376,-0.0312,-0.3789,1.0000,0.0046,0.6200,1.0478,-0.0312,0.4871,1.0000,0.5843,-0.2740,1.0500,0.4688,-0.3789,1.0000,-0.4774,-0.4190,1.0289,-0.5312,-0.3789,1.0000,0.8275,0.0626,1.0375,0.7188,0.0541,1.0000,-0.5057,0.4379,1.0218,-0.5312,0.4871,1.0000
200,0.3218,0.0451,1.0370,0.2188,0.0541,1.0000,-0.2690,0.1848,1.0586,-0.2812,0.0541,1.0000,0.0562,-0.3840,1.0376,-0.0312,-0.3789,1.0000,0.0056,0.6191,1.0473,-0.0312,0.4871,1.0000,0.5847,-0.2758,1.0496,0.4688,-0.3789,1.0000,-0.4779,-0.4200,1.0294,-0.5312,-0.3789,1.0000,0.8271,0.0611,1.0374,0.7188,0.0541,1.0000,-0.5055,0.4374,1.0222,-0.5312,0.4871,1.0000
201,0.3214,0.0438,1.0369,0.2188,0.0541,1.0000,-0.2680,0.1844,1.0578,-0.2812,0.0541,1.0000,0.0562,-0.3851,1.0376,-0.0312,-0.3789,1.0000,0.0066,0.6182,1.0466,-0.0312,0.4871,1.0000,0.5851,-0.2775,1.0492,0.4688,-0.3789,1.0000,-0.4785,-0.4210,1.0296,-0.5312,-0.3789,1.0000,0.8266,0.0597,1.0373,0.7188,0.0541,1.0000,-0.5054,0.4369,1.0225,-0.5312,0.4871,1.0000
202,0.3210,0.0425,1.0368,0.2188,0.0541,1.0000,-0.2670,0.1840,1.0569,-0.2812,0.0541,1.0000,0.0562,-0.3862,1.0374,-0.0312,-0.3789,1.0000,0.0076,0.6174,1.0462,-0.0312,0.4871,1.0000,0.5855,-0.2792,1.0487,0.4688,-0.3789,1.0000,-0.4790,-0.4220,1.0297,-0.5312,-0.3789,1.0000,0.8263,0.0582,1.0371,0.7188,0.0541,1.0000,-0.5052,0.4364,1.0228,-0.5312,0.4871,1.0000
203,0.3206,0.0413,1.0368,0.2188,0.0541,1.0000,-0.2660,0.1835,1.0562,-0.2812,0.0541,1.0000,0.0561,-0.3871,1.0374,-0.0312,-0.3789,1.0000,0.0085,0.6166,1.0458,-0.0312,0.4871,1.0000,0.5858,-0.2810,1.0482,0.4688,-0.3789,1.0000,-0.4796,-0.4230,1.0300,-0.5312,-0.3789,1.0000,0.8258,0.0567,1.0370,0.7188,0.0541,1.0000,-0.5050,0.4359,1.0231,-0.5312,0.4871,1.0000
204,0.3201,0.0401,1.0368,0.2188,0.0541,1.0000,-0.2650,0.1831,1.0555,-0.2812,0.0541,1.0000,0.0561,-0.3882,1.0374,-0.0312,-0.3789,1.0000,0.0095,0.6157,1.0454,-0.0312,0.4871,1.0000,0.5861,-0.2826,1.0477,0.4688,-0.3789,1.0000,-0.4802,-0.4240,1.0301,-0.5312,-0.3789,1.0000,0.8254,0.0553,1.0371,0.7188,0.0541,1.0000,-0.5049,0.4354,1.0234,-0.5312,0.4871,1.0000
205,0.3196,0.0388,1.0367,0.2188,0.0541,1.0000,-0.2639,0.1826,1.0548,-0.2812,0.0541,1.0000,0.0560,-0.3893,1.0372,-0.0312,-0.3789,1.0000,0.0103,0.6149,1.0451,-0.0312,0.4871,1.0000,0.5865,-0.2844,1.0472,0.4688,-0.3789,1.0000,-0.4808,-0.4250,1.0302,-0.5312,-0.3789,1.0000,0.8251,0.0539,1.0370,0.7188,0.0541,1.0000,-0.5047,0.4350,1.0237,-0.5312,0.4871,1.0000
206,0.3191,0.0376,1.0365,0.2188,0.0541,1.0000,-0.2629,0.1821,1.0542,-0.2812,0.0541,1.0000,0.0560,-0.3903,1.0371,-0.0312,-0.3789,1.0000,0.0112,0.6141,1.0450,-0.0312,0.4871,1.0000,0.5868,-0.2862,1.0467,0.4688,-0.3789,1.0000,-0.4813,-0.4259,1.0304,-0.5312,-0.3789,1.0000,0.8247,0.0524,1.0370,0.7188,0.0541,1.0000,-0.5045,0.4345,1.0241,-0.5312,0.4871,1.0000
207,0.3187,0.0364,1.0365,0.2188,0.0541,1.0000,-0.2620,0.1817,1.0537,-0.2812,0.0541,1.0000,0.0559,-0.3913,1.0371,-0.0312,-0.3789,1.0000,0.0121,0.6132,1.0445,-0.0312,0.4871,1.0000,0.5870,-0.2879,1.0463,0.4688,-0.3789,1.0000,-0.4820,-0.4268,1.0307,-0.5312,-0.3789,1.0000,0.8243,0.0511,1.0370,0.7188,0.0541,1.0000,-0.5043,0.4340,1.0243,-0.5312,0.4871,1.0000
208,0.3182,0.0352,1.0364,0.2188,0.0541,1.0000,-0.2610,0.1812,1.0531,-0.2812,0.0541,1.0000,0.0558,-0.3924,1.0369,-0.0312,-0.3789,1.0000,0.0130,0.6124,1.0440,-0.0312,0.4871,1.0000,0.5873,-0.2896,1.0459,0.4688,-0.3789,1.0000,-0.4826,-0.4278,1.0308,-0.5312,-0.3789,1.0000,0.8240,0.0498,1.0371,0.7188,0.0541,1.0000,-0.5042,0.4335,1.0246,-0.5312,0.4871,1.0000
209,0.3177,0.0340,1.0362,0.2188,0.0541,1.0000,-0.2601,0.1807,1.0526,-0.2812,0.0541,1.0000,0.0558,-0.3934,1.0368,-0.0312,-0.3789,1.0000,0.0138,0.6115,1.0437,-0.0312,0.4871,1.0000,0.5875,-0.2914,1.0454,0.4688,-0.3789,1.0000,-0.4832,-0.4287,1.0311,-0.5312,-0.3789,1.0000,0.8236,0.0484,1.0370,0.7188,0.0541,1.0000,-0.5040,0.4331,1.0249,-0.5312,0.4871,1.0000
210,0.3172,0.0329,1.0363,0.2188,0.0541,1.0000,-0.2592,0.1802,1.0521,-0.2812,0.0541,1.0000,0.0556,-0.3943,1.0369,-0.0312,-0.3789,1.0000,0.0146,0.6107,1.0432,-0.0312,0.4871,1.0000,0.5877,-0.2931,1.0450,0.4688,-0.3789,1.0000,-0.4838,-0.4296,1.0314,-0.5312,-0.3789,1.0000,0.8233,0.0472,1.0371,0.7188,0.0541,1.0000,-0.5040,0.4326,1.0250,-0.5312,0.4871,1.0000
211,0.3167,0.0317,1.0364,0.2188,0.0541,1.0000,-0.2583,0.1797,1.0515,-0.2812,0.0541,1.0000,0.0556,-0.3953,1.0369,-0.0312,-0.3789,1.0000,0.0155,0.6098,1.0427,-0.0312,0.4871,1.0000,0.5879,-0.2948,1.0447,0.4688,-0.3789,1.0000,-0.4844,-0.4305,1.0315,-0.5312,-0.3789,1.0000,0.8230,0.0460,1.0372,0.7188,0.0541,1.0000,-0.5039,0.4321,1.0251,-0.5312,0.4871,1.0000
212,0.3162,0.0306,1.0363,0.2188,0.0541,1.0000,-0.2574,0.1792,1.0510,-0.2812,0.0541,1.0000,0.0555,-0.3963,1.0368,-0.0312,-0.3789,1.0000,0.0162,0.6089,1.0423,-0.0312,0.4871,1.0000,0.5880,-0.2965,1.0443,0.4688,-0.3789,1.0000,-0.4849,-0.4315,1.0317,-0.5312,-0.3789,1.0000,0.8227,0.0448,1.0371,0.7188,0.0541,1.0000,-0.5038,0.4317,1.0253,-0.5312,0.4871,1.0000
213,0.3158,0.0295,1.0364,0.2188,0.0541,1.0000,-0.2566,0.1787,1.0505,-0.2812,0.0541,1.0000,0.0554,-0.3972,1.0369,-0.0312,-0.3789,1.0000,0.0170,0.6079,1.0420,-0.0312,0.4871,1.0000,0.5881,-0.2982,1.0440,0.4688,-0.3789,1.0000,-0.4855,-0.4323,1.0320,-0.5312,-0.3789,1.0000,0.8223,0.0436,1.0372,0.7188,0.0541,1.0000,-0.5037,0.4311,1.0254,-0.5312,0.4871,1.0000
214,0.3153,0.0284,1.0365,0.2188,0.0541,1.0000,-0.2558,0.1782,1.0499,-0.2812,0.0541,1.0000,0.0553,-0.3981,1.0369,-0.0312,-0.3789,1.0000,0.0179,0.6070,1.0414,-0.0312,0.4871,1.0000,0.5883,-0.2998,1.0437,0.4688,-0.3789,1.0000,-0.4861,-0.4332,1.0322,-0.5312,-0.3789,1.0000,0.8220,0.0426,1.0372,0.7188,0.0541,1.0000,-0.5037,0.4306,1.0255,-0.5312,0.4871,1.0000
215,0.3148,0.0273,1.0363,0.2188,0.0541,1.0000,-0.2550,0.1775,1.0493,-0.2812,0.0541,1.0000,0.0553,-0.3989,1.0369,-0.0312,-0.3789,1.0000,0.0186,0.6061,1.0411,-0.0312,0.4871,1.0000,0.5884,-0.3014,1.0434,0.4688,-0.3789,1.0000,-0.4866,-0.4342,1.0323,-0.5312,-0.3789,1.0000,0.8218,0.0414,1.0371,0.7188,0.0541,1.0000,-0.5036,0.4302,1.0258,-0.5312,0.4871,1.0000
216,0.3144,0.0262,1.0361,0.2188,0.0541,1.0000,-0.2542,0.1770,1.0488,-0.2812,0.0541,1.0000,0.0552,-0.3998,1.0369,-0.0312,-0.3789,1.0000,0.0194,0.6051,1.0408,-0.0312,0.4871,1.0000,0.5886,-0.3031,1.0430,0.4688,-0.3789,1.0000,-0.4871,-0.4349,1.0326,-0.5312,-0.3789,1.0000,0.8214,0.0403,1.0370,0.7188,0.0541,1.0000,-0.5036,0.4298,1.0261,-0.5312,0.4871,1.0000
217,0.3139,0.0252,1.0362,0.2188,0.0541,1.0000,-0.2534,0.1764,1.0481,-0.2812,0.0541,1.0000,0.0552,-0.4006,1.0370,-0.0312,-0.3789,1.0000,0.0202,0.6041,1.0403,-0.0312,0.4871,1.0000,0.5887,-0.3046,1.0428,0.4688,-0.3789,1.0000,-0.4877,-0.4357,1.0329,-0.5312,-0.3789,1.0000,0.8211,0.0392,1.0369,0.7188,0.0541,1.0000,-0.5035,0.4293,1.0263,-0.5312,0.4871,1.0000
218,0.3134,0.0241,1.0361,0.2188,0.0541,1.0000,-0.2526,0.1758,1.0475,-0.2812,0.0541,1.0000,0.0552,-0.4014,1.0370,-0.0312,-0.3789,1.0000,0.0210,0.6031,1.0399,-0.0312,0.4871,1.0000,0.5888,-0.3062,1.0426,0.4688,-0.3789,1.0000,-0.4882,-0.4366,1.0330,-0.5312,-0.3789,1.0000,0.8208,0.0381,1.0367,0.7188,0.0541,1.0000,-0.5034,0.4289,1.0266,-0.5312,0.4871,1.0000
219,0.3129,0.0230,1.0359,0.2188,0.0541,1.0000,-0.2519,0.1751,1.0470,-0.2812,0.0541,1.0000,0.0551,-0.4022,1.0370,-0.0312,-0.3789,1.0000,0.0218,0.6021,1.0397,-0.0312,0.4871,1.0000,0.5889,-0.3078,1.0423,0.4688,-0.3789,1.0000,-0.4887,-0.4374,1.0332,-0.5312,-0.3789,1.0000,0.8204,0.0370,1.0365,0.7188,0.0541,1.0000,-0.5034,0.4284,1.0270,-0.5312,0.4871,1.0000
220,0.3123,0.0220,1.0359,0.2188,0.0541,1.0000,-0.2510,0.1745,1.0464,-0.2812,0.0541,1.0000,0.0550,-0.4030,1.0371,-0.0312,-0.3789,1.0000,0.0226,0.6011,1.0393,-0.0312,0.4871,1.0000,0.5890,-0.3093,1.0420,0.4688,-0.3789,1.0000,-0.4892,-0.4382,1.0335,-0.5312,-0.3789,1.0000,0.8200,0.0359,1.0364,0.7188,0.0541,1.0000,-0.5033,0.4279,1.0271,-0.5312,0.4871,1.0000
221,0.3117,0.0210,1.0359,0.2188,0.0541,1.0000,-0.2502,0.1738,1.0458,-0.2812,0.0541,1.0000,0.0551,-0.4038,1.0370,-0.0312,-0.3789,1.0000,0.0234,0.6002,1.0389,-0.0312,0.4871,1.0000,0.5891,-0.3108,1.0418,0.4688,-0.3789,1.0000,-0.4897,-0.4390,1.0335,-0.5312,-0.3789,1.0000,0.8197,0.0348,1.0363,0.7188,0.0541,1.0000,-0.5032,0.4275,1.0272,-0.5312,0.4871,1.0000
222,0.3112,0.0200,1.0357,0.2188,0.0541,1.0000,-0.2494,0.1732,1.0453,-0.2812,0.0541,1.0000,0.0550,-0.4046,1.0370,-0.0312,-0.3789,1.0000,0.0241,0.5992,1.0387,-0.0312,0.4871,1.0000,0.5891,-0.3124,1.0415,0.4688,-0.3789,1.0000,-0.4902,-0.4398,1.0337,-0.5312,-0.3789,1.0000,0.8192,0.0337,1.0360,0.7188,0.0541,1.0000,-0.5032,0.4271,1.0275,-0.5312,0.4871,1.0000
223,0.3107,0.0190,1.0357,0.2188,0.0541,1.0000,-0.2486,0.1726,1.0447,-0.2812,0.0541,1.0000,0.0549,-0.4054,1.0370,-0.0312,-0.3789,1.0000,0.0248,0.5982,1.0385,-0.0312,0.4871,1.0000,0.5892,-0.3140,1.0411,0.4688,-0.3789,1.0000,-0.4908,-0.4405,1.0338,-0.5312,-0.3789,1.0000,0.8188,0.0327,1.0359,0.7188,0.0541,1.0000,-0.5031,0.4266,1.0276,-0.5312,0.4871,1.0000
224,0.3100,0.0180,1.0357,0.2188,0.0541,1.0000,-0.2478,0.1719,1.0443,-0.2812,0.0541,1.0000,0.0549,-0.4061,1.0369,-0.0312,-0.3789,1.0000,0.0255,0.5973,1.0382,-0.0312,0.4871,1.0000,0.5892,-0.3155,1.0408,0.4688,-0.3789,1.0000,-0.4914,-0.4413,1.0338,-0.5312,-0.3789,1.0000,0.8184,0.0316,1.0359,0.7188,0.0541,1.0000,-0.5031,0.4262,1.0276,-0.5312,0.4871,1.0000
225,0.3095,0.0170,1.0355,0.2188,0.0541,1.0000,-0.2470,0.1712,1.0439,-0.2812,0.0541,1.0000,0.0548,-0.4069,1.0366,-0.0312,-0.3789,1.0000,0.0262,0.5964,1.0381,-0.0312,0.4871,1.0000,0.5892,-0.3171,1.0404,0.4688,-0.3789,1.0000,-0.4919,-0.4421,1.0337,-0.5312,-0.3789,1.0000,0.8179,0.0305,1.0357,0.7188,0.0541,1.0000,-0.5031,0.4258,1.0278,-0.5312,0.4871,1.0000
226,0.3089,0.0160,1.0354,0.2188,0.0541,1.0000,-0.2462,0.1707,1.0435,-0.2812,0.0541,1.0000,0.0546,-0.4076,1.0365,-0.0312,-0.3789,1.0000,0.0268,0.5954,1.0380,-0.0312,0.4871,1.0000,0.5892,-0.3186,1.0399,0.4688,-0.3789,1.0000,-0.4926,-0.4427,1.0338,-0.5312,-0.3789,1.0000,0.8174,0.0295,1.0356,0.7188,0.0541,1.0000,-0.5031,0.4255,1.0280,-0.5312,0.4871,1.0000
227,0.3083,0.0151,1.0355,0.2188,0.0541,1.0000,-0.2454,0.1700,1.0431,-0.2812,0.0541,1.0000,0.0544,-0.4084,1.0364,-0.0312,-0.3789,1.0000,0.0275,0.5946,1.0379,-0.0312,0.4871,1.0000,0.5892,-0.3201,1.0398,0.4688,-0.3789,1.0000,-0.4932,-0.4435,1.0337,-0.5312,-0.3789,1.0000,0.8170,0.0285,1.0355,0.7188,0.0541,1.0000,-0.5031,0.4250,1.0280,-0.5312,0.4871,1.0000
228,0.3078,0.0141,1.0354,0.2188,0.0541,1.0000,-0.2446,0.1694,1.0428,-0.2812,0.0541,1.0000,0.0543,-0.4091,1.0361,-0.0312,-0.3789,1.0000,0.0281,0.5937,1.0378,-0.0312,0.4871,1.0000,0.5892,-0.3216,1.0397,0.4688,-0.3789,1.0000,-0.4938,-0.4441,1.0336,-0.5312,-0.3789,1.0000,0.8165,0.0274,1.0354,0.7188,0.0541,1.0000,-0.5032,0.4246,1.0281,-0.5312,0.4871,1.0000
229,0.3073,0.0132,1.0354,0.2188,0.0541,1.0000,-0.2439,0.1688,1.0425,-0.2812,0.0541,1.0000,0.0540,-0.4099,1.0359,-0.0312,-0.3789,1.0000,0.0288,0.5929,1.0377,-0.0312,0.4871,1.0000,0.5892,-0.3231,1.0395,0.4688,-0.3789,1.0000,-0.4945,-0.4447,1.0337,-0.5312,-0.3789,1.0000,0.8160,0.0264,1.0352,0.7188,0.0541,1.0000,-0.5033,0.4242,1.0283,-0.5312,0.4871,1.0000
230,0.3067,0.0123,1.0355,0.2188,0.0541,1.0000,-0.2432,0.1682,1.0422,-0.2812,0.0541,1.0000,0.0538,-0.4106,1.0358,-0.0312,-0.3789,1.0000,0.0295,0.5921,1.0375,-0.0312,0.4871,1.0000,0.5891,-0.3245,1.0394,0.4688,-0.3789,1.0000,-0.4952,-0.4453,1.0337,-0.5312,-0.3789,1.0000,0.8156,0.0254,1.0352,0.7188,0.0541,1.0000,-0.5033,0.4238,1.0283,-0.5312,0.4871,1.0000
231,0.3062,0.0115,1.0356,0.2188,0.0541,1.0000,-0.2425,0.1676,1.0419,-0.2812,0.0541,1.0000,0.0535,-0.4114,1.0355,-0.0312,-0.3789,1.0000,0.0301,0.5913,1.0374,-0.0312,0.4871,1.0000,0.5891,-0.3259,1.0393,0.4688,-0.3789,1.0000,-0.4959,-0.4460,1.0335,-0.5312,-0.3789,1.0000,0.8152,0.0244,1.0352,0.7188,0.0541,1.0000,-0.5034,0.4233,1.0284,-0.5312,0.4871,1.0000
232,0.3057,0.0106,1.0355,0.2188,0.0541,1.0000,-0.2419,0.1671,1.0417,-0.2812,0.0541,1.0000,0.0531,-0.4122,1.0353,-0.0312,-0.3789,1.0000,0.0307,0.5905,1.0374,-0.0312,0.4871,1.0000,0.5891,-0.3274,1.0390,0.4688,-0.3789,1.0000,-0.4966,-0.4465,1.0335,-0.5312,-0.3789,1.0000,0.8147,0.0234,1.0351,0.7188,0.0541,1.0000,-0.5036,0.4230,1.0286,-0.5312,0.4871,1.0000
233,0.3052,0.0098,1.0355,0.2188,0.0541,1.0000,-0.2412,0.1665,1.0413,-0.2812,0.0541,1.0000,0.0528,-0.4129,1.0351,-0.0312,-0.3789,1.0000,0.0314,0.5898,1.0372,-0.0312,0.4871,1.0000,0.5891,-0.3288,1.0387,0.4688,-0.3789,1.0000,-0.4973,-0.4470,1.0335,-0.5312,-0.3789,1.0000,0.8143,0.0225,1.0352,0.7188,0.0541,1.0000,-0.5037,0.4225,1.0286,-0.5312,0.4871,1.0000
234,0.3047,0.0090,1.0357,0.2188,0.0541,1.0000,-0.2406,0.1659,1.0409,-0.2812,0.0541,1.0000,0.0525,-0.4137,1.0348,-0.0312,-0.3789,1.0000,0.0321,0.5891,1.0371,-0.0312,0.4871,1.0000,0.5890,-0.3301,1.0387,0.4688,-0.3789,1.0000,-0.4981,-0.4476,1.0334,-0.5312,-0.3789,1.0000,0.8138,0.0216,1.0353,0.7188,0.0541,1.0000,-0.5038,0.4221,1.0285,-0.5312,0.4871,1.0000
235,0.3043,0.0081,1.0356,0.2188,0.0541,1.0000,-0.2400,0.1653,1.0406,-0.2812,0.0541,1.0000,0.0521,-0.4146,1.0346,-0.0312,-0.3789,1.0000,0.0327,0.5883,1.0370,-0.0312,0.4871,1.0000,0.5889,-0.3316,1.0385,0.4688,-0.3789,1.0000,-0.4989,-0.4481,1.0334,-0.5312,-0.3789,1.0000,0.8133,0.0206,1.0351,0.7188,0.0541,1.0000,-0.5041,0.4218,1.0287,-0.5312,0.4871,1.0000
236,0.3038,0.0073,1.0357,0.2188,0.0541,1.0000,-0.2394,0.1647,1.0402,-0.2812,0.0541,1.0000,0.0517,-0.4154,1.0345,-0.0312,-0.3789,1.0000,0.0333,0.5876,1.0368,-0.0312,0.4871,1.0000,0.5889,-0.3329,1.0381,0.4688,-0.3789,1.0000,-0.4996,-0.4486,1.0334,-0.5312,-0.3789,1.0000,0.8129,0.0197,1.0349,0.7188,0.0541,1.0000,-0.5042,0.4214,1.0288,-0.5312,0.4871,1.0000
237,0.3033,0.0065,1.0357,0.2188,0.0541,1.0000,-0.2387,0.1641,1.0398,-0.2812,0.0541,1.0000,0.0514,-0.4162,1.0344,-0.0312,-0.3789,1.0000,0.0339,0.5869,1.0366,-0.0312,0.4871,1.0000,0.5887,-0.3343,1.0380,0.4688,-0.3789,1.0000,-0.5004,-0.4492,1.0333,-0.5312,-0.3789,1.0000,0.8124,0.0188,1.0348,0.7188,0.0541,1.0000,-0.5044,0.4210,1.0288,-0.5312,0.4871,1.0000
238,0.3029,0.0057,1.0356,0.2188,0.0541,1.0000,-0.2381,0.1635,1.0394,-0.2812,0.0541,1.0000,0.0510,-0.4170,1.0343,-0.0312,-0.3789,1.0000,0.0344,0.5861,1.0365,-0.0312,0.4871,1.0000,0.5885,-0.3356,1.0379,0.4688,-0.3789,1.0000,-0.5012,-0.4497,1.0334,-0.5312,-0.3789,1.0000,0.8118,0.0178,1.0346,0.7188,0.0541,1.0000,-0.5046,0.4207,1.0291,-0.5312,0.4871,1.0000
239,0.3024,0.0049,1.0355,0.2188,0.0541,1.0000,-0.2375,0.1629,1.0391,-0.2812,0.0541,1.0000,0.0506,-0.4178,1.0343,-0.0312,-0.3789,1.0000,0.0350,0.5853,1.0363,-0.0312,0.4871,1.0000,0.5884,-0.3370,1.0376,0.4688,-0.3789,1.0000,-0.5020,-0.4502,1.0335,-0.5312,-0.3789,1.0000,0.8113,0.0168,1.0342,0.7188,0.0541,1.0000,-0.5047,0.4204,1.0293,-0.5312,0.4871,1.0000
240,0.3018,0.0041,1.0355,0.2188,0.0541,1.0000,-0.2368,0.1622,1.0386,-0.2812,0.0541,1.0000,0.0503,-0.4185,1.0343,-0.0312,-0.3789,1.0000,0.0355,0.5845,1.0359,-0.0312,0.4871,1.0000,0.5883,-0.3384,1.0373,0.4688,-0.3789,1.0000,-0.5027,-0.4508,1.0336,-0.5312,-0.3789,1.0000,0.8107,0.0160,1.0342,0.7188,0.0541,1.0000,-0.5048,0.4200,1.0294,-0.5312,0.4871,1.0000
241,0.3014,0.0033,1.0354,0.2188,0.0541,1.0000,-0.2362,0.1615,1.0383,-0.2812,0.0541,1.0000,0.0500,-0.4193,1.0343,-0.0312,-0.3789,1.0000,0.0360,0.5836,1.0357,-0.0312,0.4871,1.0000,0.5880,-0.3397,1.0372,0.4688,-0.3789,1.0000,-0.5034,-0.4513,1.0337,-0.5312,-0.3789,1.0000,0.8101,0.0151,1.0341,0.7188,0.0541,1.0000,-0.5050,0.4197,1.0296,-0.5312,0.4871,1.0000
242,0.3008,0.0025,1.0352,0.2188,0.0541,1.0000,-0.2356,0.1608,1.0380,-0.2812,0.0541,1.0000,0.0496,-0.4200,1.0342,-0.0312,-0.3789,1.0000,0.0365,0.5828,1.0354,-0.0312,0.4871,1.0000,0.5879,-0.3411,1.0368,0.4688,-0.3789,1.0000,-0.5041,-0.4518,1.0339,-0.5312,-0.3789,1.0000,0.8095,0.0142,1.0339,0.7188,0.0541,1.0000,-0.5051,0.4194,1.0299,-0.5312,0.4871,1.0000
243,0.3002,0.0018,1.0351,0.2188,0.0541,1.0000,-0.2349,0.1601,1.0377,-0.2812,0.0541,1.0000,0.0493,-0.4207,1.0343,-0.0312,-0.3789,1.0000,0.0370,0.5819,1.0351,-0.0312,0.4871,1.0000,0.5877,-0.3425,1.0365,0.4688,-0.3789,1.0000,-0.5047,-0.4523,1.0340,-0.5312,-0.3789,1.0000,0.8090,0.0133,1.0339,0.7188,0.0541,1.0000,-0.5052,0.4190,1.0301,-0.5312,0.4871,1.0000
244,0.2996,0.0011,1.0350,0.2188,0.0541,1.0000,-0.2343,0.1594,1.0373,-0.2812,0.0541,1.0000,0.0490,-0.4214,1.0343,-0.0312,-0.3789,1.0000,0.0375,0.5810,1.0347,-0.0312,0.4871,1.0000,0.5874,-0.3439,1.0364,0.4688,-0.3789,1.0000,-0.5054,-0.4528,1.0341,-0.5312,-0.3789,1.0000,0.8083,0.0124,1.0340,0.7188,0.0541,1.0000,-0.5053,0.4187,1.0303,-0.5312,0.4871,1.0000
245,0.2990,0.0004,1.0347,0.2188,0.0541,1.0000,-0.2338,0.1587,1.0371,-0.2812,0.0541,1.0000,0.0487,-0.4221,1.0342,-0.0312,-0.3789,1.0000,0.0379,0.5800,1.0345,-0.0312,0.4871,1.0000,0.5871,-0.3452,1.0361,0.4688,-0.3789,1.0000,-0.5060,-0.4532,1.0343,-0.5312,-0.3789,1.0000,0.8078,0.0115,1.0338,0.7188,0.0541,1.0000,-0.5054,0.4184,1.0306,-0.5312,0.4871,1.0000
246,0.2983,-0.0003,1.0346,0.2188,0.0541,1.0000,-0.2331,0.1580,1.0367,-0.2812,0.0541,1.0000,0.0484,-0.4227,1.0342,-0.0312,-0.3789,1.0000,0.0385,0.5791,1.0341,-0.0312,0.4871,1.0000,0.5869,-0.3466,1.0358,0.4688,-0.3789,1.0000,-0.5066,-0.4536,1.0345,-0.5312,-0.3789,1.0000,0.8072,0.0106,1.0337,0.7188,0.0541,1.0000,-0.5053,0.4180,1.0307,-0.5312,0.4871,1.0000
247,0.2977,-0.0010,1.0345,0.2188,0.0541,1.0000,-0.2325,0.1573,1.0364,-0.2812,0.0541,1.0000,0.0481,-0.4234,1.0343,-0.0312,-0.3789,1.0000,0.0390,0.5780,1.0338,-0.0312,0.4871,1.0000,0.5866,-0.3479,1.0358,0.4688,-0.3789,1.0000,-0.5071,-0.4541,1.0346,-0.5312,-0.3789,1.0000,0.8066,0.0098,1.0338,0.7188,0.0541,1.0000,-0.5054,0.4176,1.0309,-0.5312,0.4871,1.0000
248,0.2970,-0.0017,1.0342,0.2188,0.0541,1.0000,-0.2320,0.1567,1.0363,-0.2812,0.0541,1.0000,0.0478,-0.4240,1.0342,-0.0312,-0.3789,1.0000,0.0395,0.5770,1.0336,-0.0312,0.4871,1.0000,0.5863,-0.3492,1.0356,0.4688,-0.3789,1.0000,-0.5077,-0.4545,1.0347,-0.5312,-0.3789,1.0000,0.8061,0.0090,1.0337,0.7188,0.0541,1.0000,-0.5054,0.4174,1.0312,-0.5312,0.4871,1.0000
249,0.2962,-0.0024,1.0340,0.2188,0.0541,1.0000,-0.2314,0.1560,1.0362,-0.2812,0.0541,1.0000,0.0475,-0.4246,1.0343,-0.0312,-0.3789,1.0000,0.0400,0.5760,1.0334,-0.0312,0.4871,1.0000,0.5860,-0.3505,1.0354,0.4688,-0.3789,1.0000,-0.5082,-0.4550,1.0348,-0.5312,-0.3789,1.0000,0.8055,0.0081,1.0336,0.7188,0.0541,1.0000,-0.5054,0.4170,1.0314,-0.5312,0.4871,1.0000
250,0.2955,-0.0030,1.0339,0.2188,0.0541,1.0000,-0.2308,0.1553,1.0359,-0.2812,0.0541,1.0000,0.0472,-0.4252,1.0343,-0.0312,-0.3789,1.0000,0.0406,0.5750,1.0332,-0.0312,0.4871,1.0000,0.5857,-0.3517,1.0354,0.4688,-0.3789,1.0000,-0.5087,-0.4554,1.0349,-0.5312,-0.3789,1.0000,0.8050,0.0074,1.0337,0.7188,0.0541,1.0000,-0.5054,0.4167,1.0315,-0.5312,0.4871,1.0000
251,0.2947,-0.0038,1.0337,0.2188,0.0541,1.0000,-0.2302,0.1547,1.0358,-0.2812,0.0541,1.0000,0.0468,-0.4259,1.0341,-0.0312,-0.3789,1.0000,0.0411,0.5739,1.0331,-0.0312,0.4871,1.0000,0.5854,-0.3530,1.0355,0.4688,-0.3789,1.0000,-0.5093,-0.4558,1.0349,-0.5312,-0.3789,1.0000,0.8044,0.0066,1.0337,0.7188,0.0541,1.0000,-0.5054,0.4164,1.0317,-0.5312,0.4871,1.0000
252,0.2939,-0.0045,1.0335,0.2188,0.0541,1.0000,-0.2297,0.1541,1.0357,-0.2812,0.0541,1.0000,0.0465,-0.4265,1.0339,-0.0312,-0.3789,1.0000,0.0416,0.5730,1.0331,-0.0312,0.4871,1.0000,0.5852,-0.3542,1.0354,0.4688,-0.3789,1.0000,-0.5098,-0.4562,1.0350,-0.5312,-0.3789,1.0000,0.8039,0.0058,1.0335,0.7188,0.0541,1.0000,-0.5053,0.4162,1.0318,-0.5312,0.4871,1.0000
253,0.2932,-0.0052,1.0335,0.2188,0.0541,1.0000,-0.2291,0.1534,1.0354,-0.2812,0.0541,1.0000,0.0461,-0.4271,1.0338,-0.0312,-0.3789,1.0000,0.0421,0.5719,1.0329,-0.0312,0.4871,1.0000,0.5849,-0.3554,1.0354,0.4688,-0.3789,1.0000,-0.5103,-0.4567,1.0350,-0.5312,-0.3789,1.0000,0.8033,0.0051,1.0336,0.7188,0.0541,1.0000,-0.5053,0.4159,1.0318,-0.5312,0.4871,1.0000
254,0.2924,-0.0059,1.0334,0.2188,0.0541,1.0000,-0.2285,0.1527,1.0351,-0.2812,0.0541,1.0000,0.0457,-0.4277,1.0337,-0.0312,-0.3789,1.0000,0.0426,0.5709,1.0329,-0.0312,0.4871,1.0000,0.5846,-0.3565,1.0354,0.4688,-0.3789,1.0000,-0.5109,-0.4571,1.0349,-0.5312,-0.3789,1.0000,0.8027,0.0044,1.0336,0.7188,0.0541,1.0000,-0.5054,0.4157,1.0319,-0.5312,0.4871,1.0000
255,0.2917,-0.0067,1.0334,0.2188,0.0541,1.0000,-0.2280,0.1520,1.0349,-0.2812,0.0541,1.0000,0.0453,-0.4283,1.0335,-0.0312,-0.3789,1.0000,0.0430,0.5700,1.0329,-0.0312,0.4871,1.0000,0.5845,-0.3577,1.0353,0.4688,-0.3789,1.0000,-0.5114,-0.4574,1.0349,-0.5312,-0.3789,1.0000,0.8022,0.0036,1.0335,0.7188,0.0541,1.0000,-0.5054,0.4155,1.0320,-0.5312,0.4871,1.0000
256,0.2909,-0.0073,1.0334,0.2188,0.0541,1.0000,-0.2274,0.1513,1.0347,-0.2812,0.0541,1.0000,0.0450,-0.4288,1.0336,-0.0312,-0.3789,1.0000,0.0435,0.5691,1.0328,-0.0312,0.4871,1.0000,0.5842,-0.3588,1.0353,0.4688,-0.3789,1.0000,-0.5120,-0.4577,1.0350,-0.5312,-0.3789,1.0000,0.8016,0.0028,1.0334,0.7188,0.0541,1.0000,-0.5054,0.4152,1.0318,-0.5312,0.4871,1.0000
257,0.2903,-0.0080,1.0335,0.2188,0.0541,1.0000,-0.2268,0.1506,1.0343,-0.2812,0.0541,1.0000,0.0445,-0.4294,1.0337,-0.0312,-0.3789,1.0000,0.0439,0.5681,1.0327,-0.0312,0.4871,1.0000,0.5840,-0.3599,1.0354,0.4688,-0.3789,1.0000,-0.5126,-0.4581,1.0348,-0.5312,-0.3789,1.0000,0.8010,0.0021,1.0334,0.7188,0.0541,1.0000,-0.5056,0.4150,1.0318,-0.5312,0.4871,1.0000
258,0.2895,-0.0087,1.0335,0.2188,0.0541,1.0000,-0.2264,0.1499,1.0342,-0.2812,0.0541,1.0000,0.0442,-0.4300,1.0336,-0.0312,-0.3789,1.0000,0.0443,0.5673,1.0328,-0.0312,0.4871,1.0000,0.5839,-0.3610,1.0354,0.4688,-0.3789,1.0000,-0.5132,-0.4584,1.0347,-0.5312,-0.3789,1.0000,0.8004,0.0014,1.0333,0.7188,0.0541,1.0000,-0.5057,0.4147,1.0318,-0.5312,0.4871,1.0000
259,0.2888,-0.0093,1.0336,0.2188,0.0541,1.0000,-0.2258,0.1491,1.0341,-0.2812,0.0541,1.0000,0.0438,-0.4305,1.0336,-0.0312,-0.3789,1.0000,0.0448,0.5664,1.0327,-0.0312,0.4871,1.0000,0.5837,-0.3621,1.0353,0.4688,-0.3789,1.0000,-0.5137,-0.4587,1.0347,-0.5312,-0.3789,1.0000,0.7997,0.0007,1.0330,0.7188,0.0541,1.0000,-0.5058,0.4144,1.0316,-0.5312,0.4871,1.0000
260,0.2882,-0.0099,1.0337,0.2188,0.0541,1.0000,-0.2253,0.1484,1.0338,-0.2812,0.0541,1.0000,0.0434,-0.4311,1.0337,-0.0312,-0.3789,1.0000,0.0452,0.5655,1.0326,-0.0312,0.4871,1.0000,0.5834,-0.3631,1.0354,0.4688,-0.3789,1.0000,-0.5144,-0.4590,1.0347,-0.5312,-0.3789,1.0000,0.7990,0.0000,1.0329,0.7188,0.0541,1.0000,-0.5061,0.4142,1.0315,-0.5312,0.4871,1.0000
261,0.2876,-0.0105,1.0337,0.2188,0.0541,1.0000,-0.2247,0.1477,1.0336,-0.2812,0.0541,1.0000,0.0430,-0.4316,1.0336,-0.0312,-0.3789,1.0000,0.0456,0.5647,1.0326,-0.0312,0.4871,1.0000,0.5833,-0.3641,1.0354,0.4688,-0.3789,1.0000,-0.5150,-0.4594,1.0346,-0.5312,-0.3789,1.0000,0.7983,-0.0007,1.0327,0.7188,0.0541,1.0000,-0.5063,0.4139,1.0314,-0.5312,0.4871,1.0000
262,0.2869,-0.0111,1.0337,0.2188,0.0541,1.0000,-0.2242,0.1469,1.0336,-0.2812,0.0541,1.0000,0.0427,-0.4322,1.0334,-0.0312,-0.3789,1.0000,0.0461,0.5639,1.0325,-0.0312,0.4871,1.0000,0.5831,-0.3652,1.0353,0.4688,-0.3789,1.0000,-0.5155,-0.4596,1.0347,-0.5312,-0.3789,1.0000,0.7976,-0.0014,1.0325,0.7188,0.0541,1.0000,-0.5065,0.4136,1.0313,-0.5312,0.4871,1.0000
263,0.2863,-0.0116,1.0337,0.2188,0.0541,1.0000,-0.2237,0.1462,1.0334,-0.2812,0.0541,1.0000,0.0423,-0.4327,1.0334,-0.0312,-0.3789,1.0000,0.0465,0.5630,1.0324,-0.0312,0.4871,1.0000,0.5828,-0.3662,1.0353,0.4688,-0.3789,1.0000,-0.5161,-0.4599,1.0349,-0.5312,-0.3789,1.0000,0.7968,-0.0020,1.0324,0.7188,0.0541,1.0000,-0.5068,0.4132,1.0312,-0.5312,0.4871,1.0000
264,0.2857,-0.0122,1.0337,0.2188,0.0541,1.0000,-0.2232,0.1455,1.0331,-0.2812,0.0541,1.0000,0.0419,-0.4332,1.0334,-0.0312,-0.3789,1.0000,0.0469,0.5622,1.0324,-0.0312,0.4871,1.0000,0.5826,-0.3671,1.0352,0.4688,-0.3789,1.0000,-0.5167,-0.4602,1.0348,-0.5312,-0.3789,1.0000,0.7961,-0.0026,1.0323,0.7188,0.0541,1.0000,-0.5071,0.4129,1.0312,-0.5312,0.4871,1.0000
265,0.2851,-0.0127,1.0335,0.2188,0.0541,1.0000,-0.2227,0.1448,1.0331,-0.2812,0.0541,1.0000,0.0416,-0.4337,1.0333,-0.0312,-0.3789,1.0000,0.0473,0.5613,1.0324,-0.0312,0.4871,1.0000,0.5823,-0.3681,1.0349,0.4688,-0.3789,1.0000,-0.5172,-0.4605,1.0349,-0.5312,-0.3789,1.0000,0.7954,-0.0033,1.0321,0.7188,0.0541,1.0000,-0.5073,0.4126,1.0312,-0.5312,0.4871,1.0000
266,0.2845,-0.0132,1.0335,0.2188,0.0541,1.0000,-0.2222,0.1441,1.0331,-0.2812,0.0541,1.0000,0.0412,-0.4342,1.0333,-0.0312,-0.3789,1.0000,0.0477,0.5604,1.0322,-0.0312,0.4871,1.0000,0.5819,-0.3691,1.0348,0.4688,-0.3789,1.0000,-0.5178,-0.4608,1.0349,-0.5312,-0.3789,1.0000,0.7945,-0.0039,1.0320,0.7188,0.0541,1.0000,-0.5077,0.4122,1.0312,-0.5312,0.4871,1.0000
267,0.2839,-0.0138,1.0334,0.2188,0.0541,1.0000,-0.2217,0.1435,1.0330,-0.2812,0.0541,1.0000,0.0407,-0.4347,1.0334,-0.0312,-0.3789,1.0000,0.0480,0.5596,1.0320,-0.0312,0.4871,1.0000,0.5816,-0.3701,1.0346,0.4688,-0.3789,1.0000,-0.5184,-0.4611,1.0348,-0.5312,-0.3789,1.0000,0.7937,-0.0046,1.0319,0.7188,0.0541,1.0000,-0.5080,0.4119,1.0313,-0.5312,0.4871,1.0000
268,0.2831,-0.0143,1.0332,0.2188,0.0541,1.0000,-0.2213,0.1429,1.0331,-0.2812,0.0541,1.0000,0.0403,-0.4352,1.0331,-0.0312,-0.3789,1.0000,0.0484,0.5587,1.0319,-0.0312,0.4871,1.0000,0.5813,-0.3711,1.0344,0.4688,-0.3789,1.0000,-0.5190,-0.4614,1.0347,-0.5312,-0.3789,1.0000,0.7930,-0.0052,1.0318,0.7188,0.0541,1.0000,-0.5083,0.4116,1.0314,-0.5312,0.4871,1.0000
269,0.2825,-0.0148,1.0332,0.2188,0.0541,1.0000,-0.2209,0.1423,1.0331,-0.2812,0.0541,1.0000,0.0399,-0.4357,1.0330,-0.0312,-0.3789,1.0000,0.0488,0.5578,1.0317,-0.0312,0.4871,1.0000,0.5809,-0.3721,1.0341,0.4688,-0.3789,1.0000,-0.5196,-0.4616,1.0347,-0.5312,-0.3789,1.0000,0.7922,-0.0059,1.0317,0.7188,0.0541,1.0000,-0.5086,0.4113,1.0314,-0.5312,0.4871,1.0000
270,0.2819,-0.0152,1.0332,0.2188,0.0541,1.0000,-0.2204,0.1417,1.0329,-0.2812,0.0541,1.0000,0.0393,-0.4362,1.0330,-0.0312,-0.3789,1.0000,0.0492,0.5569,1.0315,-0.0312,0.4871,1.0000,0.5805,-0.3731,1.0339,0.4688,-0.3789,1.0000,-0.5202,-0.4618,1.0346,-0.5312,-0.3789,1.0000,0.7914,-0.0065,1.0317,0.7188,0.0541,1.0000,-0.5089,0.4110,1.0314,-0.5312,0.4871,1.0000
271,0.2811,-0.0158,1.0331,0.2188,0.0541,1.0000,-0.2200,0.1411,1.0329,-0.2812,0.0541,1.0000,0.0389,-0.4367,1.0327,-0.0312,-0.3789,1.0000,0.0495,0.5561,1.0316,-0.0312,0.4871,1.0000,0.5802,-0.3742,1.0337,0.4688,-0.3789,1.0000,-0.5208,-0.4621,1.0345,-0.5312,-0.3789,1.0000,0.7906,-0.0072,1.0317,0.7188,0.0541,1.0000,-0.5091,0.4107,1.0315,-0.5312,0.4871,1.0000
272,0.2804,-0.0162,1.0330,0.2188,0.0541,1.0000,-0.2196,0.1405,1.0330,-0.2812,0.0541,1.0000,0.0384,-0.4373,1.0325,-0.0312,-0.3789,1.0000,0.0498,0.5552,1.0317,-0.0312,0.4871,1.0000,0.5797,-0.3753,1.0334,0.4688,-0.3789,1.0000,-0.5214,-0.4623,1.0345,-0.5312,-0.3789,1.0000,0.7899,-0.0079,1.0317,0.7188,0.0541,1.0000,-0.5094,0.4104,1.0316,-0.5312,0.4871,1.0000
273,0.2798,-0.0166,1.0330,0.2188,0.0541,1.0000,-0.2191,0.1400,1.0330,-0.2812,0.0541,1.0000,0.0378,-0.4378,1.0325,-0.0312,-0.3789,1.0000,0.0502,0.5543,1.0316,-0.0312,0.4871,1.0000,0.5793,-0.3764,1.0333,0.4688,-0.3789,1.0000,-0.5221,-0.4624,1.0345,-0.5312,-0.3789,1.0000,0.7891,-0.0085,1.0318,0.7188,0.0541,1.0000,-0.5096,0.4101,1.0316,-0.5312,0.4871,1.0000
274,0.2791,-0.0171,1.0329,0.2188,0.0541,1.0000,-0.2187,0.1395,1.0329,-0.2812,0.0541,1.0000,0.0373,-0.4384,1.0323,-0.0312,-0.3789,1.0000,0.0505,0.5535,1.0317,-0.0312,0.4871,1.0000,0.5789,-0.3775,1.0331,0.4688,-0.3789,1.0000,-0.5228,-0.4626,1.0343,-0.5312,-0.3789,1.0000,0.7885,-0.0091,1.0319,0.7188,0.0541,1.0000,-0.5098,0.4098,1.0317,-0.5312,0.4871,1.0000
275,0.2784,-0.0176,1.0328,0.2188,0.0541,1.0000,-0.2183,0.1389,1.0329,-0.2812,0.0541,1.0000,0.0367,-0.4389,1.0320,-0.0312,-0.3789,1.0000,0.0508,0.5526,1.0318,-0.0312,0.4871,1.0000,0.5785,-0.3787,1.0329,0.4688,-0.3789,1.0000,-0.5234,-0.4628,1.0342,-0.5312,-0.3789,1.0000,0.7878,-0.0097,1.0319,0.7188,0.0541,1.0000,-0.5101,0.4095,1.0318,-0.5312,0.4871,1.0000
276,0.2778,-0.0180,1.0328,0.2188,0.0541,1.0000,-0.2178,0.1384,1.0328,-0.2812,0.0541,1.0000,0.0361,-0.4394,1.0319,-0.0312,-0.3789,1.0000,0.0512,0.5518,1.0317,-0.0312,0.4871,1.0000,0.5780,-0.3798,1.0330,0.4688,-0.3789,1.0000,-0.5241,-0.4629,1.0343,-0.5312,-0.3789,1.0000,0.7871,-0.0102,1.0321,0.7188,0.0541,1.0000,-0.5104,0.4092,1.0318,-0.5312,0.4871,1.0000
277,0.2772,-0.0185,1.0329,0.2188,0.0541,1.0000,-0.2174,0.1379,1.0326,-0.2812,0.0541,1.0000,0.0355,-0.4400,1.0318,-0.0312,-0.3789,1.0000,0.0515,0.5510,1.0316,-0.0312,0.4871,1.0000,0.5777,-0.3809,1.0330,0.4688,-0.3789,1.0000,-0.5248,-0.4631,1.0341,-0.5312,-0.3789,1.0000,0.7865,-0.0107,1.0322,0.7188,0.0541,1.0000,-0.5106,0.4090,1.0319,-0.5312,0.4871,1.0000
278,0.2765,-0.0189,1.0329,0.2188,0.0541,1.0000,-0.2170,0.1373,1.0326,-0.2812,0.0541,1.0000,0.0349,-0.4405,1.0316,-0.0312,-0.3789,1.0000,0.0518,0.5502,1.0317,-0.0312,0.4871,1.0000,0.5772,-0.3820,1.0329,0.4688,-0.3789,1.0000,-0.5255,-0.4633,1.0340,-0.5312,-0.3789,1.0000,0.7859,-0.0113,1.0322,0.7188,0.0541,1.0000,-0.5108,0.4087,1.0320,-0.5312,0.4871,1.0000
279,0.2760,-0.0193,1.0330,0.2188,0.0541,1.0000,-0.2166,0.1368,1.0325,-0.2812,0.0541,1.0000,0.0342,-0.4410,1.0316,-0.0312,-0.3789,1.0000,0.0521,0.5493,1.0316,-0.0312,0.4871,1.0000,0.5768,-0.3830,1.0329,0.4688,-0.3789,1.0000,-0.5262,-0.4634,1.0340,-0.5312,-0.3789,1.0000,0.7853,-0.0117,1.0324,0.7188,0.0541,1.0000,-0.5111,0.4084,1.0319,-0.5312,0.4871,1.0000
280,0.2754,-0.0197,1.0332,0.2188,0.0541,1.0000,-0.2161,0.1362,1.0323,-0.2812,0.0541,1.0000,0.0336,-0.4414,1.0315,-0.0312,-0.3789,1.0000,0.0524,0.5485,1.0314,-0.0312,0.4871,1.0000,0.5764,-0.3840,1.0330,0.4688,-0.3789,1.0000,-0.5269,-0.4635,1.0340,-0.5312,-0.3789,1.0000,0.7848,-0.0122,1.0325,0.7188,0.0541,1.0000,-0.5114,0.4081,1.0317,-0.5312,0.4871,1.0000
281,0.2747,-0.0201,1.0331,0.2188,0.0541,1.0000,-0.2158,0.1355,1.0321,-0.2812,0.0541,1.0000,0.0330,-0.4419,1.0313,-0.0312,-0.3789,1.0000,0.0527,0.5476,1.0315,-0.0312,0.4871,1.0000,0.5760,-0.3851,1.0329,0.4688,-0.3789,1.0000,-0.5275,-0.4637,1.0339,-0.5312,-0.3789,1.0000,0.7843,-0.0127,1.0325,0.7188,0.0541,1.0000,-0.5117,0.4079,1.0318,-0.5312,0.4871,1.0000
282,0.2741,-0.0205,1.0329,0.2188,0.0541,1.0000,-0.2154,0.1349,1.0319,-0.2812,0.0541,1.0000,0.0323,-0.4424,1.0313,-0.0312,-0.3789,1.0000,0.0529,0.5468,1.0315,-0.0312,0.4871,1.0000,0.5756,-0.3861,1.0330,0.4688,-0.3789,1.0000,-0.5282,-0.4637,1.0340,-0.5312,-0.3789,1.0000,0.7837,-0.0131,1.0324,0.7188,0.0541,1.0000,-0.5120,0.4076,1.0317,-0.5312,0.4871,1.0000
283,0.2734,-0.0209,1.0329,0.2188,0.0541,1.0000,-0.2150,0.1343,1.0317,-0.2812,0.0541,1.0000,0.0317,-0.4428,1.0313,-0.0312,-0.3789,1.0000,0.0532,0.5459,1.0312,-0.0312,0.4871,1.0000,0.5752,-0.3870,1.0330,0.4688,-0.3789,1.0000,-0.5288,-0.4638,1.0341,-0.5312,-0.3789,1.0000,0.7832,-0.0135,1.0324,0.7188,0.0541,1.0000,-0.5124,0.4074,1.0316,-0.5312,0.4871,1.0000
284,0.2727,-0.0213,1.0327,0.2188,0.0541,1.0000,-0.2146,0.1335,1.0315,-0.2812,0.0541,1.0000,0.0312,-0.4433,1.0313,-0.0312,-0.3789,1.0000,0.0534,0.5450,1.0312,-0.0312,0.4871,1.0000,0.5749,-0.3880,1.0330,0.4688,-0.3789,1.0000,-0.5294,-0.4640,1.0340,-0.5312,-0.3789,1.0000,0.7827,-0.0140,1.0323,0.7188,0.0541,1.0000,-0.5126,0.4072,1.0317,-0.5312,0.4871,1.0000
285,0.2721,-0.0217,1.0325,0.2188,0.0541,1.0000,-0.2143,0.1328,1.0313,-0.2812,0.0541,1.0000,0.0305,-0.4438,1.0313,-0.0312,-0.3789,1.0000,0.0536,0.5441,1.0312,-0.0312,0.4871,1.0000,0.5745,-0.3889,1.0329,0.4688,-0.3789,1.0000,-0.5300,-0.4640,1.0341,-0.5312,-0.3789,1.0000,0.7821,-0.0145,1.0322,0.7188,0.0541,1.0000,-0.5130,0.4070,1.0319,-0.5312,0.4871,1.0000
286,0.2714,-0.0220,1.0325,0.2188,0.0541,1.0000,-0.2139,0.1321,1.0310,-0.2812,0.0541,1.0000,0.0300,-0.4442,1.0314,-0.0312,-0.3789,1.0000,0.0539,0.5432,1.0310,-0.0312,0.4871,1.0000,0.5741,-0.3898,1.0329,0.4688,-0.3789,1.0000,-0.5305,-0.4641,1.0343,-0.5312,-0.3789,1.0000,0.7815,-0.0149,1.0322,0.7188,0.0541,1.0000,-0.5133,0.4067,1.0318,-0.5312,0.4871,1.0000
287,0.2707,-0.0223,1.0325,0.2188,0.0541,1.0000,-0.2135,0.1313,1.0308,-0.2812,0.0541,1.0000,0.0295,-0.4447,1.0315,-0.0312,-0.3789,1.0000,0.0542,0.5422,1.0308,-0.0312,0.4871,1.0000,0.5738,-0.3908,1.0328,0.4688,-0.3789,1.0000,-0.5311,-0.4643,1.0343,-0.5312,-0.3789,1.0000,0.7809,-0.0154,1.0321,0.7188,0.0541,1.0000,-0.5135,0.4065,1.0319,-0.5312,0.4871,1.0000
288,0.2699,-0.0227,1.0324,0.2188,0.0541,1.0000,-0.2131,0.1305,1.0307,-0.2812,0.0541,1.0000,0.0289,-0.4452,1.0316,-0.0312,-0.3789,1.0000,0.0543,0.5413,1.0308,-0.0312,0.4871,1.0000,0.5734,-0.3918,1.0326,0.4688,-0.3789,1.0000,-0.5316,-0.4644,1.0345,-0.5312,-0.3789,1.0000,0.7803,-0.0159,1.0319,0.7188,0.0541,1.0000,-0.5138,0.4063,1.0320,-0.5312,0.4871,1.0000
289,0.2693,-0.0230,1.0324,0.2188,0.0541,1.0000,-0.2127,0.1297,1.0304,-0.2812,0.0541,1.0000,0.0284,-0.4456,1.0318,-0.0312,-0.3789,1.0000,0.0546,0.5403,1.0306,-0.0312,0.4871,1.0000,0.5730,-0.3927,1.0327,0.4688,-0.3789,1.0000,-0.5321,-0.4645,1.0346,-0.5312,-0.3789,1.0000,0.7797,-0.0163,1.0319,0.7188,0.0541,1.0000,-0.5142,0.4060,1.0320,-0.5312,0.4871,1.0000
290,0.2686,-0.0234,1.0325,0.2188,0.0541,1.0000,-0.2123,0.1289,1.0303,-0.2812,0.0541,1.0000,0.0281,-0.4461,1.0319,-0.0312,-0.3789,1.0000,0.0548,0.5394,1.0305,-0.0312,0.4871,1.0000,0.5727,-0.3936,1.0326,0.4688,-0.3789,1.0000,-0.5326,-0.4647,1.0346,-0.5312,-0.3789,1.0000,0.7791,-0.0167,1.0319,0.7188,0.0541,1.0000,-0.5144,0.4058,1.0319,-0.5312,0.4871,1.0000
291,0.2679,-0.0238,1.0324,0.2188,0.0541,1.0000,-0.2119,0.1280,1.0302,-0.2812,0.0541,1.0000,0.0276,-0.4466,1.0320,-0.0312,-0.3789,1.0000,0.0549,0.5384,1.0305,-0.0312,0.4871,1.0000,0.5722,-0.3946,1.0325,0.4688,-0.3789,1.0000,-0.5331,-0.4649,1.0347,-0.5312,-0.3789,1.0000,0.7784,-0.0172,1.0318,0.7188,0.0541,1.0000,-0.5147,0.4056,1.0320,-0.5312,0.4871,1.0000
292,0.2672,-0.0241,1.0323,0.2188,0.0541,1.0000,-0.2114,0.1273,1.0300,-0.2812,0.0541,1.0000,0.0272,-0.4470,1.0321,-0.0312,-0.3789,1.0000,0.0551,0.5374,1.0304,-0.0312,0.4871,1.0000,0.5718,-0.3954,1.0324,0.4688,-0.3789,1.0000,-0.5336,-0.4650,1.0349,-0.5312,-0.3789,1.0000,0.7777,-0.0176,1.0317,0.7188,0.0541,1.0000,-0.5150,0.4054,1.0319,-0.5312,0.4871,1.0000
293,0.2665,-0.0244,1.0325,0.2188,0.0541,1.0000,-0.2110,0.1264,1.0300,-0.2812,0.0541,1.0000,0.0269,-0.4474,1.0323,-0.0312,-0.3789,1.0000,0.0553,0.5365,1.0303,-0.0312,0.4871,1.0000,0.5714,-0.3963,1.0324,0.4688,-0.3789,1.0000,-0.5340,-0.4652,1.0349,-0.5312,-0.3789,1.0000,0.7771,-0.0180,1.0317,0.7188,0.0541,1.0000,-0.5153,0.4051,1.0318,-0.5312,0.4871,1.0000
294,0.2659,-0.0248,1.0325,0.2188,0.0541,1.0000,-0.2106,0.1256,1.0300,-0.2812,0.0541,1.0000,0.0265,-0.4478,1.0323,-0.0312,-0.3789,1.0000,0.0554,0.5356,1.0305,-0.0312,0.4871,1.0000,0.5709,-0.3973,1.0322,0.4688,-0.3789,1.0000,-0.5345,-0.4653,1.0349,-0.5312,-0.3789,1.0000,0.7764,-0.0184,1.0316,0.7188,0.0541,1.0000,-0.5156,0.4050,1.0319,-0.5312,0.4871,1.0000
295,0.2653,-0.0252,1.0324,0.2188,0.0541,1.0000,-0.2101,0.1249,1.0300,-0.2812,0.0541,1.0000,0.0262,-0.4481,1.0324,-0.0312,-0.3789,1.0000,0.0555,0.5347,1.0306,-0.0312,0.4871,1.0000,0.5704,-0.3982,1.0321,0.4688,-0.3789,1.0000,-0.5349,-0.4654,1.0350,-0.5312,-0.3789,1.0000,0.7758,-0.0189,1.0315,0.7188,0.0541,1.0000,-0.5159,0.4049,1.0320,-0.5312,0.4871,1.0000
296,0.2646,-0.0254,1.0326,0.2188,0.0541,1.0000,-0.2097,0.1241,1.0300,-0.2812,0.0541,1.0000,0.0259,-0.4484,1.0326,-0.0312,-0.3789,1.0000,0.0558,0.5339,1.0306,-0.0312,0.4871,1.0000,0.5700,-0.3991,1.0321,0.4688,-0.3789,1.0000,-0.5353,-0.4655,1.0350,-0.5312,-0.3789,1.0000,0.7752,-0.0192,1.0316,0.7188,0.0541,1.0000,-0.5162,0.4046,1.0318,-0.5312,0.4871,1.0000
297,0.2640,-0.0257,1.0327,0.2188,0.0541,1.0000,-0.2093,0.1234,1.0301,-0.2812,0.0541,1.0000,0.0256,-0.4488,1.0325,-0.0312,-0.3789,1.0000,0.0559,0.5330,1.0307,-0.0312,0.4871,1.0000,0.5696,-0.4000,1.0321,0.4688,-0.3789,1.0000,-0.5357,-0.4656,1.0349,-0.5312,-0.3789,1.0000,0.7745,-0.0197,1.0316,0.7188,0.0541,1.0000,-0.5166,0.4045,1.0318,-0.5312,0.4871,1.0000
298,0.2635,-0.0261,1.0326,0.2188,0.0541,1.0000,-0.2089,0.1227,1.0302,-0.2812,0.0541,1.0000,0.0252,-0.4491,1.0325,-0.0312,-0.3789,1.0000,0.0560,0.5322,1.0309,-0.0312,0.4871,1.0000,0.5691,-0.4009,1.0321,0.4688,-0.3789,1.0000,-0.5362,-0.4656,1.0349,-0.5312,-0.3789,1.0000,0.7739,-0.0201,1.0315,0.7188,0.0541,1.0000,-0.5170,0.4043,1.0318,-0.5312,0.4871,1.0000
299,0.2629,-0.0263,1.0327,0.2188,0.0541,1.0000,-0.2085,0.1220,1.0302,-0.2812,0.0541,1.0000,0.0249,-0.4494,1.0325,-0.0312,-0.3789,1.0000,0.0563,0.5314,1.0309,-0.0312,0.4871,1.0000,0.5687,-0.4017,1.0322,0.4688,-0.3789,1.0000,-0.5366,-0.4656,1.0348,-0.5312,-0.3789,1.0000,0.7733,-0.0205,1.0316,0.7188,0.0541,1.0000,-0.5174,0.4041,1.0317,-0.5312,0.4871,1.0000
300,0.2622,-0.0266,1.0328,0.2188,0.0541,1.0000,-0.2082,0.1213,1.0303,-0.2812,0.0541,1.0000,0.0246,-0.4497,1.0324,-0.0312,-0.3789,1.0000,0.0565,0.5306,1.0311,-0.0312,0.4871,1.0000,0.5682,-0.4025,1.0324,0.4688,-0.3789,1.0000,-0.5370,-0.4657,1.0346,-0.5312,-0.3789,1.0000,0.7727,-0.0209,1.0318,0.7188,0.0541,1.0000,-0.5178,0.4039,1.0315,-0.5312,0.4871,1.0000
301,0.2617,-0.0270,1.0328,0.2188,0.0541,1.0000,-0.2079,0.1208,1.0304,-0.2812,0.0541,1.0000,0.0242,-0.4501,1.0322,-0.0312,-0.3789,1.0000,0.0567,0.5298,1.0313,-0.0312,0.4871,1.0000,0.5678,-0.4034,1.0323,0.4688,-0.3789,1.0000,-0.5376,-0.4656,1.0344,-0.5312,-0.3789,1.0000,0.7720,-0.0213,1.0317,0.7188,0.0541,1.0000,-0.5182,0.4038,1.0316,-0.5312,0.4871,1.0000
302,0.2611,-0.0273,1.0327,0.2188,0.0541,1.0000,-0.2075,0.1201,1.0303,-0.2812,0.0541,1.0000,0.0238,-0.4504,1.0321,-0.0312,-0.3789,1.0000,0.0570,0.5291,1.0314,-0.0312,0.4871,1.0000,0.5674,-0.4042,1.0323,0.4688,-0.3789,1.0000,-0.5381,-0.4656,1.0343,-0.5312,-0.3789,1.0000,0.7714,-0.0217,1.0316,0.7188,0.0541,1.0000,-0.5187,0.4036,1.0315,-0.5312,0.4871,1.0000
303,0.2604,-0.0275,1.0327,0.2188,0.0541,1.0000,-0.2072,0.1195,1.0303,-0.2812,0.0541,1.0000,0.0234,-0.4507,1.0320,-0.0312,-0.3789,1.0000,0.0572,0.5284,1.0314,-0.0312,0.4871,1.0000,0.5670,-0.4050,1.0324,0.4688,-0.3789,1.0000,-0.5386,-0.4656,1.0341,-0.5312,-0.3789,1.0000,0.7708,-0.0221,1.0316,0.7188,0.0541,1.0000,-0.5191,0.4035,1.0313,-0.5312,0.4871,1.0000
304,0.2598,-0.0279,1.0326,0.2188,0.0541,1.0000,-0.2069,0.1189,1.0303,-0.2812,0.0541,1.0000,0.0229,-0.4511,1.0318,-0.0312,-0.3789,1.0000,0.0574,0.5277,1.0316,-0.0312,0.4871,1.0000,0.5665,-0.4059,1.0322,0.4688,-0.3789,1.0000,-0.5392,-0.4656,1.0339,-0.5312,-0.3789,1.0000,0.7701,-0.0225,1.0313,0.7188,0.0541,1.0000,-0.5196,0.4034,1.0313,-0.5312,0.4871,1.0000
305,0.2592,-0.0282,1.0324,0.2188,0.0541,1.0000,-0.2066,0.1183,1.0302,-0.2812,0.0541,1.0000,0.0225,-0.4514,1.0317,-0.0312,-0.3789,1.0000,0.0577,0.5271,1.0318,-0.0312,0.4871,1.0000,0.5661,-0.4067,1.0320,0.4688,-0.3789,1.0000,-0.5398,-0.4655,1.0338,-0.5312,-0.3789,1.0000,0.7694,-0.0229,1.0311,0.7188,0.0541,1.0000,-0.5201,0.4033,1.0312,-0.5312,0.4871,1.0000
306,0.2584,-0.0284,1.0323,0.2188,0.0541,1.0000,-0.2062,0.1176,1.0301,-0.2812,0.0541,1.0000,0.0220,-0.4517,1.0318,-0.0312,-0.3789,1.0000,0.0579,0.5264,1.0318,-0.0312,0.4871,1.0000,0.5656,-0.4074,1.0320,0.4688,-0.3789,1.0000,-0.5404,-0.4655,1.0337,-0.5312,-0.3789,1.0000,0.7688,-0.0233,1.0311,0.7188,0.0541,1.0000,-0.5205,0.4032,1.0312,-0.5312,0.4871,1.0000
307,0.2578,-0.0287,1.0322,0.2188,0.0541,1.0000,-0.2059,0.1170,1.0300,-0.2812,0.0541,1.0000,0.0215,-0.4520,1.0316,-0.0312,-0.3789,1.0000,0.0580,0.5258,1.0319,-0.0312,0.4871,1.0000,0.5651,-0.4082,1.0320,0.4688,-0.3789,1.0000,-0.5411,-0.4654,1.0336,-0.5312,-0.3789,1.0000,0.7680,-0.0237,1.0311,0.7188,0.0541,1.0000,-0.5210,0.4031,1.0313,-0.5312,0.4871,1.0000
308,0.2571,-0.0290,1.0320,0.2188,0.0541,1.0000,-0.2056,0.1164,1.0300,-0.2812,0.0541,1.0000,0.0210,-0.4523,1.0315,-0.0312,-0.3789,1.0000,0.0583,0.5252,1.0319,-0.0312,0.4871,1.0000,0.5647,-0.4091,1.0318,0.4688,-0.3789,1.0000,-0.5417,-0.4653,1.0335,-0.5312,-0.3789,1.0000,0.7673,-0.0241,1.0310,0.7188,0.0541,1.0000,-0.5214,0.4031,1.0314,-0.5312,0.4871,1.0000
309,0.2563,-0.0292,1.0320,0.2188,0.0541,1.0000,-0.2053,0.1157,1.0298,-0.2812,0.0541,1.0000,0.0205,-0.4526,1.0316,-0.0312,-0.3789,1.0000,0.0585,0.5245,1.0319,-0.0312,0.4871,1.0000,0.5642,-0.4098,1.0318,0.4688,-0.3789,1.0000,-0.5423,-0.4653,1.0335,-0.5312,-0.3789,1.0000,0.7667,-0.0244,1.0311,0.7188,0.0541,1.0000,-0.5218,0.4029,1.0313,-0.5312,0.4871,1.0000
310,0.2556,-0.0294,1.0319,0.2188,0.0541,1.0000,-0.2050,0.1150,1.0298,-0.2812,0.0541,1.0000,0.0200,-0.4530,1.0315,-0.0312,-0.3789,1.0000,0.0586,0.5239,1.0319,-0.0312,0.4871,1.0000,0.5636,-0.4106,1.0319,0.4688,-0.3789,1.0000,-0.5430,-0.4652,1.0334,-0.5312,-0.3789,1.0000,0.7660,-0.0247,1.0312,0.7188,0.0541,1.0000,-0.5222,0.4029,1.0314,-0.5312,0.4871,1.0000
311,0.2548,-0.0296,1.0316,0.2188,0.0541,1.0000,-0.2047,0.1144,1.0299,-0.2812,0.0541,1.0000,0.0195,-0.4533,1.0313,-0.0312,-0.3789,1.0000,0.0587,0.5232,1.0319,-0.0312,0.4871,1.0000,0.5631,-0.4115,1.0317,0.4688,-0.3789,1.0000,-0.5437,-0.4651,1.0333,-0.5312,-0.3789,1.0000,0.7653,-0.0251,1.0312,0.7188,0.0541,1.0000,-0.5226,0.4028,1.0316,-0.5312,0.4871,1.0000
312,0.2540,-0.0298,1.0316,0.2188,0.0541,1.0000,-0.2044,0.1136,1.0298,-0.2812,0.0541,1.0000,0.0191,-0.4536,1.0314,-0.0312,-0.3789,1.0000,0.0588,0.5226,1.0317,-0.0312,0.4871,1.0000,0.5626,-0.4123,1.0316,0.4688,-0.3789,1.0000,-0.5442,-0.4650,1.0334,-0.5312,-0.3789,1.0000,0.7646,-0.0255,1.0312,0.7188,0.0541,1.0000,-0.5230,0.4026,1.0316,-0.5312,0.4871,1.0000
313,0.2532,-0.0299,1.0315,0.2188,0.0541,1.0000,-0.2041,0.1130,1.0298,-0.2812,0.0541,1.0000,0.0186,-0.4539,1.0315,-0.0312,-0.3789,1.0000,0.0589,0.5218,1.0316,-0.0312,0.4871,1.0000,0.5620,-0.4131,1.0316,0.4688,-0.3789,1.0000,-0.5449,-0.4650,1.0334,-0.5312,-0.3789,1.0000,0.7640,-0.0257,1.0313,0.7188,0.0541,1.0000,-0.5234,0.4025,1.0317,-0.5312,0.4871,1.0000
314,0.2525,-0.0301,1.0314,0.2188,0.0541,1.0000,-0.2039,0.1123,1.0298,-0.2812,0.0541,1.0000,0.0181,-0.4542,1.0315,-0.0312,-0.3789,1.0000,0.0590,0.5211,1.0315,-0.0312,0.4871,1.0000,0.5615,-0.4139,1.0315,0.4688,-0.3789,1.0000,-0.5455,-0.4649,1.0333,-0.5312,-0.3789,1.0000,0.7633,-0.0261,1.0313,0.7188,0.0541,1.0000,-0.5237,0.4024,1.0319,-0.5312,0.4871,1.0000
315,0.2516,-0.0303,1.0313,0.2188,0.0541,1.0000,-0.2036,0.1116,1.0298,-0.2812,0.0541,1.0000,0.0176,-0.4545,1.0316,-0.0312,-0.3789,1.0000,0.0592,0.5204,1.0313,-0.0312,0.4871,1.0000,0.5610,-0.4147,1.0314,0.4688,-0.3789,1.0000,-0.5461,-0.4649,1.0334,-0.5312,-0.3789,1.0000,0.7627,-0.0265,1.0311,0.7188,0.0541,1.0000,-0.5240,0.4022,1.0320,-0.5312,0.4871,1.0000
316,0.2508,-0.0304,1.0313,0.2188,0.0541,1.0000,-0.2033,0.1110,1.0297,-0.2812,0.0541,1.0000,0.0172,-0.4547,1.0318,-0.0312,-0.3789,1.0000,0.0593,0.5195,1.0312,-0.0312,0.4871,1.0000,0.5604,-0.4155,1.0314,0.4688,-0.3789,1.0000,-0.5467,-0.4649,1.0334,-0.5312,-0.3789,1.0000,0.7621,-0.0267,1.0312,0.7188,0.0541,1.0000,-0.5243,0.4021,1.0321,-0.5312,0.4871,1.0000
317,0.2500,-0.0307,1.0312,0.2188,0.0541,1.0000,-0.2030,0.1104,1.0298,-0.2812,0.0541,1.0000,0.0166,-0.4551,1.0317,-0.0312,-0.3789,1.0000,0.0593,0.5187,1.0311,-0.0312,0.4871,1.0000,0.5599,-0.4162,1.0315,0.4688,-0.3789,1.0000,-0.5473,-0.4648,1.0334,-0.5312,-0.3789,1.0000,0.7615,-0.0270,1.0313,0.7188,0.0541,1.0000,-0.5246,0.4020,1.0323,-0.5312,0.4871,1.0000
318,0.2492,-0.0309,1.0312,0.2188,0.0541,1.0000,-0.2027,0.1097,1.0299,-0.2812,0.0541,1.0000,0.0161,-0.4554,1.0315,-0.0312,-0.3789,1.0000,0.0595,0.5179,1.0310,-0.0312,0.4871,1.0000,0.5594,-0.4170,1.0315,0.4688,-0.3789,1.0000,-0.5479,-0.4648,1.0335,-0.5312,-0.3789,1.0000,0.7609,-0.0273,1.0312,0.7188,0.0541,1.0000,-0.5248,0.4018,1.0324,-0.5312,0.4871,1.0000
319,0.2484,-0.0310,1.0313,0.2188,0.0541,1.0000,-0.2024,0.1091,1.0299,-0.2812,0.0541,1.0000,0.0156,-0.4556,1.0315,-0.0312,-0.3789,1.0000,0.0596,0.5170,1.0308,-0.0312,0.4871,1.0000,0.5589,-0.4177,1.0317,0.4688,-0.3789,1.0000,-0.5485,-0.4647,1.0337,-0.5312,-0.3789,1.0000,0.7603,-0.0276,1.0313,0.7188,0.0541,1.0000,-0.5251,0.4017,1.0324,-0.5312,0.4871,1.0000
320,0.2477,-0.0313,1.0314,0.2188,0.0541,1.0000,-0.2022,0.1085,1.0301,-0.2812,0.0541,1.0000,0.0151,-0.4559,1.0313,-0.0312,-0.3789,1.0000,0.0596,0.5162,1.0309,-0.0312,0.4871,1.0000,0.5584,-0.4184,1.0318,0.4688,-0.3789,1.0000,-0.5491,-0.4647,1.0335,-0.5312,-0.3789,1.0000,0.7597,-0.0278,1.0314,0.7188,0.0541,1.0000,-0.5254,0.4017,1.0326,-0.5312,0.4871,1.0000
321,0.2469,-0.0315,1.0314,0.2188,0.0541,1.0000,-0.2020,0.1079,1.0303,-0.2812,0.0541,1.0000,0.0145,-0.4562,1.0311,-0.0312,-0.3789,1.0000,0.0598,0.5153,1.0309,-0.0312,0.4871,1.0000,0.5580,-0.4191,1.0318,0.4688,-0.3789,1.0000,-0.5497,-0.4646,1.0334,-0.5312,-0.3789,1.0000,0.7590,-0.0281,1.0313,0.7188,0.0541,1.0000,-0.5256,0.4016,1.0326,-0.5312,0.4871,1.0000
322,0.2462,-0.0317,1.0315,0.2188,0.0541,1.0000,-0.2017,0.1073,1.0302,-0.2812,0.0541,1.0000,0.0140,-0.4564,1.0311,-0.0312,-0.3789,1.0000,0.0598,0.5145,1.0308,-0.0312,0.4871,1.0000,0.5575,-0.4198,1.0319,0.4688,-0.3789,1.0000,-0.5503,-0.4645,1.0334,-0.5312,-0.3789,1.0000,0.7584,-0.0284,1.0313,0.7188,0.0541,1.0000,-0.5258,0.4015,1.0325,-0.5312,0.4871,1.0000
323,0.2456,-0.0319,1.0317,0.2188,0.0541,1.0000,-0.2014,0.1067,1.0300,-0.2812,0.0541,1.0000,0.0134,-0.4567,1.0312,-0.0312,-0.3789,1.0000,0.0599,0.5136,1.0309,-0.0312,0.4871,1.0000,0.5571,-0.4204,1.0321,0.4688,-0.3789,1.0000,-0.5509,-0.4645,1.0332,-0.5312,-0.3789,1.0000,0.7577,-0.0286,1.0313,0.7188,0.0541,1.0000,-0.5261,0.4015,1.0325,-0.5312,0.4871,1.0000
324,0.2450,-0.0321,1.0317,0.2188,0.0541,1.0000,-0.2012,0.1060,1.0301,-0.2812,0.0541,1.0000,0.0128,-0.4570,1.0310,-0.0312,-0.3789,1.0000,0.0599,0.5128,1.0310,-0.0312,0.4871,1.0000,0.5567,-0.4211,1.0322,0.4688,-0.3789,1.0000,-0.5516,-0.4644,1.0330,-0.5312,-0.3789,1.0000,0.7571,-0.0289,1.0311,0.7188,0.0541,1.0000,-0.5264,0.4015,1.0325,-0.5312,0.4871,1.0000
325,0.2443,-0.0323,1.0319,0.2188,0.0541,1.0000,-0.2010,0.1053,1.0300,-0.2812,0.0541,1.0000,0.0123,-0.4572,1.0310,-0.0312,-0.3789,1.0000,0.0600,0.5120,1.0309,-0.0312,0.4871,1.0000,0.5563,-0.4218,1.0323,0.4688,-0.3789,1.0000,-0.5521,-0.4643,1.0330,-0.5312,-0.3789,1.0000,0.7564,-0.0292,1.0309,0.7188,0.0541,1.0000,-0.5267,0.4014,1.0323,-0.5312,0.4871,1.0000
326,0.2438,-0.0324,1.0321,0.2188,0.0541,1.0000,-0.2007,0.1047,1.0298,-0.2812,0.0541,1.0000,0.0117,-0.4575,1.0311,-0.0312,-0.3789,1.0000,0.0601,0.5112,1.0309,-0.0312,0.4871,1.0000,0.5559,-0.4224,1.0324,0.4688,-0.3789,1.0000,-0.5528,-0.4642,1.0331,-0.5312,-0.3789,1.0000,0.7556,-0.0293,1.0309,0.7188,0.0541,1.0000,-0.5270,0.4014,1.0322,-0.5312,0.4871,1.0000
327,0.2432,-0.0327,1.0320,0.2188,0.0541,1.0000,-0.2006,0.1040,1.0299,-0.2812,0.0541,1.0000,0.0111,-0.4578,1.0310,-0.0312,-0.3789,1.0000,0.0601,0.5104,1.0311,-0.0312,0.4871,1.0000,0.5556,-0.4231,1.0324,0.4688,-0.3789,1.0000,-0.5534,-0.4641,1.0330,-0.5312,-0.3789,1.0000,0.7549,-0.0295,1.0308,0.7188,0.0541,1.0000,-0.5274,0.4014,1.0321,-0.5312,0.4871,1.0000
328,0.2426,-0.0328,1.0320,0.2188,0.0541,1.0000,-0.2004,0.1033,1.0300,-0.2812,0.0541,1.0000,0.0105,-0.4581,1.0310,-0.0312,-0.3789,1.0000,0.0602,0.5096,1.0311,-0.0312,0.4871,1.0000,0.5553,-0.4238,1.0324,0.4688,-0.3789,1.0000,-0.5540,-0.4640,1.0330,-0.5312,-0.3789,1.0000,0.7542,-0.0298,1.0306,0.7188,0.0541,1.0000,-0.5277,0.4013,1.0319,-0.5312,0.4871,1.0000
329,0.2421,-0.0330,1.0321,0.2188,0.0541,1.0000,-0.2002,0.1026,1.0298,-0.2812,0.0541,1.0000,0.0100,-0.4583,1.0311,-0.0312,-0.3789,1.0000,0.0603,0.5088,1.0310,-0.0312,0.4871,1.0000,0.5549,-0.4244,1.0325,0.4688,-0.3789,1.0000,-0.5546,-0.4639,1.0331,-0.5312,-0.3789,1.0000,0.7534,-0.0299,1.0305,0.7188,0.0541,1.0000,-0.5282,0.4013,1.0318,-0.5312,0.4871,1.0000
330,0.2416,-0.0332,1.0320,0.2188,0.0541,1.0000,-0.2000,0.1019,1.0298,-0.2812,0.0541,1.0000,0.0094,-0.4586,1.0311,-0.0312,-0.3789,1.0000,0.0604,0.5081,1.0311,-0.0312,0.4871,1.0000,0.5545,-0.4251,1.0325,0.4688,-0.3789,1.0000,-0.5552,-0.4638,1.0330,-0.5312,-0.3789,1.0000,0.7527,-0.0300,1.0304,0.7188,0.0541,1.0000,-0.5286,0.4012,1.0317,-0.5312,0.4871,1.0000
331,0.2409,-0.0334,1.0319,0.2188,0.0541,1.0000,-0.1998,0.1012,1.0299,-0.2812,0.0541,1.0000,0.0089,-0.4589,1.0311,-0.0312,-0.3789,1.0000,0.0605,0.5074,1.0312,-0.0312,0.4871,1.0000,0.5542,-0.4257,1.0324,0.4688,-0.3789,1.0000,-0.5558,-0.4638,1.0329,-0.5312,-0.3789,1.0000,0.7519,-0.0302,1.0302,0.7188,0.0541,1.0000,-0.5290,0.4011,1.0316,-0.5312,0.4871,1.0000
332,0.2404,-0.0335,1.0319,0.2188,0.0541,1.0000,-0.1996,0.1004,1.0298,-0.2812,0.0541,1.0000,0.0084,-0.4591,1.0312,-0.0312,-0.3789,1.0000,0.0605,0.5066,1.0311,-0.0312,0.4871,1.0000,0.5537,-0.4263,1.0324,0.4688,-0.3789,1.0000,-0.5563,-0.4637,1.0331,-0.5312,-0.3789,1.0000,0.7511,-0.0302,1.0302,0.7188,0.0541,1.0000,-0.5295,0.4011,1.0314,-0.5312,0.4871,1.0000
333,0.2398,-0.0337,1.0319,0.2188,0.0541,1.0000,-0.1993,0.0998,1.0297,-0.2812,0.0541,1.0000,0.0079,-0.4593,1.0313,-0.0312,-0.3789,1.0000,0.0606,0.5058,1.0312,-0.0312,0.4871,1.0000,0.5533,-0.4268,1.0323,0.4688,-0.3789,1.0000,-0.5569,-0.4636,1.0331,-0.5312,-0.3789,1.0000,0.7503,-0.0303,1.0302,0.7188,0.0541,1.0000,-0.5300,0.4010,1.0315,-0.5312,0.4871,1.0000
334,0.2392,-0.0338,1.0317,0.2188,0.0541,1.0000,-0.1992,0.0991,1.0298,-0.2812,0.0541,1.0000,0.0074,-0.4596,1.0312,-0.0312,-0.3789,1.0000,0.0606,0.5051,1.0313,-0.0312,0.4871,1.0000,0.5529,-0.4274,1.0322,0.4688,-0.3789,1.0000,-0.5575,-0.4636,1.0330,-0.5312,-0.3789,1.0000,0.7495,-0.0305,1.0300,0.7188,0.0541,1.0000,-0.5304,0.4010,1.0315,-0.5312,0.4871,1.0000
335,0.2386,-0.0339,1.0317,0.2188,0.0541,1.0000,-0.1990,0.0984,1.0299,-0.2812,0.0541,1.0000,0.0070,-0.4598,1.0314,-0.0312,-0.3789,1.0000,0.0607,0.5043,1.0311,-0.0312,0.4871,1.0000,0.5523,-0.4280,1.0321,0.4688,-0.3789,1.0000,-0.5580,-0.4635,1.0332,-0.5312,-0.3789,1.0000,0.7487,-0.0305,1.0300,0.7188,0.0541,1.0000,-0.5309,0.4009,1.0314,-0.5312,0.4871,1.0000
336,0.2380,-0.0341,1.0318,0.2188,0.0541,1.0000,-0.1988,0.0977,1.0298,-0.2812,0.0541,1.0000,0.0065,-0.4600,1.0315,-0.0312,-0.3789,1.0000,0.0607,0.5035,1.0310,-0.0312,0.4871,1.0000,0.5519,-0.4285,1.0320,0.4688,-0.3789,1.0000,-0.5585,-0.4634,1.0332,-0.5312,-0.3789,1.0000,0.7479,-0.0306,1.0300,0.7188,0.0541,1.0000,-0.5314,0.4009,1.0314,-0.5312,0.4871,1.0000
337,0.2373,-0.0342,1.0317,0.2188,0.0541,1.0000,-0.1986,0.0971,1.0300,-0.2812,0.0541,1.0000,0.0061,-0.4603,1.0315,-0.0312,-0.3789,1.0000,0.0607,0.5027,1.0310,-0.0312,0.4871,1.0000,0.5513,-0.4292,1.0318,0.4688,-0.3789,1.0000,-0.5590,-0.4634,1.0331,-0.5312,-0.3789,1.0000,0.7471,-0.0308,1.0300,0.7188,0.0541,1.0000,-0.5318,0.4008,1.0315,-0.5312,0.4871,1.0000
338,0.2367,-0.0343,1.0316,0.2188,0.0541,1.0000,-0.1985,0.0965,1.0302,-0.2812,0.0541,1.0000,0.0056,-0.4605,1.0316,-0.0312,-0.3789,1.0000,0.0607,0.5019,1.0309,-0.0312,0.4871,1.0000,0.5507,-0.4297,1.0316,0.4688,-0.3789,1.0000,-0.5595,-0.4633,1.0331,-0.5312,-0.3789,1.0000,0.7463,-0.0309,1.0301,0.7188,0.0541,1.0000,-0.5323,0.4007,1.0315,-0.5312,0.4871,1.0000
339,0.2361,-0.0344,1.0316,0.2188,0.0541,1.0000,-0.1982,0.0959,1.0302,-0.2812,0.0541,1.0000,0.0051,-0.4607,1.0316,-0.0312,-0.3789,1.0000,0.0608,0.5011,1.0307,-0.0312,0.4871,1.0000,0.5501,-0.4303,1.0314,0.4688,-0.3789,1.0000,-0.5600,-0.4631,1.0332,-0.5312,-0.3789,1.0000,0.7456,-0.0311,1.0302,0.7188,0.0541,1.0000,-0.5327,0.4006,1.0314,-0.5312,0.4871,1.0000
340,0.2355,-0.0345,1.0315,0.2188,0.0541,1.0000,-0.1980,0.0953,1.0304,-0.2812,0.0541,1.0000,0.0047,-0.4610,1.0315,-0.0312,-0.3789,1.0000,0.0608,0.5003,1.0308,-0.0312,0.4871,1.0000,0.5495,-0.4309,1.0312,0.4688,-0.3789,1.0000,-0.5606,-0.4631,1.0331,-0.5312,-0.3789,1.0000,0.7449,-0.0313,1.0303,0.7188,0.0541,1.0000,-0.5331,0.4006,1.0315,-0.5312,0.4871,1.0000
341,0.2348,-0.0346,1.0314,0.2188,0.0541,1.0000,-0.1979,0.0947,1.0306,-0.2812,0.0541,1.0000,0.0042,-0.4612,1.0314,-0.0312,-0.3789,1.0000,0.0608,0.4996,1.0310,-0.0312,0.4871,1.0000,0.5488,-0.4316,1.0310,0.4688,-0.3789,1.0000,-0.5611,-0.4629,1.0330,-0.5312,-0.3789,1.0000,0.7442,-0.0314,1.0304,0.7188,0.0541,1.0000,-0.5335,0.4004,1.0316,-0.5312,0.4871,1.0000
342,0.2343,-0.0347,1.0315,0.2188,0.0541,1.0000,-0.1976,0.0942,1.0306,-0.2812,0.0541,1.0000,0.0036,-0.4614,1.0314,-0.0312,-0.3789,1.0000,0.0608,0.4987,1.0310,-0.0312,0.4871,1.0000,0.5482,-0.4322,1.0309,0.4688,-0.3789,1.0000,-0.5617,-0.4627,1.0330,-0.5312,-0.3789,1.0000,0.7435,-0.0316,1.0306,0.7188,0.0541,1.0000,-0.5339,0.4003,1.0315,-0.5312,0.4871,1.0000
343,0.2337,-0.0348,1.0317,0.2188,0.0541,1.0000,-0.1973,0.0937,1.0307,-0.2812,0.0541,1.0000,0.0031,-0.4616,1.0313,-0.0312,-0.3789,1.0000,0.0608,0.4980,1.0311,-0.0312,0.4871,1.0000,0.5476,-0.4328,1.0308,0.4688,-0.3789,1.0000,-0.5622,-0.4626,1.0328,-0.5312,-0.3789,1.0000,0.7429,-0.0318,1.0307,0.7188,0.0541,1.0000,-0.5343,0.4003,1.0316,-0.5312,0.4871,1.0000
344,0.2331,-0.0349,1.0317,0.2188,0.0541,1.0000,-0.1971,0.0931,1.0309,-0.2812,0.0541,1.0000,0.0026,-0.4619,1.0311,-0.0312,-0.3789,1.0000,0.0608,0.4973,1.0313,-0.0312,0.4871,1.0000,0.5469,-0.4335,1.0307,0.4688,-0.3789,1.0000,-0.5628,-0.4625,1.0325,-0.5312,-0.3789,1.0000,0.7423,-0.0319,1.0308,0.7188,0.0541,1.0000,-0.5346,0.4002,1.0317,-0.5312,0.4871,1.0000
345,0.2325,-0.0350,1.0317,0.2188,0.0541,1.0000,-0.1968,0.0927,1.0309,-0.2812,0.0541,1.0000,0.0020,-0.4620,1.0310,-0.0312,-0.3789,1.0000,0.0609,0.4965,1.0313,-0.0312,0.4871,1.0000,0.5462,-0.4341,1.0308,0.4688,-0.3789,1.0000,-0.5634,-0.4622,1.0324,-0.5312,-0.3789,1.0000,0.7417,-0.0321,1.0310,0.7188,0.0541,1.0000,-0.5351,0.4001,1.0316,-0.5312,0.4871,1.0000
346,0.2320,-0.0351,1.0318,0.2188,0.0541,1.0000,-0.1966,0.0921,1.0309,-0.2812,0.0541,1.0000,0.0014,-0.4621,1.0309,-0.0312,-0.3789,1.0000,0.0609,0.4958,1.0312,-0.0312,0.4871,1.0000,0.5456,-0.4347,1.0309,0.4688,-0.3789,1.0000,-0.5639,-0.4620,1.0323,-0.5312,-0.3789,1.0000,0.7412,-0.0322,1.0312,0.7188,0.0541,1.0000,-0.5355,0.4001,1.0315,-0.5312,0.4871,1.0000
347,0.2313,-0.0352,1.0317,0.2188,0.0541,1.0000,-0.1964,0.0916,1.0310,-0.2812,0.0541,1.0000,0.0008,-0.4623,1.0307,-0.0312,-0.3789,1.0000,0.0609,0.4951,1.0314,-0.0312,0.4871,1.0000,0.5449,-0.4354,1.0308,0.4688,-0.3789,1.0000,-0.5645,-0.4617,1.0321,-0.5312,-0.3789,1.0000,0.7407,-0.0324,1.0312,0.7188,0.0541,1.0000,-0.5358,0.4000,1.0316,-0.5312,0.4871,1.0000
348,0.2307,-0.0353,1.0315,0.2188,0.0541,1.0000,-0.1962,0.0912,1.0311,-0.2812,0.0541,1.0000,0.0001,-0.4624,1.0306,-0.0312,-0.3789,1.0000,0.0609,0.4944,1.0314,-0.0312,0.4871,1.0000,0.5442,-0.4359,1.0309,0.4688,-0.3789,1.0000,-0.5651,-0.4614,1.0320,-0.5312,-0.3789,1.0000,0.7401,-0.0325,1.0313,0.7188,0.0541,1.0000,-0.5363,0.3999,1.0314,-0.5312,0.4871,1.0000
349,0.2301,-0.0353,1.0315,0.2188,0.0541,1.0000,-0.1959,0.0907,1.0311,-0.2812,0.0541,1.0000,-0.0005,-0.4625,1.0305,-0.0312,-0.3789,1.0000,0.0610,0.4937,1.0312,-0.0312,0.4871,1.0000,0.5436,-0.4365,1.0310,0.4688,-0.3789,1.0000,-0.5656,-0.4611,1.0320,-0.5312,-0.3789,1.0000,0.7397,-0.0326,1.0315,0.7188,0.0541,1.0000,-0.5368,0.3999,1.0311,-0.5312,0.4871,1.0000
350,0.2295,-0.0353,1.0314,0.2188,0.0541,1.0000,-0.1958,0.0901,1.0311,-0.2812,0.0541,1.0000,-0.0011,-0.4627,1.0303,-0.0312,-0.3789,1.0000,0.0609,0.4930,1.0313,-0.0312,0.4871,1.0000,0.5430,-0.4371,1.0310,0.4688,-0.3789,1.0000,-0.5662,-0.4608,1.0317,-0.5312,-0.3789,1.0000,0.7392,-0.0327,1.0314,0.7188,0.0541,1.0000,-0.5372,0.3998,1.0312,-0.5312,0.4871,1.0000
351,0.2288,-0.0354,1.0313,0.2188,0.0541,1.0000,-0.1956,0.0896,1.0311,-0.2812,0.0541,1.0000,-0.0018,-0.4628,1.0302,-0.0312,-0.3789,1.0000,0.0608,0.4923,1.0314,-0.0312,0.4871,1.0000,0.5424,-0.4377,1.0309,0.4688,-0.3789,1.0000,-0.5669,-0.4604,1.0316,-0.5312,-0.3789,1.0000,0.7387,-0.0328,1.0314,0.7188,0.0541,1.0000,-0.5376,0.3998,1.0313,-0.5312,0.4871,1.0000
352,0.2282,-0.0355,1.0313,0.2188,0.0541,1.0000,-0.1954,0.0891,1.0309,-0.2812,0.0541,1.0000,-0.0025,-0.4629,1.0301,-0.0312,-0.3789,1.0000,0.0608,0.4915,1.0312,-0.0312,0.4871,1.0000,0.5419,-0.4382,1.0311,0.4688,-0.3789,1.0000,-0.5674,-0.4601,1.0315,-0.5312,-0.3789,1.0000,0.7382,-0.0329,1.0314,0.7188,0.0541,1.0000,-0.5381,0.3997,1.0312,-0.5312,0.4871,1.0000
353,0.2275,-0.0354,1.0314,0.2188,0.0541,1.0000,-0.1953,0.0885,1.0308,-0.2812,0.0541,1.0000,-0.0032,-0.4631,1.0300,-0.0312,-0.3789,1.0000,0.0608,0.4908,1.0312,-0.0312,0.4871,1.0000,0.5414,-0.4388,1.0311,0.4688,-0.3789,1.0000,-0.5681,-0.4598,1.0314,-0.5312,-0.3789,1.0000,0.7377,-0.0331,1.0312,0.7188,0.0541,1.0000,-0.5385,0.3997,1.0313,-0.5312,0.4871,1.0000
354,0.2268,-0.0355,1.0312,0.2188,0.0541,1.0000,-0.1951,0.0879,1.0307,-0.2812,0.0541,1.0000,-0.0039,-0.4632,1.0300,-0.0312,-0.3789,1.0000,0.0606,0.4901,1.0312,-0.0312,0.4871,1.0000,0.5408,-0.4394,1.0311,0.4688,-0.3789,1.0000,-0.5687,-0.4595,1.0313,-0.5312,-0.3789,1.0000,0.7371,-0.0332,1.0311,0.7188,0.0541,1.0000,-0.5389,0.3997,1.0315,-0.5312,0.4871,1.0000
355,0.2261,-0.0356,1.0311,0.2188,0.0541,1.0000,-0.1949,0.0873,1.0306,-0.2812,0.0541,1.0000,-0.0046,-0.4634,1.0300,-0.0312,-0.3789,1.0000,0.0606,0.4893,1.0310,-0.0312,0.4871,1.0000,0.5403,-0.4399,1.0312,0.4688,-0.3789,1.0000,-0.5693,-0.4591,1.0314,-0.5312,-0.3789,1.0000,0.7366,-0.0333,1.0311,0.7188,0.0541,1.0000,-0.5394,0.3996,1.0314,-0.5312,0.4871,1.0000
356,0.2254,-0.0355,1.0312,0.2188,0.0541,1.0000,-0.1948,0.0866,1.0304,-0.2812,0.0541,1.0000,-0.0053,-0.4636,1.0300,-0.0312,-0.3789,1.0000,0.0605,0.4885,1.0309,-0.0312,0.4871,1.0000,0.5398,-0.4404,1.0314,0.4688,-0.3789,1.0000,-0.5699,-0.4589,1.0314,-0.5312,-0.3789,1.0000,0.7360,-0.0335,1.0310,0.7188,0.0541,1.0000,-0.5398,0.3996,1.0314,-0.5312,0.4871,1.0000
357,0.2247,-0.0356,1.0310,0.2188,0.0541,1.0000,-0.1946,0.0859,1.0302,-0.2812,0.0541,1.0000,-0.0060,-0.4638,1.0300,-0.0312,-0.3789,1.0000,0.0604,0.4877,1.0309,-0.0312,0.4871,1.0000,0.5392,-0.4409,1.0313,0.4688,-0.3789,1.0000,-0.5705,-0.4586,1.0314,-0.5312,-0.3789,1.0000,0.7354,-0.0336,1.0309,0.7188,0.0541,1.0000,-0.5401,0.3996,1.0315,-0.5312,0.4871,1.0000
358,0.2240,-0.0356,1.0309,0.2188,0.0541,1.0000,-0.1944,0.0852,1.0301,-0.2812,0.0541,1.0000,-0.0066,-0.4639,1.0301,-0.0312,-0.3789,1.0000,0.0603,0.4869,1.0308,-0.0312,0.4871,1.0000,0.5387,-0.4414,1.0313,0.4688,-0.3789,1.0000,-0.5710,-0.4583,1.0315,-0.5312,-0.3789,1.0000,0.7348,-0.0337,1.0309,0.7188,0.0541,1.0000,-0.5406,0.3996,1.0314,-0.5312,0.4871,1.0000
359,0.2233,-0.0355,1.0309,0.2188,0.0541,1.0000,-0.1942,0.0844,1.0299,-0.2812,0.0541,1.0000,-0.0072,-0.4641,1.0303,-0.0312,-0.3789,1.0000,0.0602,0.4861,1.0306,-0.0312,0.4871,1.0000,0.5382,-0.4419,1.0313,0.4688,-0.3789,1.0000,-0.5716,-0.4581,1.0317,-0.5312,-0.3789,1.0000,0.7342,-0.0338,1.0309,0.7188,0.0541,1.0000,-0.5410,0.3995,1.0313,-0.5312,0.4871,1.0000
360,0.2226,-0.0355,1.0310,0.2188,0.0541,1.0000,-0.1941,0.0837,1.0299,-0.2812,0.0541,1.0000,-0.0078,-0.4643,1.0303,-0.0312,-0.3789,1.0000,0.0600,0.4853,1.0306,-0.0312,0.4871,1.0000,0.5376,-0.4425,1.0311,0.4688,-0.3789,1.0000,-0.5721,-0.4578,1.0317,-0.5312,-0.3789,1.0000,0.7336,-0.0339,1.0308,0.7188,0.0541,1.0000,-0.5414,0.3996,1.0313,-0.5312,0.4871,1.0000
361,0.2219,-0.0355,1.0309,0.2188,0.0541,1.0000,-0.1938,0.0829,1.0299,-0.2812,0.0541,1.0000,-0.0084,-0.4644,1.0304,-0.0312,-0.3789,1.0000,0.0598,0.4846,1.0306,-0.0312,0.4871,1.0000,0.5371,-0.4430,1.0309,0.4688,-0.3789,1.0000,-0.5726,-0.4575,1.0319,-0.5312,-0.3789,1.0000,0.7329,-0.0339,1.0308,0.7188,0.0541,1.0000,-0.5418,0.3997,1.0312,-0.5312,0.4871,1.0000
362,0.2213,-0.0355,1.0311,0.2188,0.0541,1.0000,-0.1937,0.0821,1.0298,-0.2812,0.0541,1.0000,-0.0089,-0.4646,1.0306,-0.0312,-0.3789,1.0000,0.0597,0.4838,1.0305,-0.0312,0.4871,1.0000,0.5365,-0.4435,1.0310,0.4688,-0.3789,1.0000,-0.5730,-0.4573,1.0320,-0.5312,-0.3789,1.0000,0.7324,-0.0340,1.0308,0.7188,0.0541,1.0000,-0.5423,0.3997,1.0310,-0.5312,0.4871,1.0000
363,0.2207,-0.0355,1.0313,0.2188,0.0541,1.0000,-0.1935,0.0813,1.0299,-0.2812,0.0541,1.0000,-0.0094,-0.4647,1.0307,-0.0312,-0.3789,1.0000,0.0595,0.4831,1.0306,-0.0312,0.4871,1.0000,0.5359,-0.4440,1.0311,0.4688,-0.3789,1.0000,-0.5734,-0.4571,1.0321,-0.5312,-0.3789,1.0000,0.7317,-0.0342,1.0308,0.7188,0.0541,1.0000,-0.5427,0.3997,1.0310,-0.5312,0.4871,1.0000
364,0.2201,-0.0355,1.0313,0.2188,0.0541,1.0000,-0.1933,0.0806,1.0300,-0.2812,0.0541,1.0000,-0.0099,-0.4649,1.0307,-0.0312,-0.3789,1.0000,0.0593,0.4823,1.0307,-0.0312,0.4871,1.0000,0.5353,-0.4445,1.0310,0.4688,-0.3789,1.0000,-0.5738,-0.4569,1.0321,-0.5312,-0.3789,1.0000,0.7311,-0.0342,1.0307,0.7188,0.0541,1.0000,-0.5431,0.3999,1.0311,-0.5312,0.4871,1.0000
365,0.2195,-0.0355,1.0314,0.2188,0.0541,1.0000,-0.1931,0.0799,1.0300,-0.2812,0.0541,1.0000,-0.0104,-0.4650,1.0309,-0.0312,-0.3789,1.0000,0.0592,0.4816,1.0307,-0.0312,0.4871,1.0000,0.5348,-0.4450,1.0311,0.4688,-0.3789,1.0000,-0.5742,-0.4567,1.0323,-0.5312,-0.3789,1.0000,0.7305,-0.0343,1.0308,0.7188,0.0541,1.0000,-0.5436,0.3999,1.0309,-0.5312,0.4871,1.0000
366,0.2189,-0.0355,1.0316,0.2188,0.0541,1.0000,-0.1930,0.0792,1.0301,-0.2812,0.0541,1.0000,-0.0108,-0.4652,1.0309,-0.0312,-0.3789,1.0000,0.0590,0.4809,1.0308,-0.0312,0.4871,1.0000,0.5342,-0.4454,1.0313,0.4688,-0.3789,1.0000,-0.5746,-0.4566,1.0323,-0.5312,-0.3789,1.0000,0.7299,-0.0345,1.0308,0.7188,0.0541,1.0000,-0.5441,0.3999,1.0308,-0.5312,0.4871,1.0000
367,0.2184,-0.0356,1.0316,0.2188,0.0541,1.0000,-0.1928,0.0785,1.0303,-0.2812,0.0541,1.0000,-0.0113,-0.4654,1.0309,-0.0312,-0.3789,1.0000,0.0589,0.4802,1.0310,-0.0312,0.4871,1.0000,0.5336,-0.4460,1.0313,0.4688,-0.3789,1.0000,-0.5750,-0.4564,1.0323,-0.5312,-0.3789,1.0000,0.7293,-0.0346,1.0308,0.7188,0.0541,1.0000,-0.5446,0.4001,1.0309,-0.5312,0.4871,1.0000
368,0.2178,-0.0357,1.0317,0.2188,0.0541,1.0000,-0.1927,0.0778,1.0303,-0.2812,0.0541,1.0000,-0.0118,-0.4656,1.0310,-0.0312,-0.3789,1.0000,0.0588,0.4795,1.0311,-0.0312,0.4871,1.0000,0.5331,-0.4464,1.0313,0.4688,-0.3789,1.0000,-0.5754,-0.4562,1.0323,-0.5312,-0.3789,1.0000,0.7287,-0.0347,1.0310,0.7188,0.0541,1.0000,-0.5451,0.4002,1.0308,-0.5312,0.4871,1.0000
369,0.2173,-0.0357,1.0319,0.2188,0.0541,1.0000,-0.1926,0.0772,1.0303,-0.2812,0.0541,1.0000,-0.0122,-0.4657,1.0311,-0.0312,-0.3789,1.0000,0.0587,0.4788,1.0312,-0.0312,0.4871,1.0000,0.5326,-0.4469,1.0314,0.4688,-0.3789,1.0000,-0.5758,-0.4560,1.0323,-0.5312,-0.3789,1.0000,0.7282,-0.0347,1.0311,0.7188,0.0541,1.0000,-0.5456,0.4002,1.0306,-0.5312,0.4871,1.0000
370,0.2168,-0.0357,1.0320,0.2188,0.0541,1.0000,-0.1924,0.0766,1.0305,-0.2812,0.0541,1.0000,-0.0127,-0.4659,1.0310,-0.0312,-0.3789,1.0000,0.0586,0.4782,1.0314,-0.0312,0.4871,1.0000,0.5320,-0.4473,1.0314,0.4688,-0.3789,1.0000,-0.5762,-0.4558,1.0323,-0.5312,-0.3789,1.0000,0.7275,-0.0348,1.0310,0.7188,0.0541,1.0000,-0.5461,0.4004,1.0307,-0.5312,0.4871,1.0000
371,0.2163,-0.0358,1.0320,0.2188,0.0541,1.0000,-0.1923,0.0760,1.0305,-0.2812,0.0541,1.0000,-0.0132,-0.4660,1.0310,-0.0312,-0.3789,1.0000,0.0586,0.4776,1.0315,-0.0312,0.4871,1.0000,0.5315,-0.4478,1.0313,0.4688,-0.3789,1.0000,-0.5765,-0.4555,1.0323,-0.5312,-0.3789,1.0000,0.7269,-0.0349,1.0309,0.7188,0.0541,1.0000,-0.5466,0.4005,1.0307,-0.5312,0.4871,1.0000
372,0.2159,-0.0358,1.0322,0.2188,0.0541,1.0000,-0.1922,0.0753,1.0304,-0.2812,0.0541,1.0000,-0.0136,-0.4661,1.0310,-0.0312,-0.3789,1.0000,0.0585,0.4769,1.0316,-0.0312,0.4871,1.0000,0.5310,-0.4482,1.0314,0.4688,-0.3789,1.0000,-0.5769,-0.4553,1.0323,-0.5312,-0.3789,1.0000,0.7264,-0.0350,1.0309,0.7188,0.0541,1.0000,-0.5470,0.4006,1.0306,-0.5312,0.4871,1.0000
373,0.2155,-0.0358,1.0322,0.2188,0.0541,1.0000,-0.1920,0.0747,1.0305,-0.2812,0.0541,1.0000,-0.0142,-0.4662,1.0309,-0.0312,-0.3789,1.0000,0.0584,0.4763,1.0318,-0.0312,0.4871,1.0000,0.5305,-0.4486,1.0315,0.4688,-0.3789,1.0000,-0.5774,-0.4550,1.0322,-0.5312,-0.3789,1.0000,0.7257,-0.0351,1.0307,0.7188,0.0541,1.0000,-0.5475,0.4008,1.0308,-0.5312,0.4871,1.0000
374,0.2150,-0.0358,1.0322,0.2188,0.0541,1.0000,-0.1919,0.0741,1.0305,-0.2812,0.0541,1.0000,-0.0147,-0.4663,1.0307,-0.0312,-0.3789,1.0000,0.0584,0.4758,1.0319,-0.0312,0.4871,1.0000,0.5300,-0.4490,1.0314,0.4688,-0.3789,1.0000,-0.5777,-0.4547,1.0320,-0.5312,-0.3789,1.0000,0.7250,-0.0351,1.0305,0.7188,0.0541,1.0000,-0.5479,0.4009,1.0309,-0.5312,0.4871,1.0000
375,0.2146,-0.0358,1.0322,0.2188,0.0541,1.0000,-0.1918,0.0735,1.0305,-0.2812,0.0541,1.0000,-0.0151,-0.4664,1.0308,-0.0312,-0.3789,1.0000,0.0584,0.4752,1.0320,-0.0312,0.4871,1.0000,0.5294,-0.4494,1.0315,0.4688,-0.3789,1.0000,-0.5781,-0.4544,1.0319,-0.5312,-0.3789,1.0000,0.7244,-0.0351,1.0306,0.7188,0.0541,1.0000,-0.5483,0.4010,1.0309,-0.5312,0.4871,1.0000
376,0.2141,-0.0357,1.0322,0.2188,0.0541,1.0000,-0.1917,0.0729,1.0305,-0.2812,0.0541,1.0000,-0.0157,-0.4665,1.0309,-0.0312,-0.3789,1.0000,0.0583,0.4747,1.0321,-0.0312,0.4871,1.0000,0.5288,-0.4497,1.0315,0.4688,-0.3789,1.0000,-0.5786,-0.4541,1.0318,-0.5312,-0.3789,1.0000,0.7238,-0.0351,1.0306,0.7188,0.0541,1.0000,-0.5487,0.4011,1.0310,-0.5312,0.4871,1.0000
377,0.2137,-0.0357,1.0321,0.2188,0.0541,1.0000,-0.1917,0.0723,1.0306,-0.2812,0.0541,1.0000,-0.0162,-0.4666,1.0309,-0.0312,-0.3789,1.0000,0.0582,0.4742,1.0322,-0.0312,0.4871,1.0000,0.5283,-0.4502,1.0314,0.4688,-0.3789,1.0000,-0.5790,-0.4538,1.0317,-0.5312,-0.3789,1.0000,0.7231,-0.0352,1.0305,0.7188,0.0541,1.0000,-0.5491,0.4012,1.0312,-0.5312,0.4871,1.0000
378,0.2132,-0.0356,1.0319,0.2188,0.0541,1.0000,-0.1916,0.0716,1.0305,-0.2812,0.0541,1.0000,-0.0166,-0.4667,1.0310,-0.0312,-0.3789,1.0000,0.0581,0.4737,1.0321,-0.0312,0.4871,1.0000,0.5277,-0.4505,1.0313,0.4688,-0.3789,1.0000,-0.5794,-0.4536,1.0317,-0.5312,-0.3789,1.0000,0.7225,-0.0352,1.0305,0.7188,0.0541,1.0000,-0.5495,0.4012,1.0313,-0.5312,0.4871,1.0000
379,0.2127,-0.0355,1.0318,0.2188,0.0541,1.0000,-0.1916,0.0709,1.0304,-0.2812,0.0541,1.0000,-0.0171,-0.4667,1.0312,-0.0312,-0.3789,1.0000,0.0580,0.4732,1.0321,-0.0312,0.4871,1.0000,0.5270,-0.4509,1.0313,0.4688,-0.3789,1.0000,-0.5798,-0.4532,1.0319,-0.5312,-0.3789,1.0000,0.7218,-0.0352,1.0306,0.7188,0.0541,1.0000,-0.5499,0.4013,1.0314,-0.5312,0.4871,1.0000
380,0.2121,-0.0355,1.0317,0.2188,0.0541,1.0000,-0.1915,0.0703,1.0304,-0.2812,0.0541,1.0000,-0.0176,-0.4668,1.0312,-0.0312,-0.3789,1.0000,0.0578,0.4727,1.0321,-0.0312,0.4871,1.0000,0.5264,-0.4514,1.0310,0.4688,-0.3789,1.0000,-0.5803,-0.4529,1.0318,-0.5312,-0.3789,1.0000,0.7211,-0.0353,1.0305,0.7188,0.0541,1.0000,-0.5502,0.4014,1.0316,-0.5312,0.4871,1.0000
381,0.2115,-0.0354,1.0314,0.2188,0.0541,1.0000,-0.1915,0.0696,1.0303,-0.2812,0.0541,1.0000,-0.0181,-0.4669,1.0311,-0.0312,-0.3789,1.0000,0.0577,0.4721,1.0319,-0.0312,0.4871,1.0000,0.5258,-0.4518,1.0309,0.4688,-0.3789,1.0000,-0.5807,-0.4527,1.0319,-0.5312,-0.3789,1.0000,0.7205,-0.0353,1.0304,0.7188,0.0541,1.0000,-0.5505,0.4014,1.0317,-0.5312,0.4871,1.0000
382,0.2110,-0.0352,1.0313,0.2188,0.0541,1.0000,-0.1914,0.0689,1.0302,-0.2812,0.0541,1.0000,-0.0186,-0.4669,1.0312,-0.0312,-0.3789,1.0000,0.0575,0.4716,1.0318,-0.0312,0.4871,1.0000,0.5250,-0.4521,1.0308,0.4688,-0.3789,1.0000,-0.5810,-0.4524,1.0320,-0.5312,-0.3789,1.0000,0.7199,-0.0353,1.0306,0.7188,0.0541,1.0000,-0.5508,0.4014,1.0317,-0.5312,0.4871,1.0000
383,0.2103,-0.0352,1.0311,0.2188,0.0541,1.0000,-0.1914,0.0683,1.0303,-0.2812,0.0541,1.0000,-0.0191,-0.4670,1.0311,-0.0312,-0.3789,1.0000,0.0573,0.4710,1.0318,-0.0312,0.4871,1.0000,0.5243,-0.4525,1.0307,0.4688,-0.3789,1.0000,-0.5815,-0.4521,1.0319,-0.5312,-0.3789,1.0000,0.7193,-0.0354,1.0306,0.7188,0.0541,1.0000,-0.5511,0.4015,1.0318,-0.5312,0.4871,1.0000
384,0.2097,-0.0350,1.0310,0.2188,0.0541,1.0000,-0.1914,0.0677,1.0305,-0.2812,0.0541,1.0000,-0.0196,-0.4671,1.0310,-0.0312,-0.3789,1.0000,0.0572,0.4704,1.0316,-0.0312,0.4871,1.0000,0.5236,-0.4529,1.0305,0.4688,-0.3789,1.0000,-0.5820,-0.4518,1.0317,-0.5312,-0.3789,1.0000,0.7187,-0.0354,1.0305,0.7188,0.0541,1.0000,-0.5514,0.4015,1.0319,-0.5312,0.4871,1.0000
385,0.2090,-0.0349,1.0310,0.2188,0.0541,1.0000,-0.1913,0.0670,1.0304,-0.2812,0.0541,1.0000,-0.0201,-0.4670,1.0310,-0.0312,-0.3789,1.0000,0.0570,0.4698,1.0315,-0.0312,0.4871,1.0000,0.5228,-0.4532,1.0304,0.4688,-0.3789,1.0000,-0.5824,-0.4515,1.0318,-0.5312,-0.3789,1.0000,0.7181,-0.0354,1.0307,0.7188,0.0541,1.0000,-0.5517,0.4016,1.0319,-0.5312,0.4871,1.0000
386,0.2084,-0.0348,1.0310,0.2188,0.0541,1.0000,-0.1913,0.0665,1.0306,-0.2812,0.0541,1.0000,-0.0206,-0.4670,1.0310,-0.0312,-0.3789,1.0000,0.0568,0.4691,1.0315,-0.0312,0.4871,1.0000,0.5221,-0.4535,1.0303,0.4688,-0.3789,1.0000,-0.5828,-0.4511,1.0317,-0.5312,-0.3789,1.0000,0.7176,-0.0354,1.0308,0.7188,0.0541,1.0000,-0.5520,0.4017,1.0319,-0.5312,0.4871,1.0000
387,0.2077,-0.0346,1.0309,0.2188,0.0541,1.0000,-0.1913,0.0659,1.0307,-0.2812,0.0541,1.0000,-0.0211,-0.4671,1.0308,-0.0312,-0.3789,1.0000,0.0566,0.4685,1.0314,-0.0312,0.4871,1.0000,0.5213,-0.4539,1.0301,0.4688,-0.3789,1.0000,-0.5833,-0.4509,1.0316,-0.5312,-0.3789,1.0000,0.7170,-0.0355,1.0307,0.7188,0.0541,1.0000,-0.5522,0.4018,1.0319,-0.5312,0.4871,1.0000
388,0.2071,-0.0345,1.0309,0.2188,0.0541,1.0000,-0.1912,0.0652,1.0307,-0.2812,0.0541,1.0000,-0.0217,-0.4670,1.0307,-0.0312,-0.3789,1.0000,0.0564,0.4678,1.0313,-0.0312,0.4871,1.0000,0.5205,-0.4541,1.0302,0.4688,-0.3789,1.0000,-0.5837,-0.4505,1.0316,-0.5312,-0.3789,1.0000,0.7165,-0.0355,1.0308,0.7188,0.0541,1.0000,-0.5525,0.4019,1.0318,-0.5312,0.4871,1.0000
389,0.2065,-0.0343,1.0310,0.2188,0.0541,1.0000,-0.1912,0.0646,1.0306,-0.2812,0.0541,1.0000,-0.0223,-0.4670,1.0307,-0.0312,-0.3789,1.0000,0.0561,0.4671,1.0313,-0.0312,0.4871,1.0000,0.5198,-0.4544,1.0301,0.4688,-0.3789,1.0000,-0.5841,-0.4501,1.0316,-0.5312,-0.3789,1.0000,0.7160,-0.0355,1.0310,0.7188,0.0541,1.0000,-0.5529,0.4021,1.0317,-0.5312,0.4871,1.0000
390,0.2058,-0.0342,1.0309,0.2188,0.0541,1.0000,-0.1912,0.0641,1.0308,-0.2812,0.0541,1.0000,-0.0229,-0.4670,1.0306,-0.0312,-0.3789,1.0000,0.0560,0.4665,1.0313,-0.0312,0.4871,1.0000,0.5190,-0.4548,1.0300,0.4688,-0.3789,1.0000,-0.5846,-0.4497,1.0314,-0.5312,-0.3789,1.0000,0.7154,-0.0356,1.0309,0.7188,0.0541,1.0000,-0.5532,0.4022,1.0316,-0.5312,0.4871,1.0000
391,0.2052,-0.0341,1.0309,0.2188,0.0541,1.0000,-0.1911,0.0635,1.0308,-0.2812,0.0541,1.0000,-0.0235,-0.4670,1.0305,-0.0312,-0.3789,1.0000,0.0557,0.4658,1.0313,-0.0312,0.4871,1.0000,0.5182,-0.4550,1.0300,0.4688,-0.3789,1.0000,-0.5850,-0.4493,1.0313,-0.5312,-0.3789,1.0000,0.7149,-0.0356,1.0310,0.7188,0.0541,1.0000,-0.5535,0.4023,1.0314,-0.5312,0.4871,1.0000
392,0.2046,-0.0340,1.0310,0.2188,0.0541,1.0000,-0.1911,0.0629,1.0307,-0.2812,0.0541,1.0000,-0.0241,-0.4670,1.0306,-0.0312,-0.3789,1.0000,0.0555,0.4651,1.0313,-0.0312,0.4871,1.0000,0.5174,-0.4553,1.0301,0.4688,-0.3789,1.0000,-0.5855,-0.4489,1.0314,-0.5312,-0.3789,1.0000,0.7144,-0.0355,1.0311,0.7188,0.0541,1.0000,-0.5540,0.4025,1.0312,-0.5312,0.4871,1.0000
393,0.2040,-0.0339,1.0310,0.2188,0.0541,1.0000,-0.1911,0.0623,1.0307,-0.2812,0.0541,1.0000,-0.0248,-0.4670,1.0304,-0.0312,-0.3789,1.0000,0.0553,0.4645,1.0314,-0.0312,0.4871,1.0000,0.5167,-0.4557,1.0301,0.4688,-0.3789,1.0000,-0.5860,-0.4485,1.0312,-0.5312,-0.3789,1.0000,0.7138,-0.0356,1.0309,0.7188,0.0541,1.0000,-0.5544,0.4027,1.0312,-0.5312,0.4871,1.0000
394,0.2033,-0.0338,1.0309,0.2188,0.0541,1.0000,-0.1911,0.0617,1.0308,-0.2812,0.0541,1.0000,-0.0254,-0.4670,1.0303,-0.0312,-0.3789,1.0000,0.0551,0.4639,1.0314,-0.0312,0.4871,1.0000,0.5160,-0.4560,1.0302,0.4688,-0.3789,1.0000,-0.5865,-0.4481,1.0310,-0.5312,-0.3789,1.0000,0.7132,-0.0356,1.0308,0.7188,0.0541,1.0000,-0.5548,0.4028,1.0310,-0.5312,0.4871,1.0000
395,0.2028,-0.0338,1.0311,0.2188,0.0541,1.0000,-0.1911,0.0611,1.0307,-0.2812,0.0541,1.0000,-0.0260,-0.4669,1.0303,-0.0312,-0.3789,1.0000,0.0549,0.4632,1.0314,-0.0312,0.4871,1.0000,0.5153,-0.4563,1.0304,0.4688,-0.3789,1.0000,-0.5870,-0.4476,1.0311,-0.5312,-0.3789,1.0000,0.7126,-0.0355,1.0307,0.7188,0.0541,1.0000,-0.5553,0.4029,1.0309,-0.5312,0.4871,1.0000
396,0.2023,-0.0337,1.0313,0.2188,0.0541,1.0000,-0.1911,0.0605,1.0306,-0.2812,0.0541,1.0000,-0.0266,-0.4669,1.0303,-0.0312,-0.3789,1.0000,0.0547,0.4627,1.0315,-0.0312,0.4871,1.0000,0.5147,-0.4567,1.0305,0.4688,-0.3789,1.0000,-0.5875,-0.4472,1.0310,-0.5312,-0.3789,1.0000,0.7121,-0.0355,1.0306,0.7188,0.0541,1.0000,-0.5558,0.4031,1.0309,-0.5312,0.4871,1.0000
397,0.2016,-0.0336,1.0312,0.2188,0.0541,1.0000,-0.1912,0.0598,1.0307,-0.2812,0.0541,1.0000,-0.0272,-0.4669,1.0303,-0.0312,-0.3789,1.0000,0.0546,0.4621,1.0316,-0.0312,0.4871,1.0000,0.5140,-0.4570,1.0305,0.4688,-0.3789,1.0000,-0.5879,-0.4468,1.0309,-0.5312,-0.3789,1.0000,0.7115,-0.0354,1.0305,0.7188,0.0541,1.0000,-0.5563,0.4033,1.0309,-0.5312,0.4871,1.0000
398,0.2011,-0.0335,1.0311,0.2188,0.0541,1.0000,-0.1912,0.0591,1.0305,-0.2812,0.0541,1.0000,-0.0278,-0.4668,1.0304,-0.0312,-0.3789,1.0000,0.0544,0.4614,1.0315,-0.0312,0.4871,1.0000,0.5134,-0.4573,1.0308,0.4688,-0.3789,1.0000,-0.5884,-0.4463,1.0310,-0.5312,-0.3789,1.0000,0.7109,-0.0352,1.0304,0.7188,0.0541,1.0000,-0.5568,0.4035,1.0308,-0.5312,0.4871,1.0000
399,0.2005,-0.0334,1.0312,0.2188,0.0541,1.0000,-0.1912,0.0584,1.0303,-0.2812,0.0541,1.0000,-0.0284,-0.4667,1.0306,-0.0312,-0.3789,1.0000,0.0543,0.4609,1.0316,-0.0312,0.4871,1.0000,0.5129,-0.4576,1.0310,0.4688,-0.3789,1.0000,-0.5888,-0.4459,1.0311,-0.5312,-0.3789,1.0000,0.7103,-0.0351,1.0303,0.7188,0.0541,1.0000,-0.5572,0.4037,1.0308,-0.5312,0.4871,1.0000
400,0.1999,-0.0333,1.0310,0.2188,0.0541,1.0000,-0.1913,0.0577,1.0303,-0.2812,0.0541,1.0000,-0.0289,-0.4668,1.0305,-0.0312,-0.3789,1.0000,0.0541,0.4603,1.0317,-0.0312,0.4871,1.0000,0.5123,-0.4580,1.0310,0.4688,-0.3789,1.0000,-0.5892,-0.4456,1.0310,-0.5312,-0.3789,1.0000,0.7096,-0.0349,1.0301,0.7188,0.0541,1.0000,-0.5577,0.4038,1.0309,-0.5312,0.4871,1.0000
401,0.1992,-0.0332,1.0308,0.2188,0.0541,1.0000,-0.1914,0.0570,1.0302,-0.2812,0.0541,1.0000,-0.0294,-0.4667,1.0307,-0.0312,-0.3789,1.0000,0.0539,0.4597,1.0316,-0.0312,0.4871,1.0000,0.5118,-0.4582,1.0312,0.4688,-0.3789,1.0000,-0.5896,-0.4451,1.0312,-0.5312,-0.3789,1.0000,0.7090,-0.0347,1.0300,0.7188,0.0541,1.0000,-0.5582,0.4040,1.0309,-0.5312,0.4871,1.0000
402,0.1987,-0.0331,1.0308,0.2188,0.0541,1.0000,-0.1914,0.0563,1.0300,-0.2812,0.0541,1.0000,-0.0299,-0.4667,1.0309,-0.0312,-0.3789,1.0000,0.0538,0.4591,1.0317,-0.0312,0.4871,1.0000,0.5114,-0.4585,1.0314,0.4688,-0.3789,1.0000,-0.5900,-0.4448,1.0314,-0.5312,-0.3789,1.0000,0.7083,-0.0345,1.0299,0.7188,0.0541,1.0000,-0.5586,0.4042,1.0309,-0.5312,0.4871,1.0000
403,0.1981,-0.0330,1.0309,0.2188,0.0541,1.0000,-0.1916,0.0556,1.0301,-0.2812,0.0541,1.0000,-0.0304,-0.4668,1.0309,-0.0312,-0.3789,1.0000,0.0536,0.4586,1.0318,-0.0312,0.4871,1.0000,0.5109,-0.4588,1.0314,0.4688,-0.3789,1.0000,-0.5905,-0.4445,1.0315,-0.5312,-0.3789,1.0000,0.7076,-0.0344,1.0298,0.7188,0.0541,1.0000,-0.5590,0.4043,1.0310,-0.5312,0.4871,1.0000
404,0.1974,-0.0328,1.0308,0.2188,0.0541,1.0000,-0.1917,0.0549,1.0300,-0.2812,0.0541,1.0000,-0.0309,-0.4668,1.0311,-0.0312,-0.3789,1.0000,0.0534,0.4579,1.0316,-0.0312,0.4871,1.0000,0.5104,-0.4590,1.0315,0.4688,-0.3789,1.0000,-0.5909,-0.4442,1.0316,-0.5312,-0.3789,1.0000,0.7069,-0.0341,1.0297,0.7188,0.0541,1.0000,-0.5594,0.4044,1.0311,-0.5312,0.4871,1.0000
405,0.1969,-0.0327,1.0309,0.2188,0.0541,1.0000,-0.1918,0.0541,1.0299,-0.2812,0.0541,1.0000,-0.0314,-0.4668,1.0313,-0.0312,-0.3789,1.0000,0.0532,0.4573,1.0314,-0.0312,0.4871,1.0000,0.5100,-0.4593,1.0316,0.4688,-0.3789,1.0000,-0.5912,-0.4439,1.0318,-0.5312,-0.3789,1.0000,0.7062,-0.0339,1.0296,0.7188,0.0541,1.0000,-0.5599,0.4045,1.0310,-0.5312,0.4871,1.0000
406,0.1963,-0.0326,1.0311,0.2188,0.0541,1.0000,-0.1920,0.0534,1.0299,-0.2812,0.0541,1.0000,-0.0318,-0.4669,1.0314,-0.0312,-0.3789,1.0000,0.0529,0.4568,1.0315,-0.0312,0.4871,1.0000,0.5096,-0.4596,1.0315,0.4688,-0.3789,1.0000,-0.5916,-0.4437,1.0318,-0.5312,-0.3789,1.0000,0.7055,-0.0338,1.0295,0.7188,0.0541,1.0000,-0.5603,0.4046,1.0311,-0.5312,0.4871,1.0000
407,0.1956,-0.0325,1.0310,0.2188,0.0541,1.0000,-0.1921,0.0527,1.0300,-0.2812,0.0541,1.0000,-0.0323,-0.4670,1.0315,-0.0312,-0.3789,1.0000,0.0527,0.4561,1.0314,-0.0312,0.4871,1.0000,0.5091,-0.4598,1.0315,0.4688,-0.3789,1.0000,-0.5920,-0.4434,1.0319,-0.5312,-0.3789,1.0000,0.7048,-0.0336,1.0295,0.7188,0.0541,1.0000,-0.5607,0.4047,1.0311,-0.5312,0.4871,1.0000
408,0.1951,-0.0324,1.0310,0.2188,0.0541,1.0000,-0.1922,0.0520,1.0300,-0.2812,0.0541,1.0000,-0.0327,-0.4670,1.0316,-0.0312,-0.3789,1.0000,0.0524,0.4555,1.0313,-0.0312,0.4871,1.0000,0.5087,-0.4600,1.0315,0.4688,-0.3789,1.0000,-0.5923,-0.4431,1.0321,-0.5312,-0.3789,1.0000,0.7041,-0.0334,1.0296,0.7188,0.0541,1.0000,-0.5612,0.4048,1.0311,-0.5312,0.4871,1.0000
409,0.1945,-0.0322,1.0312,0.2188,0.0541,1.0000,-0.1923,0.0513,1.0300,-0.2812,0.0541,1.0000,-0.0331,-0.4671,1.0317,-0.0312,-0.3789,1.0000,0.0522,0.4549,1.0314,-0.0312,0.4871,1.0000,0.5082,-0.4603,1.0314,0.4688,-0.3789,1.0000,-0.5927,-0.4430,1.0322,-0.5312,-0.3789,1.0000,0.7034,-0.0333,1.0297,0.7188,0.0541,1.0000,-0.5615,0.4049,1.0312,-0.5312,0.4871,1.0000
410,0.1940,-0.0321,1.0312,0.2188,0.0541,1.0000,-0.1924,0.0506,1.0302,-0.2812,0.0541,1.0000,-0.0335,-0.4672,1.0317,-0.0312,-0.3789,1.0000,0.0519,0.4544,1.0316,-0.0312,0.4871,1.0000,0.5077,-0.4605,1.0313,0.4688,-0.3789,1.0000,-0.5930,-0.4428,1.0323,-0.5312,-0.3789,1.0000,0.7027,-0.0331,1.0297,0.7188,0.0541,1.0000,-0.5619,0.4050,1.0312,-0.5312,0.4871,1.0000
411,0.1934,-0.0321,1.0311,0.2188,0.0541,1.0000,-0.1925,0.0499,1.0302,-0.2812,0.0541,1.0000,-0.0339,-0.4671,1.0318,-0.0312,-0.3789,1.0000,0.0517,0.4537,1.0315,-0.0312,0.4871,1.0000,0.5072,-0.4607,1.0313,0.4688,-0.3789,1.0000,-0.5933,-0.4425,1.0324,-0.5312,-0.3789,1.0000,0.7021,-0.0329,1.0299,0.7188,0.0541,1.0000,-0.5624,0.4052,1.0311,-0.5312,0.4871,1.0000
412,0.1929,-0.0319,1.0313,0.2188,0.0541,1.0000,-0.1925,0.0492,1.0303,-0.2812,0.0541,1.0000,-0.0343,-0.4672,1.0318,-0.0312,-0.3789,1.0000,0.0515,0.4532,1.0316,-0.0312,0.4871,1.0000,0.5067,-0.4609,1.0313,0.4688,-0.3789,1.0000,-0.5936,-0.4424,1.0325,-0.5312,-0.3789,1.0000,0.7015,-0.0328,1.0300,0.7188,0.0541,1.0000,-0.5629,0.4053,1.0310,-0.5312,0.4871,1.0000
413,0.1924,-0.0317,1.0314,0.2188,0.0541,1.0000,-0.1926,0.0486,1.0305,-0.2812,0.0541,1.0000,-0.0347,-0.4672,1.0316,-0.0312,-0.3789,1.0000,0.0512,0.4527,1.0317,-0.0312,0.4871,1.0000,0.5060,-0.4611,1.0312,0.4688,-0.3789,1.0000,-0.5938,-0.4422,1.0325,-0.5312,-0.3789,1.0000,0.7009,-0.0326,1.0301,0.7188,0.0541,1.0000,-0.5633,0.4055,1.0310,-0.5312,0.4871,1.0000
414,0.1919,-0.0317,1.0313,0.2188,0.0541,1.0000,-0.1926,0.0480,1.0306,-0.2812,0.0541,1.0000,-0.0351,-0.4672,1.0316,-0.0312,-0.3789,1.0000,0.0510,0.4521,1.0317,-0.0312,0.4871,1.0000,0.5055,-0.4613,1.0311,0.4688,-0.3789,1.0000,-0.5941,-0.4419,1.0324,-0.5312,-0.3789,1.0000,0.7004,-0.0325,1.0303,0.7188,0.0541,1.0000,-0.5638,0.4056,1.0309,-0.5312,0.4871,1.0000
415,0.1915,-0.0315,1.0314,0.2188,0.0541,1.0000,-0.1926,0.0473,1.0307,-0.2812,0.0541,1.0000,-0.0355,-0.4672,1.0316,-0.0312,-0.3789,1.0000,0.0508,0.4515,1.0315,-0.0312,0.4871,1.0000,0.5049,-0.4615,1.0311,0.4688,-0.3789,1.0000,-0.5943,-0.4417,1.0324,-0.5312,-0.3789,1.0000,0.6999,-0.0324,1.0304,0.7188,0.0541,1.0000,-0.5643,0.4058,1.0307,-0.5312,0.4871,1.0000
416,0.1910,-0.0313,1.0315,0.2188,0.0541,1.0000,-0.1926,0.0468,1.0309,-0.2812,0.0541,1.0000,-0.0360,-0.4672,1.0314,-0.0312,-0.3789,1.0000,0.0505,0.4510,1.0316,-0.0312,0.4871,1.0000,0.5043,-0.4617,1.0310,0.4688,-0.3789,1.0000,-0.5946,-0.4414,1.0323,-0.5312,-0.3789,1.0000,0.6994,-0.0323,1.0305,0.7188,0.0541,1.0000,-0.5647,0.4059,1.0308,-0.5312,0.4871,1.0000
417,0.1905,-0.0313,1.0315,0.2188,0.0541,1.0000,-0.1926,0.0463,1.0310,-0.2812,0.0541,1.0000,-0.0365,-0.4671,1.0313,-0.0312,-0.3789,1.0000,0.0503,0.4505,1.0316,-0.0312,0.4871,1.0000,0.5037,-0.4619,1.0308,0.4688,-0.3789,1.0000,-0.5949,-0.4411,1.0321,-0.5312,-0.3789,1.0000,0.6989,-0.0321,1.0305,0.7188,0.0541,1.0000,-0.5652,0.4061,1.0308,-0.5312,0.4871,1.0000
418,0.1900,-0.0311,1.0314,0.2188,0.0541,1.0000,-0.1925,0.0457,1.0311,-0.2812,0.0541,1.0000,-0.0370,-0.4671,1.0312,-0.0312,-0.3789,1.0000,0.0500,0.4499,1.0315,-0.0312,0.4871,1.0000,0.5032,-0.4621,1.0309,0.4688,-0.3789,1.0000,-0.5951,-0.4408,1.0320,-0.5312,-0.3789,1.0000,0.6984,-0.0321,1.0306,0.7188,0.0541,1.0000,-0.5656,0.4062,1.0308,-0.5312,0.4871,1.0000
419,0.1895,-0.0309,1.0315,0.2188,0.0541,1.0000,-0.1926,0.0452,1.0313,-0.2812,0.0541,1.0000,-0.0376,-0.4671,1.0311,-0.0312,-0.3789,1.0000,0.0498,0.4494,1.0315,-0.0312,0.4871,1.0000,0.5026,-0.4623,1.0311,0.4688,-0.3789,1.0000,-0.5954,-0.4404,1.0319,-0.5312,-0.3789,1.0000,0.6980,-0.0320,1.0306,0.7188,0.0541,1.0000,-0.5660,0.4064,1.0310,-0.5312,0.4871,1.0000
420,0.1889,-0.0308,1.0313,0.2188,0.0541,1.0000,-0.1926,0.0448,1.0314,-0.2812,0.0541,1.0000,-0.0382,-0.4670,1.0309,-0.0312,-0.3789,1.0000,0.0494,0.4489,1.0316,-0.0312,0.4871,1.0000,0.5019,-0.4625,1.0311,0.4688,-0.3789,1.0000,-0.5958,-0.4400,1.0317,-0.5312,-0.3789,1.0000,0.6975,-0.0319,1.0306,0.7188,0.0541,1.0000,-0.5664,0.4066,1.0312,-0.5312,0.4871,1.0000
421,0.1884,-0.0306,1.0311,0.2188,0.0541,1.0000,-0.1926,0.0443,1.0314,-0.2812,0.0541,1.0000,-0.0388,-0.4669,1.0309,-0.0312,-0.3789,1.0000,0.0492,0.4483,1.0315,-0.0312,0.4871,1.0000,0.5014,-0.4627,1.0312,0.4688,-0.3789,1.0000,-0.5960,-0.4396,1.0316,-0.5312,-0.3789,1.0000,0.6970,-0.0318,1.0307,0.7188,0.0541,1.0000,-0.5669,0.4067,1.0311,-0.5312,0.4871,1.0000
422,0.1879,-0.0303,1.0311,0.2188,0.0541,1.0000,-0.1927,0.0438,1.0315,-0.2812,0.0541,1.0000,-0.0393,-0.4669,1.0309,-0.0312,-0.3789,1.0000,0.0489,0.4477,1.0314,-0.0312,0.4871,1.0000,0.5009,-0.4629,1.0314,0.4688,-0.3789,1.0000,-0.5963,-0.4392,1.0316,-0.5312,-0.3789,1.0000,0.6966,-0.0318,1.0308,0.7188,0.0541,1.0000,-0.5673,0.4068,1.0311,-0.5312,0.4871,1.0000
423,0.1873,-0.0301,1.0310,0.2188,0.0541,1.0000,-0.1928,0.0434,1.0315,-0.2812,0.0541,1.0000,-0.0400,-0.4668,1.0308,-0.0312,-0.3789,1.0000,0.0485,0.4472,1.0314,-0.0312,0.4871,1.0000,0.5003,-0.4631,1.0314,0.4688,-0.3789,1.0000,-0.5967,-0.4388,1.0315,-0.5312,-0.3789,1.0000,0.6960,-0.0316,1.0307,0.7188,0.0541,1.0000,-0.5677,0.4070,1.0312,-0.5312,0.4871,1.0000
424,0.1868,-0.0298,1.0308,0.2188,0.0541,1.0000,-0.1928,0.0429,1.0313,-0.2812,0.0541,1.0000,-0.0405,-0.4667,1.0308,-0.0312,-0.3789,1.0000,0.0482,0.4466,1.0313,-0.0312,0.4871,1.0000,0.4997,-0.4633,1.0313,0.4688,-0.3789,1.0000,-0.5970,-0.4383,1.0314,-0.5312,-0.3789,1.0000,0.6956,-0.0315,1.0307,0.7188,0.0541,1.0000,-0.5681,0.4072,1.0311,-0.5312,0.4871,1.0000
425,0.1862,-0.0295,1.0308,0.2188,0.0541,1.0000,-0.1930,0.0424,1.0313,-0.2812,0.0541,1.0000,-0.0411,-0.4667,1.0309,-0.0312,-0.3789,1.0000,0.0478,0.4460,1.0311,-0.0312,0.4871,1.0000,0.4992,-0.4634,1.0313,0.4688,-0.3789,1.0000,-0.5972,-0.4379,1.0315,-0.5312,-0.3789,1.0000,0.6952,-0.0314,1.0308,0.7188,0.0541,1.0000,-0.5686,0.4073,1.0309,-0.5312,0.4871,1.0000
426,0.1857,-0.0291,1.0307,0.2188,0.0541,1.0000,-0.1931,0.0419,1.0312,-0.2812,0.0541,1.0000,-0.0417,-0.4666,1.0309,-0.0312,-0.3789,1.0000,0.0474,0.4454,1.0311,-0.0312,0.4871,1.0000,0.4985,-0.4636,1.0312,0.4688,-0.3789,1.0000,-0.5976,-0.4374,1.0314,-0.5312,-0.3789,1.0000,0.6946,-0.0312,1.0306,0.7188,0.0541,1.0000,-0.5689,0.4076,1.0309,-0.5312,0.4871,1.0000
427,0.1851,-0.0289,1.0305,0.2188,0.0541,1.0000,-0.1931,0.0414,1.0311,-0.2812,0.0541,1.0000,-0.0422,-0.4665,1.0309,-0.0312,-0.3789,1.0000,0.0470,0.4448,1.0310,-0.0312,0.4871,1.0000,0.4979,-0.4638,1.0310,0.4688,-0.3789,1.0000,-0.5979,-0.4370,1.0312,-0.5312,-0.3789,1.0000,0.6941,-0.0311,1.0305,0.7188,0.0541,1.0000,-0.5694,0.4078,1.0308,-0.5312,0.4871,1.0000
428,0.1845,-0.0285,1.0303,0.2188,0.0541,1.0000,-0.1933,0.0408,1.0309,-0.2812,0.0541,1.0000,-0.0427,-0.4664,1.0310,-0.0312,-0.3789,1.0000,0.0466,0.4442,1.0308,-0.0312,0.4871,1.0000,0.4973,-0.4639,1.0311,0.4688,-0.3789,1.0000,-0.5982,-0.4366,1.0313,-0.5312,-0.3789,1.0000,0.6937,-0.0309,1.0305,0.7188,0.0541,1.0000,-0.5699,0.4080,1.0306,-0.5312,0.4871,1.0000
429,0.1839,-0.0281,1.0303,0.2188,0.0541,1.0000,-0.1935,0.0403,1.0309,-0.2812,0.0541,1.0000,-0.0432,-0.4664,1.0310,-0.0312,-0.3789,1.0000,0.0461,0.4437,1.0308,-0.0312,0.4871,1.0000,0.4967,-0.4640,1.0311,0.4688,-0.3789,1.0000,-0.5986,-0.4361,1.0313,-0.5312,-0.3789,1.0000,0.6932,-0.0308,1.0305,0.7188,0.0541,1.0000,-0.5703,0.4083,1.0307,-0.5312,0.4871,1.0000
430,0.1833,-0.0278,1.0301,0.2188,0.0541,1.0000,-0.1936,0.0397,1.0307,-0.2812,0.0541,1.0000,-0.0438,-0.4663,1.0309,-0.0312,-0.3789,1.0000,0.0457,0.4432,1.0308,-0.0312,0.4871,1.0000,0.4960,-0.4642,1.0309,0.4688,-0.3789,1.0000,-0.5989,-0.4357,1.0313,-0.5312,-0.3789,1.0000,0.6926,-0.0306,1.0305,0.7188,0.0541,1.0000,-0.5707,0.4086,1.0307,-0.5312,0.4871,1.0000
431,0.1827,-0.0274,1.0301,0.2188,0.0541,1.0000,-0.1937,0.0390,1.0306,-0.2812,0.0541,1.0000,-0.0443,-0.4663,1.0310,-0.0312,-0.3789,1.0000,0.0453,0.4426,1.0307,-0.0312,0.4871,1.0000,0.4954,-0.4643,1.0308,0.4688,-0.3789,1.0000,-0.5992,-0.4353,1.0315,-0.5312,-0.3789,1.0000,0.6922,-0.0305,1.0306,0.7188,0.0541,1.0000,-0.5712,0.4088,1.0306,-0.5312,0.4871,1.0000
432,0.1821,-0.0270,1.0301,0.2188,0.0541,1.0000,-0.1939,0.0384,1.0306,-0.2812,0.0541,1.0000,-0.0448,-0.4662,1.0311,-0.0312,-0.3789,1.0000,0.0448,0.4421,1.0308,-0.0312,0.4871,1.0000,0.4947,-0.4644,1.0309,0.4688,-0.3789,1.0000,-0.5995,-0.4349,1.0316,-0.5312,-0.3789,1.0000,0.6918,-0.0303,1.0308,0.7188,0.0541,1.0000,-0.5717,0.4090,1.0306,-0.5312,0.4871,1.0000
433,0.1814,-0.0268,1.0300,0.2188,0.0541,1.0000,-0.1940,0.0378,1.0307,-0.2812,0.0541,1.0000,-0.0453,-0.4662,1.0311,-0.0312,-0.3789,1.0000,0.0444,0.4417,1.0309,-0.0312,0.4871,1.0000,0.4940,-0.4646,1.0308,0.4688,-0.3789,1.0000,-0.5999,-0.4344,1.0316,-0.5312,-0.3789,1.0000,0.6912,-0.0301,1.0308,0.7188,0.0541,1.0000,-0.5721,0.4093,1.0307,-0.5312,0.4871,1.0000
434,0.1808,-0.0264,1.0300,0.2188,0.0541,1.0000,-0.1942,0.0372,1.0306,-0.2812,0.0541,1.0000,-0.0458,-0.4661,1.0312,-0.0312,-0.3789,1.0000,0.0441,0.4411,1.0310,-0.0312,0.4871,1.0000,0.4933,-0.4647,1.0307,0.4688,-0.3789,1.0000,-0.6002,-0.4340,1.0315,-0.5312,-0.3789,1.0000,0.6908,-0.0300,1.0307,0.7188,0.0541,1.0000,-0.5726,0.4096,1.0306,-0.5312,0.4871,1.0000
435,0.1802,-0.0261,1.0302,0.2188,0.0541,1.0000,-0.1944,0.0366,1.0307,-0.2812,0.0541,1.0000,-0.0462,-0.4660,1.0313,-0.0312,-0.3789,1.0000,0.0437,0.4407,1.0311,-0.0312,0.4871,1.0000,0.4926,-0.4648,1.0308,0.4688,-0.3789,1.0000,-0.6005,-0.4336,1.0315,-0.5312,-0.3789,1.0000,0.6904,-0.0298,1.0308,0.7188,0.0541,1.0000,-0.5731,0.4098,1.0306,-0.5312,0.4871,1.0000
436,0.1796,-0.0258,1.0303,0.2188,0.0541,1.0000,-0.1945,0.0360,1.0308,-0.2812,0.0541,1.0000,-0.0468,-0.4659,1.0311,-0.0312,-0.3789,1.0000,0.0434,0.4402,1.0313,-0.0312,0.4871,1.0000,0.4919,-0.4650,1.0307,0.4688,-0.3789,1.0000,-0.6009,-0.4331,1.0313,-0.5312,-0.3789,1.0000,0.6898,-0.0296,1.0307,0.7188,0.0541,1.0000,-0.5735,0.4101,1.0307,-0.5312,0.4871,1.0000
437,0.1790,-0.0256,1.0303,0.2188,0.0541,1.0000,-0.1946,0.0354,1.0308,-0.2812,0.0541,1.0000,-0.0474,-0.4658,1.0309,-0.0312,-0.3789,1.0000,0.0431,0.4397,1.0314,-0.0312,0.4871,1.0000,0.4912,-0.4652,1.0306,0.4688,-0.3789,1.0000,-0.6013,-0.4327,1.0311,-0.5312,-0.3789,1.0000,0.6893,-0.0295,1.0305,0.7188,0.0541,1.0000,-0.5739,0.4103,1.0308,-0.5312,0.4871,1.0000
438,0.1784,-0.0253,1.0305,0.2188,0.0541,1.0000,-0.1948,0.0348,1.0308,-0.2812,0.0541,1.0000,-0.0478,-0.4656,1.0310,-0.0312,-0.3789,1.0000,0.0428,0.4392,1.0315,-0.0312,0.4871,1.0000,0.4906,-0.4653,1.0308,0.4688,-0.3789,1.0000,-0.6016,-0.4322,1.0311,-0.5312,-0.3789,1.0000,0.6889,-0.0293,1.0305,0.7188,0.0541,1.0000,-0.5743,0.4105,1.0308,-0.5312,0.4871,1.0000
439,0.1779,-0.0251,1.0306,0.2188,0.0541,1.0000,-0.1949,0.0343,1.0310,-0.2812,0.0541,1.0000,-0.0484,-0.4655,1.0309,-0.0312,-0.3789,1.0000,0.0425,0.4388,1.0318,-0.0312,0.4871,1.0000,0.4899,-0.4654,1.0308,0.4688,-0.3789,1.0000,-0.6019,-0.4317,1.0311,-0.5312,-0.3789,1.0000,0.6884,-0.0290,1.0305,0.7188,0.0541,1.0000,-0.5746,0.4107,1.0309,-0.5312,0.4871,1.0000
440,0.1774,-0.0248,1.0307,0.2188,0.0541,1.0000,-0.1951,0.0338,1.0310,-0.2812,0.0541,1.0000,-0.0490,-0.4654,1.0308,-0.0312,-0.3789,1.0000,0.0424,0.4383,1.0319,-0.0312,0.4871,1.0000,0.4893,-0.4656,1.0309,0.4688,-0.3789,1.0000,-0.6023,-0.4312,1.0310,-0.5312,-0.3789,1.0000,0.6878,-0.0289,1.0303,0.7188,0.0541,1.0000,-0.5750,0.4109,1.0311,-0.5312,0.4871,1.0000
441,0.1770,-0.0246,1.0309,0.2188,0.0541,1.0000,-0.1952,0.0332,1.0310,-0.2812,0.0541,1.0000,-0.0494,-0.4652,1.0310,-0.0312,-0.3789,1.0000,0.0421,0.4378,1.0320,-0.0312,0.4871,1.0000,0.4887,-0.4656,1.0311,0.4688,-0.3789,1.0000,-0.6027,-0.4308,1.0311,-0.5312,-0.3789,1.0000,0.6873,-0.0286,1.0303,0.7188,0.0541,1.0000,-0.5754,0.4111,1.0312,-0.5312,0.4871,1.0000
442,0.1766,-0.0244,1.0310,0.2188,0.0541,1.0000,-0.1953,0.0327,1.0311,-0.2812,0.0541,1.0000,-0.0499,-0.4650,1.0312,-0.0312,-0.3789,1.0000,0.0419,0.4374,1.0322,-0.0312,0.4871,1.0000,0.4882,-0.4657,1.0313,0.4688,-0.3789,1.0000,-0.6030,-0.4302,1.0312,-0.5312,-0.3789,1.0000,0.6868,-0.0283,1.0304,0.7188,0.0541,1.0000,-0.5757,0.4112,1.0313,-0.5312,0.4871,1.0000
443,0.1761,-0.0242,1.0311,0.2188,0.0541,1.0000,-0.1954,0.0322,1.0311,-0.2812,0.0541,1.0000,-0.0505,-0.4649,1.0311,-0.0312,-0.3789,1.0000,0.0417,0.4370,1.0323,-0.0312,0.4871,1.0000,0.4877,-0.4659,1.0313,0.4688,-0.3789,1.0000,-0.6034,-0.4297,1.0312,-0.5312,-0.3789,1.0000,0.6862,-0.0281,1.0303,0.7188,0.0541,1.0000,-0.5761,0.4114,1.0315,-0.5312,0.4871,1.0000
444,0.1757,-0.0239,1.0311,0.2188,0.0541,1.0000,-0.1956,0.0316,1.0310,-0.2812,0.0541,1.0000,-0.0510,-0.4648,1.0312,-0.0312,-0.3789,1.0000,0.0415,0.4366,1.0324,-0.0312,0.4871,1.0000,0.4871,-0.4660,1.0314,0.4688,-0.3789,1.0000,-0.6038,-0.4293,1.0312,-0.5312,-0.3789,1.0000,0.6856,-0.0279,1.0302,0.7188,0.0541,1.0000,-0.5764,0.4115,1.0315,-0.5312,0.4871,1.0000
445,0.1753,-0.0237,1.0311,0.2188,0.0541,1.0000,-0.1957,0.0311,1.0311,-0.2812,0.0541,1.0000,-0.0515,-0.4646,1.0313,-0.0312,-0.3789,1.0000,0.0413,0.4363,1.0325,-0.0312,0.4871,1.0000,0.4866,-0.4662,1.0316,0.4688,-0.3789,1.0000,-0.6041,-0.4288,1.0313,-0.5312,-0.3789,1.0000,0.6851,-0.0276,1.0303,0.7188,0.0541,1.0000,-0.5767,0.4117,1.0316,-0.5312,0.4871,1.0000
446,0.1749,-0.0236,1.0311,0.2188,0.0541,1.0000,-0.1958,0.0306,1.0311,-0.2812,0.0541,1.0000,-0.0520,-0.4645,1.0312,-0.0312,-0.3789,1.0000,0.0411,0.4359,1.0325,-0.0312,0.4871,1.0000,0.4862,-0.4664,1.0316,0.4688,-0.3789,1.0000,-0.6045,-0.4284,1.0313,-0.5312,-0.3789,1.0000,0.6845,-0.0274,1.0302,0.7188,0.0541,1.0000,-0.5770,0.4118,1.0317,-0.5312,0.4871,1.0000
447,0.1745,-0.0233,1.0310,0.2188,0.0541,1.0000,-0.1960,0.0300,1.0310,-0.2812,0.0541,1.0000,-0.0525,-0.4644,1.0311,-0.0312,-0.3789,1.0000,0.0409,0.4356,1.0324,-0.0312,0.4871,1.0000,0.4857,-0.4666,1.0318,0.4688,-0.3789,1.0000,-0.6049,-0.4280,1.0312,-0.5312,-0.3789,1.0000,0.6839,-0.0271,1.0301,0.7188,0.0541,1.0000,-0.5773,0.4119,1.0318,-0.5312,0.4871,1.0000
448,0.1741,-0.0231,1.0310,0.2188,0.0541,1.0000,-0.1962,0.0294,1.0310,-0.2812,0.0541,1.0000,-0.0529,-0.4642,1.0312,-0.0312,-0.3789,1.0000,0.0406,0.4353,1.0324,-0.0312,0.4871,1.0000,0.4852,-0.4667,1.0319,0.4688,-0.3789,1.0000,-0.6052,-0.4276,1.0313,-0.5312,-0.3789,1.0000,0.6834,-0.0268,1.0302,0.7188,0.0541,1.0000,-0.5777,0.4121,1.0318,-0.5312,0.4871,1.0000
449,0.1736,-0.0229,1.0310,0.2188,0.0541,1.0000,-0.1964,0.0289,1.0311,-0.2812,0.0541,1.0000,-0.0534,-0.4641,1.0312,-0.0312,-0.3789,1.0000,0.0403,0.4349,1.0324,-0.0312,0.4871,1.0000,0.4848,-0.4670,1.0319,0.4688,-0.3789,1.0000,-0.6055,-0.4271,1.0313,-0.5312,-0.3789,1.0000,0.6829,-0.0266,1.0303,0.7188,0.0541,1.0000,-0.5780,0.4123,1.0318,-0.5312,0.4871,1.0000
450,0.1732,-0.0226,1.0308,0.2188,0.0541,1.0000,-0.1966,0.0283,1.0310,-0.2812,0.0541,1.0000,-0.0539,-0.4640,1.0311,-0.0312,-0.3789,1.0000,0.0400,0.4346,1.0322,-0.0312,0.4871,1.0000,0.4843,-0.4672,1.0320,0.4688,-0.3789,1.0000,-0.6059,-0.4268,1.0313,-0.5312,-0.3789,1.0000,0.6824,-0.0264,1.0302,0.7188,0.0541,1.0000,-0.5782,0.4125,1.0318,-0.5312,0.4871,1.0000
451,0.1728,-0.0223,1.0308,0.2188,0.0541,1.0000,-0.1969,0.0277,1.0308,-0.2812,0.0541,1.0000,-0.0544,-0.4638,1.0312,-0.0312,-0.3789,1.0000,0.0397,0.4342,1.0321,-0.0312,0.4871,1.0000,0.4839,-0.4674,1.0321,0.4688,-0.3789,1.0000,-0.6061,-0.4264,1.0315,-0.5312,-0.3789,1.0000,0.6819,-0.0261,1.0304,0.7188,0.0541,1.0000,-0.5785,0.4127,1.0316,-0.5312,0.4871,1.0000
452,0.1724,-0.0221,1.0308,0.2188,0.0541,1.0000,-0.1971,0.0272,1.0309,-0.2812,0.0541,1.0000,-0.0548,-0.4636,1.0313,-0.0312,-0.3789,1.0000,0.0393,0.4338,1.0320,-0.0312,0.4871,1.0000,0.4835,-0.4676,1.0322,0.4688,-0.3789,1.0000,-0.6064,-0.4260,1.0316,-0.5312,-0.3789,1.0000,0.6814,-0.0259,1.0306,0.7188,0.0541,1.0000,-0.5789,0.4130,1.0315,-0.5312,0.4871,1.0000
453,0.1719,-0.0217,1.0307,0.2188,0.0541,1.0000,-0.1973,0.0266,1.0308,-0.2812,0.0541,1.0000,-0.0554,-0.4634,1.0311,-0.0312,-0.3789,1.0000,0.0390,0.4334,1.0318,-0.0312,0.4871,1.0000,0.4830,-0.4678,1.0321,0.4688,-0.3789,1.0000,-0.6068,-0.4256,1.0315,-0.5312,-0.3789,1.0000,0.6809,-0.0258,1.0307,0.7188,0.0541,1.0000,-0.5792,0.4132,1.0315,-0.5312,0.4871,1.0000
454,0.1715,-0.0214,1.0306,0.2188,0.0541,1.0000,-0.1975,0.0260,1.0307,-0.2812,0.0541,1.0000,-0.0559,-0.4632,1.0311,-0.0312,-0.3789,1.0000,0.0386,0.4329,1.0317,-0.0312,0.4871,1.0000,0.4825,-0.4679,1.0321,0.4688,-0.3789,1.0000,-0.6070,-0.4253,1.0315,-0.5312,-0.3789,1.0000,0.6805,-0.0255,1.0308,0.7188,0.0541,1.0000,-0.5795,0.4134,1.0313,-0.5312,0.4871,1.0000
455,0.1711,-0.0211,1.0306,0.2188,0.0541,1.0000,-0.1977,0.0255,1.0308,-0.2812,0.0541,1.0000,-0.0564,-0.4630,1.0311,-0.0312,-0.3789,1.0000,0.0382,0.4325,1.0316,-0.0312,0.4871,1.0000,0.4821,-0.4681,1.0320,0.4688,-0.3789,1.0000,-0.6073,-0.4248,1.0316,-0.5312,-0.3789,1.0000,0.6800,-0.0254,1.0310,0.7188,0.0541,1.0000,-0.5799,0.4138,1.0311,-0.5312,0.4871,1.0000
456,0.1706,-0.0208,1.0305,0.2188,0.0541,1.0000,-0.1979,0.0250,1.0309,-0.2812,0.0541,1.0000,-0.0570,-0.4628,1.0309,-0.0312,-0.3789,1.0000,0.0379,0.4320,1.0315,-0.0312,0.4871,1.0000,0.4816,-0.4682,1.0319,0.4688,-0.3789,1.0000,-0.6077,-0.4245,1.0315,-0.5312,-0.3789,1.0000,0.6796,-0.0253,1.0310,0.7188,0.0541,1.0000,-0.5803,0.4141,1.0311,-0.5312,0.4871,1.0000
457,0.1701,-0.0205,1.0304,0.2188,0.0541,1.0000,-0.1981,0.0244,1.0309,-0.2812,0.0541,1.0000,-0.0576,-0.4626,1.0308,-0.0312,-0.3789,1.0000,0.0374,0.4315,1.0314,-0.0312,0.4871,1.0000,0.4811,-0.4683,1.0318,0.4688,-0.3789,1.0000,-0.6080,-0.4240,1.0314,-0.5312,-0.3789,1.0000,0.6791,-0.0251,1.0311,0.7188,0.0541,1.0000,-0.5807,0.4144,1.0309,-0.5312,0.4871,1.0000
458,0.1697,-0.0202,1.0305,0.2188,0.0541,1.0000,-0.1982,0.0239,1.0311,-0.2812,0.0541,1.0000,-0.0581,-0.4623,1.0308,-0.0312,-0.3789,1.0000,0.0370,0.4310,1.0314,-0.0312,0.4871,1.0000,0.4806,-0.4683,1.0317,0.4688,-0.3789,1.0000,-0.6083,-0.4235,1.0314,-0.5312,-0.3789,1.0000,0.6787,-0.0250,1.0313,0.7188,0.0541,1.0000,-0.5811,0.4147,1.0308,-0.5312,0.4871,1.0000
459,0.1693,-0.0199,1.0306,0.2188,0.0541,1.0000,-0.1984,0.0235,1.0313,-0.2812,0.0541,1.0000,-0.0587,-0.4621,1.0307,-0.0312,-0.3789,1.0000,0.0366,0.4304,1.0314,-0.0312,0.4871,1.0000,0.4801,-0.4684,1.0315,0.4688,-0.3789,1.0000,-0.6086,-0.4231,1.0313,-0.5312,-0.3789,1.0000,0.6783,-0.0249,1.0314,0.7188,0.0541,1.0000,-0.5816,0.4151,1.0308,-0.5312,0.4871,1.0000
460,0.1688,-0.0196,1.0306,0.2188,0.0541,1.0000,-0.1986,0.0229,1.0312,-0.2812,0.0541,1.0000,-0.0594,-0.4619,1.0305,-0.0312,-0.3789,1.0000,0.0362,0.4299,1.0314,-0.0312,0.4871,1.0000,0.4795,-0.4684,1.0313,0.4688,-0.3789,1.0000,-0.6089,-0.4226,1.0310,-0.5312,-0.3789,1.0000,0.6779,-0.0248,1.0315,0.7188,0.0541,1.0000,-0.5820,0.4153,1.0308,-0.5312,0.4871,1.0000
461,0.1684,-0.0193,1.0307,0.2188,0.0541,1.0000,-0.1988,0.0224,1.0311,-0.2812,0.0541,1.0000,-0.0599,-0.4616,1.0305,-0.0312,-0.3789,1.0000,0.0358,0.4294,1.0315,-0.0312,0.4871,1.0000,0.4789,-0.4685,1.0311,0.4688,-0.3789,1.0000,-0.6091,-0.4221,1.0309,-0.5312,-0.3789,1.0000,0.6775,-0.0246,1.0316,0.7188,0.0541,1.0000,-0.5825,0.4157,1.0307,-0.5312,0.4871,1.0000
462,0.1680,-0.0190,1.0308,0.2188,0.0541,1.0000,-0.1990,0.0219,1.0312,-0.2812,0.0541,1.0000,-0.0605,-0.4613,1.0304,-0.0312,-0.3789,1.0000,0.0354,0.4289,1.0315,-0.0312,0.4871,1.0000,0.4782,-0.4686,1.0309,0.4688,-0.3789,1.0000,-0.6094,-0.4216,1.0308,-0.5312,-0.3789,1.0000,0.6772,-0.0246,1.0316,0.7188,0.0541,1.0000,-0.5829,0.4160,1.0308,-0.5312,0.4871,1.0000
463,0.1675,-0.0187,1.0307,0.2188,0.0541,1.0000,-0.1992,0.0213,1.0310,-0.2812,0.0541,1.0000,-0.0611,-0.4610,1.0303,-0.0312,-0.3789,1.0000,0.0351,0.4284,1.0315,-0.0312,0.4871,1.0000,0.4775,-0.4686,1.0307,0.4688,-0.3789,1.0000,-0.6097,-0.4211,1.0306,-0.5312,-0.3789,1.0000,0.6768,-0.0244,1.0315,0.7188,0.0541,1.0000,-0.5834,0.4163,1.0309,-0.5312,0.4871,1.0000
464,0.1671,-0.0184,1.0305,0.2188,0.0541,1.0000,-0.1994,0.0208,1.0309,-0.2812,0.0541,1.0000,-0.0617,-0.4607,1.0303,-0.0312,-0.3789,1.0000,0.0347,0.4280,1.0316,-0.0312,0.4871,1.0000,0.4769,-0.4686,1.0307,0.4688,-0.3789,1.0000,-0.6099,-0.4204,1.0306,-0.5312,-0.3789,1.0000,0.6765,-0.0242,1.0316,0.7188,0.0541,1.0000,-0.5838,0.4166,1.0309,-0.5312,0.4871,1.0000
465,0.1667,-0.0181,1.0305,0.2188,0.0541,1.0000,-0.1997,0.0203,1.0309,-0.2812,0.0541,1.0000,-0.0622,-0.4604,1.0304,-0.0312,-0.3789,1.0000,0.0344,0.4276,1.0317,-0.0312,0.4871,1.0000,0.4762,-0.4686,1.0306,0.4688,-0.3789,1.0000,-0.6101,-0.4199,1.0305,-0.5312,-0.3789,1.0000,0.6761,-0.0240,1.0315,0.7188,0.0541,1.0000,-0.5842,0.4169,1.0310,-0.5312,0.4871,1.0000
466,0.1662,-0.0177,1.0305,0.2188,0.0541,1.0000,-0.2000,0.0197,1.0310,-0.2812,0.0541,1.0000,-0.0628,-0.4602,1.0303,-0.0312,-0.3789,1.0000,0.0340,0.4271,1.0317,-0.0312,0.4871,1.0000,0.4755,-0.4686,1.0306,0.4688,-0.3789,1.0000,-0.6104,-0.4193,1.0303,-0.5312,-0.3789,1.0000,0.6757,-0.0239,1.0313,0.7188,0.0541,1.0000,-0.5846,0.4172,1.0311,-0.5312,0.4871,1.0000
467,0.1657,-0.0174,1.0303,0.2188,0.0541,1.0000,-0.2002,0.0192,1.0309,-0.2812,0.0541,1.0000,-0.0634,-0.4599,1.0304,-0.0312,-0.3789,1.0000,0.0336,0.4267,1.0317,-0.0312,0.4871,1.0000,0.4748,-0.4686,1.0306,0.4688,-0.3789,1.0000,-0.6106,-0.4186,1.0302,-0.5312,-0.3789,1.0000,0.6754,-0.0236,1.0312,0.7188,0.0541,1.0000,-0.5850,0.4175,1.0312,-0.5312,0.4871,1.0000
468,0.1653,-0.0170,1.0304,0.2188,0.0541,1.0000,-0.2004,0.0187,1.0309,-0.2812,0.0541,1.0000,-0.0639,-0.4596,1.0305,-0.0312,-0.3789,1.0000,0.0334,0.4263,1.0318,-0.0312,0.4871,1.0000,0.4742,-0.4686,1.0306,0.4688,-0.3789,1.0000,-0.6109,-0.4180,1.0301,-0.5312,-0.3789,1.0000,0.6750,-0.0233,1.0312,0.7188,0.0541,1.0000,-0.5853,0.4178,1.0313,-0.5312,0.4871,1.0000
469,0.1649,-0.0166,1.0305,0.2188,0.0541,1.0000,-0.2007,0.0181,1.0310,-0.2812,0.0541,1.0000,-0.0645,-0.4595,1.0306,-0.0312,-0.3789,1.0000,0.0331,0.4258,1.0317,-0.0312,0.4871,1.0000,0.4735,-0.4686,1.0306,0.4688,-0.3789,1.0000,-0.6112,-0.4174,1.0300,-0.5312,-0.3789,1.0000,0.6746,-0.0231,1.0310,0.7188,0.0541,1.0000,-0.5856,0.4180,1.0314,-0.5312,0.4871,1.0000
470,0.1644,-0.0162,1.0304,0.2188,0.0541,1.0000,-0.2009,0.0175,1.0309,-0.2812,0.0541,1.0000,-0.0651,-0.4593,1.0307,-0.0312,-0.3789,1.0000,0.0327,0.4253,1.0316,-0.0312,0.4871,1.0000,0.4728,-0.4686,1.0306,0.4688,-0.3789,1.0000,-0.6114,-0.4167,1.0299,-0.5312,-0.3789,1.0000,0.6742,-0.0227,1.0308,0.7188,0.0541,1.0000,-0.5859,0.4182,1.0314,-0.5312,0.4871,1.0000
471,0.1639,-0.0159,1.0303,0.2188,0.0541,1.0000,-0.2011,0.0170,1.0309,-0.2812,0.0541,1.0000,-0.0656,-0.4591,1.0309,-0.0312,-0.3789,1.0000,0.0324,0.4249,1.0317,-0.0312,0.4871,1.0000,0.4722,-0.4686,1.0307,0.4688,-0.3789,1.0000,-0.6117,-0.4161,1.0299,-0.5312,-0.3789,1.0000,0.6738,-0.0224,1.0307,0.7188,0.0541,1.0000,-0.5863,0.4186,1.0313,-0.5312,0.4871,1.0000
472,0.1635,-0.0154,1.0304,0.2188,0.0541,1.0000,-0.2014,0.0165,1.0311,-0.2812,0.0541,1.0000,-0.0661,-0.4590,1.0310,-0.0312,-0.3789,1.0000,0.0321,0.4245,1.0316,-0.0312,0.4871,1.0000,0.4716,-0.4686,1.0307,0.4688,-0.3789,1.0000,-0.6120,-0.4155,1.0299,-0.5312,-0.3789,1.0000,0.6733,-0.0221,1.0305,0.7188,0.0541,1.0000,-0.5866,0.4188,1.0314,-0.5312,0.4871,1.0000
473,0.1630,-0.0150,1.0303,0.2188,0.0541,1.0000,-0.2016,0.0159,1.0311,-0.2812,0.0541,1.0000,-0.0666,-0.4589,1.0310,-0.0312,-0.3789,1.0000,0.0317,0.4240,1.0315,-0.0312,0.4871,1.0000,0.4710,-0.4686,1.0307,0.4688,-0.3789,1.0000,-0.6123,-0.4149,1.0299,-0.5312,-0.3789,1.0000,0.6728,-0.0217,1.0304,0.7188,0.0541,1.0000,-0.5869,0.4190,1.0313,-0.5312,0.4871,1.0000
474,0.1625,-0.0147,1.0302,0.2188,0.0541,1.0000,-0.2018,0.0154,1.0311,-0.2812,0.0541,1.0000,-0.0671,-0.4587,1.0312,-0.0312,-0.3789,1.0000,0.0313,0.4236,1.0315,-0.0312,0.4871,1.0000,0.4705,-0.4687,1.0308,0.4688,-0.3789,1.0000,-0.6125,-0.4143,1.0301,-0.5312,-0.3789,1.0000,0.6723,-0.0213,1.0303,0.7188,0.0541,1.0000,-0.5873,0.4194,1.0312,-0.5312,0.4871,1.0000
475,0.1621,-0.0143,1.0304,0.2188,0.0541,1.0000,-0.2021,0.0149,1.0312,-0.2812,0.0541,1.0000,-0.0675,-0.4587,1.0314,-0.0312,-0.3789,1.0000,0.0309,0.4232,1.0315,-0.0312,0.4871,1.0000,0.4699,-0.4687,1.0309,0.4688,-0.3789,1.0000,-0.6128,-0.4138,1.0302,-0.5312,-0.3789,1.0000,0.6717,-0.0210,1.0302,0.7188,0.0541,1.0000,-0.5876,0.4196,1.0312,-0.5312,0.4871,1.0000
476,0.1616,-0.0139,1.0305,0.2188,0.0541,1.0000,-0.2023,0.0145,1.0313,-0.2812,0.0541,1.0000,-0.0680,-0.4586,1.0315,-0.0312,-0.3789,1.0000,0.0305,0.4228,1.0314,-0.0312,0.4871,1.0000,0.4693,-0.4687,1.0308,0.4688,-0.3789,1.0000,-0.6131,-0.4132,1.0303,-0.5312,-0.3789,1.0000,0.6711,-0.0207,1.0302,0.7188,0.0541,1.0000,-0.5880,0.4199,1.0311,-0.5312,0.4871,1.0000
477,0.1612,-0.0136,1.0305,0.2188,0.0541,1.0000,-0.2024,0.0140,1.0313,-0.2812,0.0541,1.0000,-0.0684,-0.4584,1.0316,-0.0312,-0.3789,1.0000,0.0301,0.4224,1.0313,-0.0312,0.4871,1.0000,0.4688,-0.4687,1.0310,0.4688,-0.3789,1.0000,-0.6133,-0.4127,1.0304,-0.5312,-0.3789,1.0000,0.6706,-0.0203,1.0302,0.7188,0.0541,1.0000,-0.5884,0.4203,1.0310,-0.5312,0.4871,1.0000
478,0.1609,-0.0132,1.0307,0.2188,0.0541,1.0000,-0.2026,0.0136,1.0315,-0.2812,0.0541,1.0000,-0.0687,-0.4584,1.0317,-0.0312,-0.3789,1.0000,0.0297,0.4220,1.0313,-0.0312,0.4871,1.0000,0.4682,-0.4687,1.0311,0.4688,-0.3789,1.0000,-0.6135,-0.4123,1.0306,-0.5312,-0.3789,1.0000,0.6700,-0.0200,1.0303,0.7188,0.0541,1.0000,-0.5888,0.4206,1.0310,-0.5312,0.4871,1.0000
479,0.1605,-0.0129,1.0308,0.2188,0.0541,1.0000,-0.2028,0.0131,1.0317,-0.2812,0.0541,1.0000,-0.0691,-0.4583,1.0317,-0.0312,-0.3789,1.0000,0.0293,0.4215,1.0312,-0.0312,0.4871,1.0000,0.4676,-0.4687,1.0310,0.4688,-0.3789,1.0000,-0.6138,-0.4119,1.0307,-0.5312,-0.3789,1.0000,0.6695,-0.0196,1.0303,0.7188,0.0541,1.0000,-0.5892,0.4209,1.0311,-0.5312,0.4871,1.0000
480,0.1601,-0.0126,1.0308,0.2188,0.0541,1.0000,-0.2029,0.0127,1.0317,-0.2812,0.0541,1.0000,-0.0695,-0.4581,1.0317,-0.0312,-0.3789,1.0000,0.0288,0.4211,1.0311,-0.0312,0.4871,1.0000,0.4671,-0.4687,1.0308,0.4688,-0.3789,1.0000,-0.6140,-0.4114,1.0307,-0.5312,-0.3789,1.0000,0.6690,-0.0192,1.0304,0.7188,0.0541,1.0000,-0.5896,0.4213,1.0310,-0.5312,0.4871,1.0000
481,0.1598,-0.0123,1.0309,0.2188,0.0541,1.0000,-0.2030,0.0123,1.0318,-0.2812,0.0541,1.0000,-0.0698,-0.4580,1.0318,-0.0312,-0.3789,1.0000,0.0285,0.4207,1.0312,-0.0312,0.4871,1.0000,0.4665,-0.4687,1.0308,0.4688,-0.3789,1.0000,-0.6142,-0.4111,1.0308,-0.5312,-0.3789,1.0000,0.6685,-0.0190,1.0305,0.7188,0.0541,1.0000,-0.5899,0.4216,1.0310,-0.5312,0.4871,1.0000
482,0.1595,-0.0120,1.0311,0.2188,0.0541,1.0000,-0.2032,0.0119,1.0320,-0.2812,0.0541,1.0000,-0.0702,-0.4579,1.0316,-0.0312,-0.3789,1.0000,0.0281,0.4203,1.0313,-0.0312,0.4871,1.0000,0.4659,-0.4687,1.0307,0.4688,-0.3789,1.0000,-0.6144,-0.4107,1.0309,-0.5312,-0.3789,1.0000,0.6680,-0.0186,1.0305,0.7188,0.0541,1.0000,-0.5902,0.4219,1.0311,-0.5312,0.4871,1.0000
483,0.1591,-0.0118,1.0312,0.2188,0.0541,1.0000,-0.2033,0.0114,1.0320,-0.2812,0.0541,1.0000,-0.0707,-0.4577,1.0315,-0.0312,-0.3789,1.0000,0.0276,0.4198,1.0313,-0.0312,0.4871,1.0000,0.4652,-0.4686,1.0305,0.4688,-0.3789,1.0000,-0.6146,-0.4103,1.0308,-0.5312,-0.3789,1.0000,0.6675,-0.0183,1.0305,0.7188,0.0541,1.0000,-0.5906,0.4223,1.0310,-0.5312,0.4871,1.0000
484,0.1588,-0.0115,1.0314,0.2188,0.0541,1.0000,-0.2034,0.0110,1.0320,-0.2812,0.0541,1.0000,-0.0710,-0.4575,1.0314,-0.0312,-0.3789,1.0000,0.0273,0.4195,1.0313,-0.0312,0.4871,1.0000,0.4647,-0.4686,1.0305,0.4688,-0.3789,1.0000,-0.6148,-0.4099,1.0309,-0.5312,-0.3789,1.0000,0.6671,-0.0180,1.0307,0.7188,0.0541,1.0000,-0.5910,0.4226,1.0310,-0.5312,0.4871,1.0000
485,0.1585,-0.0113,1.0315,0.2188,0.0541,1.0000,-0.2036,0.0105,1.0321,-0.2812,0.0541,1.0000,-0.0715,-0.4574,1.0313,-0.0312,-0.3789,1.0000,0.0269,0.4191,1.0314,-0.0312,0.4871,1.0000,0.4641,-0.4685,1.0306,0.4688,-0.3789,1.0000,-0.6150,-0.4096,1.0310,-0.5312,-0.3789,1.0000,0.6666,-0.0178,1.0307,0.7188,0.0541,1.0000,-0.5913,0.4229,1.0310,-0.5312,0.4871,1.0000
486,0.1581,-0.0111,1.0316,0.2188,0.0541,1.0000,-0.2037,0.0101,1.0320,-0.2812,0.0541,1.0000,-0.0720,-0.4571,1.0312,-0.0312,-0.3789,1.0000,0.0264,0.4187,1.0313,-0.0312,0.4871,1.0000,0.4635,-0.4685,1.0306,0.4688,-0.3789,1.0000,-0.6152,-0.4091,1.0309,-0.5312,-0.3789,1.0000,0.6662,-0.0175,1.0306,0.7188,0.0541,1.0000,-0.5917,0.4232,1.0311,-0.5312,0.4871,1.0000
487,0.1577,-0.0109,1.0316,0.2188,0.0541,1.0000,-0.2038,0.0096,1.0319,-0.2812,0.0541,1.0000,-0.0724,-0.4569,1.0311,-0.0312,-0.3789,1.0000,0.0260,0.4183,1.0311,-0.0312,0.4871,1.0000,0.4629,-0.4684,1.0308,0.4688,-0.3789,1.0000,-0.6153,-0.4087,1.0309,-0.5312,-0.3789,1.0000,0.6658,-0.0172,1.0307,0.7188,0.0541,1.0000,-0.5921,0.4235,1.0310,-0.5312,0.4871,1.0000
488,0.1574,-0.0107,1.0318,0.2188,0.0541,1.0000,-0.2041,0.0092,1.0319,-0.2812,0.0541,1.0000,-0.0729,-0.4567,1.0311,-0.0312,-0.3789,1.0000,0.0256,0.4179,1.0311,-0.0312,0.4871,1.0000,0.4624,-0.4684,1.0310,0.4688,-0.3789,1.0000,-0.6155,-0.4083,1.0310,-0.5312,-0.3789,1.0000,0.6653,-0.0170,1.0307,0.7188,0.0541,1.0000,-0.5924,0.4237,1.0312,-0.5312,0.4871,1.0000
489,0.1571,-0.0105,1.0318,0.2188,0.0541,1.0000,-0.2042,0.0087,1.0318,-0.2812,0.0541,1.0000,-0.0734,-0.4565,1.0310,-0.0312,-0.3789,1.0000,0.0251,0.4175,1.0310,-0.0312,0.4871,1.0000,0.4618,-0.4684,1.0309,0.4688,-0.3789,1.0000,-0.6157,-0.4079,1.0308,-0.5312,-0.3789,1.0000,0.6648,-0.0167,1.0306,0.7188,0.0541,1.0000,-0.5928,0.4240,1.0313,-0.5312,0.4871,1.0000
490,0.1567,-0.0103,1.0318,0.2188,0.0541,1.0000,-0.2045,0.0082,1.0316,-0.2812,0.0541,1.0000,-0.0739,-0.4562,1.0310,-0.0312,-0.3789,1.0000,0.0246,0.4171,1.0309,-0.0312,0.4871,1.0000,0.4612,-0.4683,1.0309,0.4688,-0.3789,1.0000,-0.6158,-0.4074,1.0306,-0.5312,-0.3789,1.0000,0.6644,-0.0164,1.0307,0.7188,0.0541,1.0000,-0.5931,0.4244,1.0312,-0.5312,0.4871,1.0000
491,0.1564,-0.0101,1.0318,0.2188,0.0541,1.0000,-0.2048,0.0078,1.0316,-0.2812,0.0541,1.0000,-0.0743,-0.4560,1.0311,-0.0312,-0.3789,1.0000,0.0242,0.4168,1.0310,-0.0312,0.4871,1.0000,0.4607,-0.4683,1.0310,0.4688,-0.3789,1.0000,-0.6159,-0.4070,1.0307,-0.5312,-0.3789,1.0000,0.6640,-0.0161,1.0307,0.7188,0.0541,1.0000,-0.5935,0.4247,1.0312,-0.5312,0.4871,1.0000
492,0.1561,-0.0099,1.0319,0.2188,0.0541,1.0000,-0.2051,0.0074,1.0314,-0.2812,0.0541,1.0000,-0.0748,-0.4557,1.0310,-0.0312,-0.3789,1.0000,0.0237,0.4164,1.0311,-0.0312,0.4871,1.0000,0.4601,-0.4683,1.0310,0.4688,-0.3789,1.0000,-0.6161,-0.4065,1.0307,-0.5312,-0.3789,1.0000,0.6635,-0.0157,1.0306,0.7188,0.0541,1.0000,-0.5938,0.4250,1.0312,-0.5312,0.4871,1.0000
493,0.1558,-0.0097,1.0318,0.2188,0.0541,1.0000,-0.2054,0.0069,1.0312,-0.2812,0.0541,1.0000,-0.0753,-0.4554,1.0309,-0.0312,-0.3789,1.0000,0.0232,0.4160,1.0311,-0.0312,0.4871,1.0000,0.4596,-0.4683,1.0309,0.4688,-0.3789,1.0000,-0.6162,-0.4061,1.0306,-0.5312,-0.3789,1.0000,0.6631,-0.0154,1.0305,0.7188,0.0541,1.0000,-0.5942,0.4254,1.0310,-0.5312,0.4871,1.0000
494,0.1555,-0.0094,1.0318,0.2188,0.0541,1.0000,-0.2059,0.0064,1.0311,-0.2812,0.0541,1.0000,-0.0757,-0.4552,1.0310,-0.0312,-0.3789,1.0000,0.0228,0.4157,1.0311,-0.0312,0.4871,1.0000,0.4591,-0.4682,1.0310,0.4688,-0.3789,1.0000,-0.6163,-0.4057,1.0308,-0.5312,-0.3789,1.0000,0.6627,-0.0151,1.0305,0.7188,0.0541,1.0000,-0.5946,0.4257,1.0308,-0.5312,0.4871,1.0000
495,0.1553,-0.0091,1.0318,0.2188,0.0541,1.0000,-0.2063,0.0060,1.0310,-0.2812,0.0541,1.0000,-0.0762,-0.4549,1.0310,-0.0312,-0.3789,1.0000,0.0223,0.4154,1.0312,-0.0312,0.4871,1.0000,0.4585,-0.4681,1.0310,0.4688,-0.3789,1.0000,-0.6164,-0.4052,1.0310,-0.5312,-0.3789,1.0000,0.6622,-0.0147,1.0304,0.7188,0.0541,1.0000,-0.5949,0.4261,1.0308,-0.5312,0.4871,1.0000
496,0.1549,-0.0088,1.0315,0.2188,0.0541,1.0000,-0.2067,0.0055,1.0308,-0.2812,0.0541,1.0000,-0.0766,-0.4547,1.0309,-0.0312,-0.3789,1.0000,0.0218,0.4150,1.0311,-0.0312,0.4871,1.0000,0.4580,-0.4681,1.0309,0.4688,-0.3789,1.0000,-0.6166,-0.4047,1.0309,-0.5312,-0.3789,1.0000,0.6618,-0.0143,1.0302,0.7188,0.0541,1.0000,-0.5953,0.4265,1.0308,-0.5312,0.4871,1.0000
497,0.1547,-0.0084,1.0314,0.2188,0.0541,1.0000,-0.2072,0.0050,1.0306,-0.2812,0.0541,1.0000,-0.0770,-0.4545,1.0310,-0.0312,-0.3789,1.0000,0.0214,0.4146,1.0310,-0.0312,0.4871,1.0000,0.4575,-0.4680,1.0310,0.4688,-0.3789,1.0000,-0.6167,-0.4044,1.0309,-0.5312,-0.3789,1.0000,0.6614,-0.0140,1.0302,0.7188,0.0541,1.0000,-0.5957,0.4269,1.0307,-0.5312,0.4871,1.0000
498,0.1544,-0.0081,1.0313,0.2188,0.0541,1.0000,-0.2076,0.0045,1.0306,-0.2812,0.0541,1.0000,-0.0775,-0.4542,1.0311,-0.0312,-0.3789,1.0000,0.0210,0.4144,1.0311,-0.0312,0.4871,1.0000,0.4570,-0.4679,1.0310,0.4688,-0.3789,1.0000,-0.6167,-0.4039,1.0310,-0.5312,-0.3789,1.0000,0.6610,-0.0136,1.0303,0.7188,0.0541,1.0000,-0.5961,0.4272,1.0308,-0.5312,0.4871,1.0000
499,0.1540,-0.0077,1.0311,0.2188,0.0541,1.0000,-0.2080,0.0040,1.0304,-0.2812,0.0541,1.0000,-0.0779,-0.4540,1.0310,-0.0312,-0.3789,1.0000,0.0205,0.4140,1.0311,-0.0312,0.4871,1.0000,0.4564,-0.4678,1.0308,0.4688,-0.3789,1.0000,-0.6169,-0.4034,1.0308,-0.5312,-0.3789,1.0000,0.6605,-0.0133,1.0304,0.7188,0.0541,1.0000,-0.5964,0.4277,1.0309,-0.5312,0.4871,1.0000
